patient_id,admission_date,discharge_date,status,elapsed_s,step1_icd10,step1_diagnosis_name,step1_icd10_name,step1_confidence,step1_dpc6,step1_dpc6_name,step1_evidence,step2_digit7,step2_digit7_condition,step2_digit7_reasoning,step2_digit7_evidence,step3_digit8,step3_digit8_condition,step3_digit8_reasoning,step3_digit8_evidence,step4_surgery,step4_surgery_reasoning,step4_matched_k_codes,step5_procedure1,step5_procedure1_reasoning,step6_procedure2,step6_procedure2_reasoning,step7_comorbidity,step7_comorbidity_reasoning,step7_comorbidity_evidence,step8_severity,step8_severity_reasoning,step8_severity_evidence,dpc14,score_periods,score_breakdown,final_total_score,final_decision,final_rejection_reason,tiebreaker_fired,tiebreaker_overridden,tiebreaker_llm_confidence,tiebreaker_base_dpc14,tiebreaker_llm_winner_dpc14,tiebreaker_final_dpc14,tiebreaker_score_threshold,tiebreaker_fire_reason,tiebreaker_llm_reasoning,tiebreaker_llm_error,error
185822,2026-05-25,2026-06-22,ok,176.7,I500,慢性心不全の急性増悪（心アミロイドーシス・僧帽弁狭窄兼閉鎖不全症に伴う）,慢性うっ血性心不全,0.8,050130,心不全,"1. 入院目的: 「感染症、心不全の内科的治療」。救急外来で慢性心不全急性増悪と評価。
2. 主病名: 慢性心不全増悪 → 慢性うっ血性心不全（I500）。
3. 中心治療: 利尿薬調整、酸素投与、心大血管疾患リハビリ、連日のバイタル・NT-proBNPフォロー。
- 入院時CXRで心拡大と両下肺うっ血、NT-proBNP高度上昇、pO2低下があり心不全増悪の客観的所見。
- 入院経過中も倦怠感・起坐呼吸、体重増加に応じて利尿薬再開など、入院全期間で心不全管理が継続。
- 心大血管疾患リハビリ算定（H000）は心不全などを主対象とする加算であり、資源投入の主軸の一つ。
- 心アミロイドーシスや僧帽弁疾患は基礎病態だが、今回最も具体的に治療されたのは心不全増悪そのもの。
- ICD-10としてEF保たれつつうっ血・NT-proBNP高値より、慢性基礎心疾患に伴ううっ血性心不全(I500)が妥当。
- DPC6「050130 心不全」は心不全入院・心リハ・利尿管理と整合し、他DPC6候補より今回の入院像に最も一致する。",x,,分岐なし（xのみ）,,x,,分岐なし（xのみ）,,99,手術なし,,0,トリガーにマッチする処置コードなし,0,"処置等2=0: H000(心大血管疾患リハビリテーション料（１）（１単位）（理学療法士による場合）)[レセ電=180744210, 実施日=2026-05-26;2026-05-27;2026-05-28;2026-05-29;2026-06-03;2026-06-04;2026-06-08;2026-06-09;2026-06-10;2026-06-11;2026-06-12;2026-06-15;2026-06-17;2026-06-18], H000(心大血管疾患リハビリテーション料（１）（１単位）（看護師による場合）)[レセ電=180744510, 実施日=2026-05-30;2026-06-02;2026-06-04;2026-06-06;2026-06-07;2026-06-08;2026-06-09;2026-06-10;2026-06-12;2026-06-14;2026-06-15;2026-06-16;2026-06-17;2026-06-18;2026-06-19;2026-06-20;2026-06-21]",x,副傷病の分岐なし,,0,"branch=0 numeric=0 label=他の病院・診療所の病棟からの転院以外 / かかりつけ診療所から当院救急外来受診となっており、他院病棟からの転院を示す記載はない。 (verifier 不整合あり, best-effort 採用: ['conclusion_label_mismatch'])",[2026-05-25]2026年5月25日友人と外食をしたが…その後動悸、呼吸困難が出現しかかりつけ医へ連絡したら当院への受診を勧められた。; [2026-05-25]かかりつけ医は中村医院…当院への受診を勧められた。; [2026-05-25]70歳以上，緊急入院,050130xx9900x0,"入院期間I:7日/3150点
入院期間II:14日/2242点
入院期間III:60日/1906点","入院日数29日
入院期間I:3150×7日=22050
入院期間II:2242×7日=15694
入院期間III:1906×15日=28590
合計:66334",66334,selected,,false,false,,050130xx9900x0,,050130xx9900x0,1000,同点候補なし,,,
185822,2026-05-25,2026-06-22,ok,176.7,D477,メトトレキサート関連リンパ増殖性疾患（MTX-LPD）,メソトレキセート関連リンパ増殖性疾患,0.75,130140,造血器疾患（その他）,"1. 入院目的: 初期は感染症・心不全目的だが、入院後に発見されたリンパ節腫大・sIL-2R高値を契機に、MTX-LPD疑いの診断・評価が入院の大きな目的となった。
2. 主病名: リンパ腫疑い（MTX-LPD s/o） → メソトレキセート関連リンパ増殖性疾患（D477）。
3. 中心治療: EBUS-TBNAによる縦隔リンパ節生検、BAL、sIL-2Rや腫瘍マーカー、染色体・造血器腫瘍関連検査などの高度検査群、MTX中止とその後の経過観察。
- RAに対しMTX＋ヒュミラ使用中で、縦隔・肺門リンパ節腫大、脾腫、sIL-2R>6000と典型的に薬剤関連リンパ増殖性疾患が疑われた。
- 6/01にEBUS-TBNA(#7)＋BAL施行（D415等）、その後も病理結果待ち・腫瘍内科カンファレンスなど、入院の相当部分をこの評価に費やしている。
- TBNA組織診で「iatrogenic immunodeficiency-associated LPDs suggestive」と報告されており、MTX-LPDとしての病理学的裏付けあり。
- MTX中止という治療介入も行われ、今後の再検査や経過観察の方針が立てられている点からも、単なる incidental finding ではなく資源投入の主対象。
- ICD-10は薬剤関連免疫不全性リンパ増殖性疾患に対応するD477が最も適合し、DPC6「130140 造血器疾患（その他）」はEBUS-TBNAや造血器検査と整合する。",x,,分岐なし（xのみ）,,x,,分岐なし（xのみ）,,xx,パターン xx,,x,処置等1の分岐なし,0,トリガーにマッチする処置コードなし,x,副傷病の分岐なし,,x,重症度の分岐なし (全 x),,130140xxxxx0xx,,29日 包括対象外,,rejected,包括対象外,,,,,,,,,,,
185822,2026-05-25,2026-06-22,ok,176.7,M0580,関節リウマチ（生物学的製剤・メトトレキサート治療中）,血清反応陽性関節リウマチ・合併症なし,0.6,070470,関節リウマチ,"1. 入院目的: 当初はRA自体が入院目的ではないが、RAの治療歴（MTX＋ヒュミラ）がPCP疑い・MTX-LPD疑いなど本入院の中心病態の背景として重要。
2. 主病名: 関節リウマチ → 血清反応陽性関節リウマチ・合併症なし（M0580）とするのが包括的。
3. 中心治療: 既存免疫抑制療法（MTX・ヒュミラ）の中止や今後のRA治療戦略の見直し、PCP予防投与評価など、RA治療全体のマネジメントに相当な検討・カンファレンスが費やされている。
- RAに対する生物学的製剤・MTX治療がなければ、PCP疑いもMTX-LPD疑いも生じず、今回の長期入院は存在しなかったと考えられ、基礎疾患としての寄与が大きい。
- MTX-LPDやPCP定着の診断は、いずれもRA治療薬に起因する免疫状態を前提に行われており、そのマネジメントが入院の重要テーマ。
- 入院中にMTX中止が決定され、RAの今後の治療方針（再開薬剤、PCP予防など）の検討が必要とされている点で、RAという慢性疾患自体に対する長期的な医療資源投入も考慮される。
- ICD-10として具体的な関節部位の記載がなく、代表的なRAコードとしてM0580が最も中立的。DPC6「070470 関節リウマチ」はRAを主病名とした入院でも利用されうる。
- ただし本入院中にRAコントロール目的の手術・集中的治療は行われていないため、心不全・MTX-LPD候補よりも主病名としての優先度はやや下がる。",x,,分岐なし（xのみ）,,x,,分岐なし（xのみ）,,99,手術なし,,x,処置等1の分岐なし,0,トリガーにマッチする処置コードなし,x,副傷病の分岐なし,,x,重症度の分岐なし (全 x),,070470xx99x0xx,"入院期間I:7日/3062点
入院期間II:13日/2172点
入院期間III:30日/1846点","入院日数29日
入院期間I:3062×7日=21434
入院期間II:2172×6日=13032
入院期間III:1846×16日=29536
合計:64002",64002,rejected,点数が低い (差 2332),,,,,,,,,,,
185822,2026-05-25,2026-06-22,ok,176.7,B59,非HIVニューモシスチス肺炎疑い（後に定着と判断）,ニューモシスチス肺炎,0.55,040080,肺炎等,"1. 入院目的: 初期は「感染症、心不全の内科的治療」。入院後、発熱持続と両側すりガラス影・βDグルカン・KL-6上昇からPCP疑いが前面に出てきた。
2. 主病名: ニューモシスチス肺炎疑い → ニューモシスチス肺炎（B59）をカテゴリ代表として採用（疑い・定着判断前後を包括）。
3. 中心治療: セフトリアキソンからの抗菌薬治療、ST合剤（バクトラミン）予防dose内服開始と継続、PCP-PCR・βDグルカン・KL-6測定、BALでのPCP-PCR提出など、PCP評価・治療に相応の資源が投入されている。
- 非HIVの免疫抑制宿主（MTX＋ヒュミラ）におけるPCP疑いとして、呼吸器内科紹介、BAL、PCR検査など高次検査が実施されている。
- PCP-PCR陽性・βDグルカン軽度高値、両側すりガラス影という所見に対し、ST合剤予防投与が行われ、CTフォローまで継続して評価。
- 最終的には臨床経過良好・陰影改善から「定着」と判断されST中止となるが、その結論に至るまでに多くの検査・治療資源が費やされているため、DPC上は肺炎(040080)系候補も保持してよい。
- ICD-10としてはPCPの代表コードB59を用い、疑い〜定着評価の一連の資源投入を反映させる。",0,病態等分類（年齢・肺炎種別）,年齢不明、デフォルト分岐 '0' を使用,,x,,分岐なし（xのみ）,,99,手術なし,,x,処置等1の分岐なし,0,トリガーにマッチする処置コードなし,x,副傷病の分岐なし,,x,重症度の分岐なし (全 x),,0400800x99x0xx,"入院期間I:7日/3424点
入院期間II:15日/2308点
入院期間III:60日/1961点","入院日数29日
入院期間I:3424×7日=23968
入院期間II:2308×8日=18464
入院期間III:1961×14日=27454
合計:69886",69886,rejected,上位候補に劣る,,,,,,,,,,,
185822,2026-05-25,2026-06-22,ok,176.7,N184,慢性腎臓病ステージG4（CKD G4）,慢性腎臓病ステージＧ４,0.5,110280,慢性腎炎症候群・慢性間質性腎炎・慢性腎不全,"1. 入院目的: 入院初診で「CKD増悪」「慢性腎臓病 G4」と明記され、心不全や薬剤投与の背景として重要視されている。
2. 主病名: 慢性腎臓病G4 → 慢性腎臓病ステージG4（N184）。
3. 中心治療: 腎機能悪化に注意した薬剤選択（造影や抗菌薬・ST合剤量の配慮）、利尿薬調整、複数回の腎機能検査フォロー、PCP・腫瘍診断に伴う造影CTなど腎リスク評価。
- 入院時eGFR 27程度でCKD G4とされ、BUN/Crは高値を維持。入院中も腎機能フォローが繰り返されている。
- PCP疑いに対するST合剤投与や造影CT、腫瘍関連薬剤投与など、腎予備能が限られた状態での治療戦略に大きく影響しており、全治療計画の制約要因として継続的に管理された。
- DPC的には心不全や造血器疾患ほどの直接資源投入はないが、検査コードD007群での腎機能モニタリングが頻回であり、慢性腎不全系DPC6(110280)へのマッピングも明確。
- したがって、主病名としては副次的だが、心不全・MTX-LPDなど他疾患の治療選択に大きく関与した慢性病態として候補に残す価値がある。",x,,分岐なし（xのみ）,,x,,分岐なし（xのみ）,,99,手術なし,,0,トリガーにマッチする処置コードなし,0,トリガーにマッチする処置コードなし,1,副傷病あり（value=1）,"[放射線レポート] J90(胸水，他に分類されないもの) 根拠: 6/10胸部CTで「両側胸水貯留あり」と明記され，その後の記録で利尿追加も検討されており，今回入院中に管理対象となった胸水としてJ90に該当すると判断した。 引用: 両肺下葉に淡いすりガラス影が残存していますが、肺野のすりガラス影は前回より改善しています。
両側胸水貯留があります。; 6/10　フォローCT
両側すりガラス状陰影は改善傾向、縦隔肺門リンパ節は軽度増大か。
SOAP_P:・両側胸水を認めており、利尿追加の余地があれば検討いただく。 判断: 胸部CTで新規に両側胸水貯留とされ利尿調整も検討されており，原因疾患の明示がないため他に分類されない胸水（J90）の副傷病と判断。",x,重症度の分岐なし (全 x),,110280xx99001x,"入院期間I:7日/3037点
入院期間II:14日/2170点
入院期間III:60日/1845点","入院日数29日
入院期間I:3037×7日=21259
入院期間II:2170×7日=15190
入院期間III:1845×15日=27675
合計:64124",64124,rejected,点数が低い (差 2210),,,,,,,,,,,
224181,2026-06-17,2026-06-20,ok,163.2,I256,無症候性心筋虚血に対する右冠動脈高度狭窄,無症候性心筋虚血,0.9,050050,狭心症、慢性虚血性心疾患,"1. 入院目的: 「PCI for RCA」「今回はRCAへのPCI目的に入院」と明記され、症状はなく検査で判明した虚血に対する治療目的入院。
2. 主病名: カルテ診断名「無症候性心筋虚血」→ ICD-10「I256 無症候性心筋虚血」と整合。
3. 中心治療: K549 経皮的冠動脈ステント留置術（RCA#1→Onyx Frontier 4.0*30）と周術期管理が本入院最大の資源投入。
4. RCA高度狭窄を背景とする無症候性虚血に対し、選択的PCI実施で血管内治療・カテ室利用・モニタリングなど医療資源集中。
5. search結果でI256はDPC6「050050 狭心症、慢性虚血性心疾患」に属し、同DPC6にK5493などPCI関連Kコードが並び、今回のK549ともカテゴリとして完全整合。
6. 既往のLAD PCIは前回入院であり、今回入院で新たに介入したのはRCA病変であるため、本入院の主たる資源投入疾患として最有力。
7. 透析や慢性心不全は背景として重要だが、本入院で新規に大きな処置が行われたのは冠動脈虚血であり、主傷病候補として妥当。",x,,分岐なし（xのみ）,,x,,分岐なし（xのみ）,,97,その他の手術（2件のKコードが他パターンに非該当）,"K549(経皮的冠動脈ステント留置術（その他のもの）), K546(該当する病変（経皮的冠動脈ステント留置術（その他のもの））：イ　心臓カテーテル法における９０％以上の狭窄病変)",x,処置等1の分岐なし,0,トリガーにマッチする処置コードなし,x,副傷病の分岐なし,,x,重症度の分岐なし (全 x),,050050xx97x0xx,"入院期間I:3日/4085点
入院期間II:7日/2612点
入院期間III:30日/2220点","入院日数4日
入院期間I:4085×3日=12255
入院期間II:2612×1日=2612
合計:14867",14867,selected,,false,false,,050050xx97x0xx,,050050xx97x0xx,1000,同点候補なし,,,
224181,2026-06-17,2026-06-20,ok,163.2,N185,慢性腎臓病ステージG5D（維持透析中）,慢性腎臓病ステージＧ５Ｄ,0.8,110280,慢性腎炎症候群・慢性間質性腎炎・慢性腎不全,"1. 入院目的: 主目的はRCA PCIだが、紹介元で月水金の維持透析中であり、本入院中も透析（HD）が計画・実施されている。
2. 主病名: カルテ診断「慢性腎臓病（G5D，月水金）」はeGFR 8程度で維持透析中の末期腎不全に相当し、「N185 慢性腎臓病ステージG5D」が該当。
3. 中心治療: J038 人工腎臓、透析液水質加算、腎代替療法体制加算など複数の透析関連Jコードが本入院中に算定されており、人的・時間的資源投入が大きい。
4. PCI周術期リスク管理上も、末期腎不全・透析スケジュール調整が必要であり、入院中に継続管理された主要病態。
5. search結果でN185/N185(ステージG5D)はいずれもDPC6「110280 慢性腎炎症候群・慢性腎不全」に属し、透析関連K/Jコードを包含する腎不全DPCと整合。
6. 本入院での血液検査ではCr 6前後・eGFR 8前後であり、透析依存状態が継続していることが確認される。
7. PCIそのものより透析管理に多くの時間的資源がかかる施設もあり、本疾患も最資源投入病名となりうるため独立候補として保持。",x,,分岐なし（xのみ）,,x,,分岐なし（xのみ）,,97,その他の手術（2件のKコードが他パターンに非該当）,"K549(経皮的冠動脈ステント留置術（その他のもの）), K546(該当する病変（経皮的冠動脈ステント留置術（その他のもの））：イ　心臓カテーテル法における９０％以上の狭窄病変)",x,処置等1の分岐なし,0,トリガーにマッチする処置コードなし,0,副傷病なし（AI/EF探索で該当なし）,,x,重症度の分岐なし (全 x),,110280xx97x00x,"入院期間I:6日/3004点
入院期間II:11日/2131点
入院期間III:30日/1811点","入院日数4日
入院期間I:3004×4日=12016
合計:12016",12016,rejected,点数が低い (差 2851),,,,,,,,,,,
224181,2026-06-17,2026-06-20,ok,163.2,I509,慢性心不全（虚血性心筋症による軽度低左心機能）,慢性心不全,0.6,050130,心不全,"1. 入院目的: 主目的はPCIだが、既往歴に「慢性心不全（Stage B，LVEF 42%）」があり、虚血性心筋症背景の低左心機能として全経過で考慮されている。
2. 主病名: カルテに明確に「慢性心不全（Stage：B，LVEF：42%）」と診断記載があり、症状は安定しているが心筋症・虚血を背景とする慢性心不全としてI509が妥当。
3. 中心治療: 本入院中もロサルタン、カルベジロール、ニフェジピン等の心不全・高血圧治療薬を継続し、心エコー・心電図・モニタリング（D215,TTE; D208,ECG; D220,モニタ）が行われ、周術期も心不全悪化予防管理の対象。
4. search結果でI509はDPC6「050130 心不全」に対応し、このDPCでもPCI関連Kコード（K5493など）を多数含んでおり、冠疾患PCIと同一エピソード内で主病名として扱いうる構造。
5. 心不全自体が入院主目的ではないが、慢性心不全を背景とした虚血精査・治療の文脈が強く、本疾患も入院全体の治療戦略に大きく関わるため候補として保持する価値がある。
6. 他候補（I256）とは、標的が病変部位の虚血そのものか、左室機能低下という心不全病態かの違いであり、施設運用によっては心不全を主傷病に選択する余地もある。",x,,分岐なし（xのみ）,,x,,分岐なし（xのみ）,,97,その他の手術（2件のKコードが他パターンに非該当）,"K549(経皮的冠動脈ステント留置術（その他のもの）), K546(該当する病変（経皮的冠動脈ステント留置術（その他のもの））：イ　心臓カテーテル法における９０％以上の狭窄病変)",0,トリガーにマッチする処置コードなし,0,トリガーにマッチする処置コードなし,0,副傷病なし（AI/EF探索で該当なし）,,x,重症度の分岐なし (全 x),,050130xx97000x,"入院期間I:9日/3140点
入院期間II:18日/2264点
入院期間III:60日/1924点","入院日数4日
入院期間I:3140×4日=12560
合計:12560",12560,rejected,点数が低い (差 2307),,,,,,,,,,,
224181,2026-06-17,2026-06-20,ok,163.2,I219,術後心筋梗塞／PCI関連心筋障害（PMI相当）,急性心筋梗塞,0.55,050030,急性心筋梗塞（続発性合併症を含む。）、再発性心筋梗塞,"1. 入院目的: RCA PCI目的入院後、CK・CK-MB・トロポニンIが著明上昇し、「＃PMI」「側枝1本閉塞（TIMI1）」と記載され、術後の心筋障害（周術期心筋梗塞疑い）に対する評価・退院延期が行われた。
2. 主病名: カルテ診断として「＃PMI」とのみ表現されているが、CK-MB高値・トロポニン著明上昇・側枝閉塞所見から周術期急性心筋梗塞/心筋障害に相当し、包括的にはI219（急性心筋梗塞, 部位詳細不明）が最も近いカテゴリ。
3. 中心治療: 心エコー・ECG再検、連日のCK/CK-MB/トロポニンI採血、退院延期決定など、術後合併症評価と経過観察に追加の医療資源が投入されている。
4. search結果でI219はDPC6「050030 急性心筋梗塞（続発性合併症を含む。）」に属し、同DPCにPCI関連Kコード（K546x,K549xなど）が含まれ、今回の経皮的治療後PMIとしての扱いとも整合。
5. 患者は終始無症候だが、DPC上はバイオマーカー・造影所見に基づく急性心筋梗塞やPCI関連MIがこのカテゴリーに含まれ得るため、一部のコーディング方針では本イベントを主病名とする可能性あり。
6. 一方で、主目的疾患（I256）や基礎腎不全と比較すると入院期間の占める割合は小さく、また医師記載も「PMI」と短記のみで診断確定度にやや不確実性があるため、confidenceはやや低めに設定。",x,,分岐なし（xのみ）,,x,,分岐なし（xのみ）,,97,その他の手術（2件のKコードが他パターンに非該当）,"K549(経皮的冠動脈ステント留置術（その他のもの）), K546(該当する病変（経皮的冠動脈ステント留置術（その他のもの））：イ　心臓カテーテル法における９０％以上の狭窄病変)",x,処置等1の分岐なし,0,トリガーにマッチする処置コードなし,x,副傷病の分岐なし,,x,重症度の分岐なし (全 x),,050030xx97x0xx,"入院期間I:3日/4151点
入院期間II:12日/2457点
入院期間III:60日/2088点","入院日数4日
入院期間I:4151×3日=12453
入院期間II:2457×1日=2457
合計:14910",14910,rejected,上位候補に劣る,,,,,,,,,,,
224181,2026-06-17,2026-06-20,ok,163.2,E11.9,２型糖尿病（合併症の明記なし）,２型糖尿病,0.45,10007x,２型糖尿病（糖尿病性ケトアシドーシスを除く。）,"1. 入院目的: 直接の入院目的ではないが、インスリン（ルムジェブ/トレシーバ）やGLP-1（オゼンピック）など集中的糖尿病治療が継続され、周術期も血糖管理が必要な背景疾患。
2. 主病名: カルテ診断「＃2型糖尿病」とのみ記載され、急性合併症や慢性合併症の具体的記載はなく、ICD-10としてはE11の下位分類のうち合併症記載がないためE11.9（詳細不明/合併症なし）が最も無難。
3. 中心治療: インスリン持続投与・注射指導、周術期の血糖モニタや採血検査（D007群の血糖・生化学）、PCI/透析時の血糖コントロールなど、入院期間中も継続的な管理対象。
4. search結果でE11はDPC6「10007x ２型糖尿病（糖尿病性ケトアシドーシスを除く。）」に対応し、今回のような周術期血糖管理中心の入院に整合。
5. 腎不全（N185）や虚血性心疾患（I256）と比較すると、本入院に特有の追加資源投入は相対的に小さいが、インスリン強化療法や周術期管理を要することから、施設により糖尿病を最資源投入病名とみなす可能性もわずかにあるため、補助候補として保持。",x,,分岐なし（xのみ）,,x,,分岐なし（xのみ）,,xx,パターン xx,,x,処置等1の分岐なし,1,"処置等2=1: 0169(インスリン製剤（注射薬に限る。）), (トレシーバ注　フレックスタッチ　３００単位)[レセ電=622198901, 実施日=2026-06-19]",x,副傷病の分岐なし,,x,重症度の分岐なし (全 x),,10007xxxxxx1xx,"入院期間I:6日/2871点
入院期間II:12日/2037点
入院期間III:30日/1731点","入院日数4日
入院期間I:2871×4日=11484
合計:11484",11484,rejected,点数が低い (差 3383),,,,,,,,,,,
450255,2026-06-26,2026-07-30,ok,114.1,I501,左室駆出率保たれた慢性心不全による浮腫増悪,左室駆出率の保たれた心不全,0.8,050130,心不全,"1. 入院目的: 「浮腫に対する治療」「心不全増悪の疑いで当院紹介」と記載され、心不全管理目的の入院。
2. 主病名: カルテ上は「慢性心不全（EF 60%）」「低Alb血症を背景とした心不全症例」とされ、EF保たれ型心不全としてI501が妥当。
3. 中心治療: ラシックス静注、トルバプタン内服、アルブミン投与、酸素、心大血管疾患リハビリ、連日の検査・モニタリングなど心不全管理に集中的資源投入。
4. 浮腫・体重減少（56.2→52.0kg）や胸水所見などうっ血所見の改善を目標に利尿薬調整が継続されており、入院全期間の治療中心。
5. 低Albや老衰は背景と明記され、主要治療ターゲットは心不全と評価されている。
6. ICD-10選択: EF保たれ・慢性経過かつうっ血所見より「左室駆出率の保たれた心不全（I501）」が最も臨床像に合致。
7. DPC6マッピング: I501→050130「心不全」となり、酸素、心エコー、心大血管リハ、利尿薬調整など本入院の資源投入内容と整合する。",x,,分岐なし（xのみ）,,x,,分岐なし（xのみ）,,99,手術なし,,0,トリガーにマッチする処置コードなし,0,"処置等2=0: H000(心大血管疾患リハビリテーション料（１）（１単位）（理学療法士による場合）)[レセ電=180744210, 実施日=2026-06-27;2026-06-29;2026-06-30;2026-07-01;2026-07-02;2026-07-03;2026-07-05;2026-07-06;2026-07-07;2026-07-08;2026-07-09;2026-07-10;2026-07-13;2026-07-14;2026-07-15;2026-07-16;2026-07-17;2026-07-20;2026-07-21;2026-07-22;2026-07-23;2026-07-24;2026-07-27;2026-07-28;2026-07-29], H000(心大血管疾患リハビリテーション料（１）（１単位）（集団療法による場合）)[レセ電=180744610, 実施日=2026-07-06;2026-07-13;2026-07-27]",x,副傷病の分岐なし,,0,"branch=0 numeric=0 label=他の病院・診療所の病棟からの転院以外 / 近医受診後に循環器内科へ外来紹介され当院入院であり、他院病棟からの転院とは読み取れない。 (verifier 不整合あり, best-effort 採用: ['conclusion_label_mismatch'])",[2026-06-26]同年6月中旬頃より下腿浮腫が増悪していたことから、近医受診され、薬剤調整されたが、改善なく、近医循環器内科紹介となり、心不全増悪の疑いで当院紹介となった。,050130xx9900x0,"入院期間I:7日/3150点
入院期間II:14日/2242点
入院期間III:60日/1906点","入院日数35日
入院期間I:3150×7日=22050
入院期間II:2242×7日=15694
入院期間III:1906×21日=40026
合計:77770",77770,selected,,false,false,,050130xx9900x0,,050130xx9900x0,1000,同点候補なし,,,
450255,2026-06-26,2026-07-30,ok,114.1,E880,低アルブミン血症,低アルブミン血症,0.7,100335,代謝障害（その他）,"1. 入院目的: 浮腫治療とともに「低アルブミン血症」が入院時診断#1として掲げられている。
2. 主病名: SOAPで繰り返し「低Alb血症を背景とした心不全症例」「低Alb血症が一番の問題」と記載され、アルブミン低下が病態の中心因子として強調。
3. 中心治療: アルブミン製剤投与（Alb投与）と利尿薬を組み合わせた治療が継続され、浮腫・BUN上昇などを見ながら薬剤調整を実施。
4. 心不全単独では利尿が得られにくく、低Alb是正が治療戦略の重要な柱となっており、点滴・検査などの資源の一部は低Alb是正に向けられている。
5. ICD-10選択: 明記された診断名に対応するE880「低アルブミン血症」が妥当で、他の蛋白異常や栄養障害コードより直接的。
6. DPC6マッピング: E880→100335「代謝障害（その他）」で、Alb投与や各種検査を伴う全身管理の文脈と矛盾しないが、心不全DPCとのどちらが主かは後段で検討されうる。",x,,分岐なし（xのみ）,,x,,分岐なし（xのみ）,,99,手術なし,,x,処置等1の分岐なし,0,トリガーにマッチする処置コードなし,0,トリガーに該当する副傷病なし,,x,重症度の分岐なし (全 x),,100335xx99x00x,"入院期間I:3日/3274点
入院期間II:8日/2311点
入院期間III:30日/1964点","入院日数35日
入院期間I:3274×3日=9822
入院期間II:2311×5日=11555
入院期間III:1964×22日=43208
合計:64585",64585,rejected,点数が低い (差 13185),,,,,,,,,,,
450255,2026-06-26,2026-07-30,ok,114.1,N184,慢性腎臓病ステージG4,慢性腎臓病ステージＧ４,0.55,110280,慢性腎炎症候群・慢性間質性腎炎・慢性腎不全,"1. 入院目的: 浮腫・心不全増悪疑いでの入院だが、入院前から「慢性腎臓病G4」が既知であり、心不全治療の制約要因として重要。
2. 主病名: 診断名#6に「慢性腎臓病G4」と明記され、SOAPでも腎機能悪化とその後の横ばいがモニターされている。
3. 中心治療: 利尿薬調整中にBUN上昇や腎機能悪化を踏まえた投与量調整、頻回の腎関連血液検査が行われており、心不全加療と一体で多くの検査資源が投入。
4. CKD G4は心不全治療の難治化因子であり、利尿薬・輸液・Alb投与など全体のマネジメントに大きく影響しているため、今回入院でも継続的管理対象となっている。
5. ICD-10選択: ステージ明記があるため一般的CKDコードよりN184「慢性腎臓病ステージG4」を選択。
6. DPC6マッピング: N184→110280「慢性腎炎症候群・慢性間質性腎炎・慢性腎不全」であり、腎不全管理を中心とした資源投入が大きければ主候補となりうるが、本症例では心不全と競合する位置づけ。",x,,分岐なし（xのみ）,,x,,分岐なし（xのみ）,,99,手術なし,,0,トリガーにマッチする処置コードなし,0,トリガーにマッチする処置コードなし,1,副傷病あり（value=1）,"[カルテ記事] J90(胸水，他に分類されないもの) 根拠: TTE所見で「両側胸水あり。B-line陰性」と記載され、心不全管理の一環として利尿薬調整が行われている。 引用: ■TTE
EF 67%
左室：収縮良好。
　内腔狭く、中部と流出路で流速亢進あり。
　中部 2.2m/s、流出路 1.7m/s
左房：拡大なし。
有意な弁逆流なし。
両側胸水あり。B-line陰性; ■TTE
EF 67%
左室：収縮良好。
　内腔狭く、中部と流出路で流速亢進あり。
　中部 2.2m/s、流出路 1.7m/s
左房：拡大なし。
有意な弁逆流なし。
両側胸水あり。B-line陰性 判断: TTEで両側胸水と葉間胸水が明記され、利尿薬調整など心不全治療の目標となっており管理に影響している。",x,重症度の分岐なし (全 x),,110280xx99001x,"入院期間I:7日/3037点
入院期間II:14日/2170点
入院期間III:60日/1845点","入院日数35日
入院期間I:3037×7日=21259
入院期間II:2170×7日=15190
入院期間III:1845×21日=38745
合計:75194",75194,rejected,点数が低い (差 2576),,,,,,,,,,,
450255,2026-06-26,2026-07-30,ok,114.1,J690,誤嚥性肺炎（既往に基づく嚥下機能低下の背景疾患）,誤嚥性肺炎,0.45,040081,誤嚥性肺炎,"1. 入院目的: 今回は心不全・浮腫目的だが、2026年2月入院時に「入院中に繰り返し誤嚥性肺炎を認めた」経緯があり、嚥下機能低下・摂食機能療法の背景となっている。
2. 主病名: 現在進行中の肺炎ではないが、「嚥下機能低下」や摂食機能療法（H004）の根底に誤嚥性肺炎の既往があると明記され、嚥下管理という資源投入の理由疾患として重要。
3. 中心治療: 今回入院中に摂食機能療法（H004）が実施されており、嚥下障害の原因としての誤嚥性肺炎既往に関連した多職種介入が行われている。
4. ICD-10選択: 誤嚥性肺炎そのもの（J690）が既往として明記されており、嚥下障害のみのコードより病態を直接示す。
5. DPC6マッピング: J690→040081「誤嚥性肺炎」で、摂食機能療法は直接のDPC必須Kではないが、誤嚥性肺炎後の嚥下訓練という入院中資源投入の根拠疾患として候補に残す。",x,,分岐なし（xのみ）,,x,,分岐なし（xのみ）,,99,手術なし,,x,処置等1の分岐なし,0,トリガーにマッチする処置コードなし,x,副傷病の分岐なし,,x,重症度の分岐なし (全 x),,040081xx99x0xx,"入院期間I:9日/3320点
入院期間II:17日/2169点
入院期間III:60日/1844点","入院日数35日
入院期間I:3320×9日=29880
入院期間II:2169×8日=17352
入院期間III:1844×18日=33192
合計:80424",80424,rejected,上位候補に劣る,,,,,,,,,,,
450255,2026-06-26,2026-07-30,ok,114.1,I693,陳旧性ラクナ梗塞,陳旧性ラクナ梗塞,0.4,010069,脳卒中の続発症,"1. 入院目的: 過去に「陳旧性脳梗塞（ラクナ梗塞）」でフォローされていた患者であり、その後のADL低下・嚥下機能低下・認知症など今回入院時の全身状態悪化の基盤となっている。
2. 主病名: 診断名#5として「陳旧性脳梗塞（ラクナ梗塞）」が明記され、救急外来記録にも同様に列挙されている。
3. 中心治療: 直接的な急性期脳卒中治療は本入院では行われていないが、認知症管理やリハビリ総合計画（H003）、心リハ参加など、全身ADL維持のためのリハ資源投入の背景疾患として位置づく。
4. ICD-10選択: 陳旧性かつラクナと明記されているためI693「陳旧性脳梗塞」が適切。
5. DPC6マッピング: I693→010069「脳卒中の続発症」で、今回の主目的ではないが、長期的な機能障害とリハビリ需要の主要原因であり、全入院にわたるリソース消費の一因として補助候補に含める。",x,,分岐なし（xのみ）,,x,,分岐なし（xのみ）,,99,手術なし,,0,トリガーにマッチする処置コードなし,0,トリガーにマッチする処置コードなし,0,トリガーに該当する副傷病なし,,x,重症度の分岐なし (全 x),,010069xx99000x,"入院期間I:3日/3194点
入院期間II:8日/2050点
入院期間III:30日/1742点","入院日数35日
入院期間I:3194×3日=9582
入院期間II:2050×5日=10250
入院期間III:1742×22日=38324
合計:58156",58156,rejected,点数が低い (差 19614),,,,,,,,,,,
507535,2026-06-29,2026-07-03,ok,106.7,I48.9,心房細動／心房頻拍に対する心房細動アブレーション施行例,心房細動,0.9,050070,頻脈性不整脈,"1. 入院目的: 「心房細動に対するカテーテルアブレーション」と明記され、今回入院はAf ablation目的の短期入院。
2. 主病名: カルテ上「PAF/PAT, 心房細動/心房頻拍」とされ、詳細な持続性/発作性の最終整理はなく、包括的にI48.9（心房細動）を選択。
3. 中心治療: K595 経皮的カテーテル心筋焼灼術（心房アブレーション）、全身管理（麻酔L007、心電図・心拍監視D220等）。
- K595は頻脈性不整脈（DPC6:050070）の必須Kコード群に含まれており、心房細動/心房頻拍に対するアブレーションと整合。
- 入院中の主要な医療資源（手術室利用、深鎮静、侵襲的カテーテル治療、トロポニン測定など）はすべて心房細動の治療に紐づく。
- 慢性心不全や弁膜症は今回入院時には代償期であり、薬物調整・フォロー中心で侵襲的治療なし。今回の最資源投入は不整脈治療に集中している。
- I48.0（発作性）よりも、前回入院中はAf持続と記載されておりPAF/PATが混在しているため、より包括的なI48.9を主コード候補として保持した。",x,,分岐なし（xのみ）,,x,,分岐なし（xのみ）,,97,その他の手術（1件のKコードが他パターンに非該当）,K595(経皮的カテーテル心筋焼灼術（心房中隔穿刺又は心外膜アプローチを伴うもの）),0,トリガーにマッチする処置コードなし,0,トリガーにマッチする処置コードなし,x,副傷病の分岐なし,,x,重症度の分岐なし (全 x),,050070xx9700xx,"入院期間I:5日/3160点
入院期間II:9日/2242点
入院期間III:30日/1905点","入院日数5日
入院期間I:3160×5日=15800
合計:15800",15800,selected,,true,false,0.96,050070xx9700xx,050070xx9700xx,050070xx9700xx,1000,同点候補あり,入院目的は「心房細動に対するカテーテルアブレーション」と明記され、実際にK595アブレーション（カルテ記載：2026/6/30 af ablation）が施行されている。今回入院で最大の医療資源はAf/PATに対するカテーテル治療であり、慢性心不全は既往としてフォローのみで新たな侵襲的治療なし。DPC原則上も手術ターゲットである頻脈性不整脈（候補0）を主病名とするのが妥当。,,
507535,2026-06-29,2026-07-03,ok,106.7,I50.0,慢性心不全（HFrEF）,慢性うっ血性心不全,0.65,050130,心不全,"1. 入院目的: 直接の目的はAfアブレーションだが、その背景としてHFrEFに対する心機能改善戦略の一環（リズムコントロール）があると記載されている。
2. 主病名: 「慢性心不全(HFrEF)」と明記。うっ血性心不全の既往があり、心不全入院歴あり。ICD-10はI50.0（慢性うっ血性心不全）が適合。
3. 中心治療: 今回入院中も心不全薬（β遮断薬、ACE阻害薬、MRA）調整と体重フォローなど慢性心不全管理に医療資源が継続投入されている。
- 前回入院ではvolume overloadに対する心不全治療に多大な資源が使われており、その後も継続管理が必要なHFrEFとしての慢性疾患である。
- DPC6:050130（心不全）は心不全に対する各種心血管手術・デバイス・カテーテル治療を含み、今回のK595もこのDPC群の手術コードとして登録されており、Afアブレーションが心不全管理の一環とみなされる可能性がある。
- 今回入院ではAf自体が主標的だが、臨床的ストーリーとしては「HFrEFに合併したAf/PATの管理」であり、心不全を原疾患と見なして最資源投入病名とする運用もあり得るため候補に残す。",x,,分岐なし（xのみ）,,x,,分岐なし（xのみ）,,97,その他の手術（1件のKコードが他パターンに非該当）,K595(経皮的カテーテル心筋焼灼術（心房中隔穿刺又は心外膜アプローチを伴うもの）),0,トリガーにマッチする処置コードなし,0,トリガーにマッチする処置コードなし,0,副傷病なし（AI/EF探索で該当なし）,,x,重症度の分岐なし (全 x),,050130xx97000x,"入院期間I:9日/3140点
入院期間II:18日/2264点
入院期間III:60日/1924点","入院日数5日
入院期間I:3140×5日=15700
合計:15700",15700,rejected,点数が低い (差 100),,,,,,,,,,,
507535,2026-06-29,2026-07-03,ok,106.7,I34.0,"僧帽弁閉鎖不全症（dynamic MR, 現在mild）",僧帽弁閉鎖不全症,0.45,050080,弁膜症（連合弁膜症を含む。）,"1. 入院目的: 当初はsevere MRに対するM-TEERを検討する経過があり、弁膜症治療方針の中でAfアブレーションに先に介入する戦略へ変更されている。
2. 主病名: 「dynamic MR, severe MR（入院時）→mild MR」と明記され、基礎の器質的/機能的僧帽弁閉鎖不全症が心不全の一因となっている。ICD-10は非リウマチ性僧帽弁閉鎖不全症I34.0が妥当。
3. 中心治療: 今回入院中にはMR自体への外科的/経カテーテル治療は行われていないが、前回入院ではM-TEER術前精査など弁膜症評価に一定の資源が投入されている。
- MRの改善によりM-TEERは中止され、結果として今回入院ではAfアブレーションが優先されたが、弁膜症が全経過の重要な背景であり、DPC上は弁膜症群（050080）での扱いも検討され得る。
- ただし今回入院エピソード単体で見るとMRへの直接の侵襲的介入はなく、医療資源集中度は不整脈候補より劣るため、補助的候補としてconfidence/primary_likelihoodを低めに設定。",x,,分岐なし（xのみ）,,x,,分岐なし（xのみ）,,97,その他の手術（1件のKコードが他パターンに非該当）,K595(経皮的カテーテル心筋焼灼術（心房中隔穿刺又は心外膜アプローチを伴うもの）),x,処置等1の分岐なし,0,トリガーにマッチする処置コードなし,x,副傷病の分岐なし,,x,重症度の分岐なし (全 x),,050080xx97x0xx,"入院期間I:7日/3272点
入院期間II:17日/2331点
入院期間III:60日/1981点","入院日数5日
入院期間I:3272×5日=16360
合計:16360",16360,rejected,上位候補に劣る,,,,,,,,,,,
507535,2026-06-29,2026-07-03,ok,106.7,A41.0,ＭＲＳＡ菌血症（既往）,ＭＲＳＡ菌血症,0.4,180010,敗血症,"1. 入院目的: 今回入院の直接目的ではなく、前回心不全入院中に発症したMRSA菌血症の既往として記録されている。
2. 主病名: 「2026/04/28 血(4/4 MRSA)…04/30 MRSAと判明 VCM単剤に…05/12 VCM終了」と詳細に記載され、敗血症レベルの管理が行われた重症感染症既往であり、ICD-10はA41.0（MRSA菌血症）が適合。
3. 中心治療: 前回入院中にVCM高用量・長期投与、血培フォロー等かなりの医療資源が投入されている。
- 今回入院期間に限ればMRSA菌血症は既に治癒しており、抗菌薬や感染症治療は行われていないが、DPC上は同一長期入院エピソードとして扱われる場合や、感染症側での評価が必要となるケースもあるため、過去の大きな資源投入病態として補助的候補に保持。
- ただし本エピソード（6/29〜7/3）単体では資源投入が行われていないため、心房細動や心不全より主傷病名となる可能性は低く、primary_likelihoodは低めとした。",x,,分岐なし（xのみ）,,x,年齢,年齢 の値を取得できず,,,,,,,,,,,,,,,,,,,,,,,,,,,,,,,
692435,2026-06-02,2026-06-16,ok,88.3,C78.0,多発転移性肺腫瘍（直腸癌肺転移）,転移性肺腫瘍／転移性肺癌,0.9,040040,肺の悪性腫瘍,"1. 入院目的: 直腸癌からの多発転移性肺腫瘍に対するVATS右上葉切除＋右下葉S6部分切除目的の手術入院。
2. 主病名: カルテ上「多発転移性肺腫瘍（右上葉S3、右下葉S6a、左上葉S1+2）」と記載され、病理で直腸癌転移と確定している → 続発性肺悪性腫瘍 C78.0 が最も整合。
3. 中心治療: 胸腔鏡下肺悪性腫瘍手術(肺葉切除＋部分切除) K514-23、全身麻酔L008、術中出血への対応、胸腔ドレーン管理、CTガイド下マーキング、呼吸リハ等、多大な手術・周術期管理資源が本病態に対して投入。
・原疾患の直腸癌は既に前回入院で根治術・補助化学療法済みであり、今回の主要ターゲットは肺転移病変。
・EFのK514-23はDPC6「040040 肺の悪性腫瘍」の手術コード群に含まれ、転移性肺腫瘍C78.0→040040のマッピングと完全に整合。
・入院全期間を通じて術前マーキング、肺葉切除、術後管理、酸素療法・リハビリなどがこの転移性肺腫瘍の切除に付随しており、最も医療資源投入が集中した病態と判断できる。",x,,分岐なし（xのみ）,,x,,分岐なし（xのみ）,,02,パターン 02（必須Kコード 1 マッチ）,K514-23(胸腔鏡下肺悪性腫瘍手術（肺葉切除又は１肺葉を超えるもの）),x,処置等1の分岐なし,4,"処置等2=4: 0046(化学療法ありかつ放射線療法なし), (ピシバニール注射用５ＫＥ)[レセ電=622929401, 実施日=2026-06-08]",x,副傷病の分岐なし,,x,重症度の分岐なし (全 x),,040040xx02x4xx,"入院期間I:6日/3255点
入院期間II:11日/2309点
入院期間III:30日/1963点","入院日数15日
入院期間I:3255×6日=19530
入院期間II:2309×5日=11545
入院期間III:1963×4日=7852
合計:38927",38927,selected,,false,false,,040040xx02x4xx,,040040xx02x4xx,1000,同点候補なし,,,
692435,2026-06-02,2026-06-16,ok,88.3,J98.4,術後肺瘻,肺瘻,0.7,040310,その他の呼吸器の障害,"1. 入院目的: 当初は肺転移切除目的入院だが、術後に持続する肺瘻と肺拡張不良・皮下気腫のため入院期間が延長し、管理の中心となった。
2. 主病名: 経過中「＃術後肺瘻」と繰り返し記載され、air leak持続・右肺拡張不良・皮下気腫に対し吸引圧調整・癒着療法が連日実施されている → 器質的肺瘻としてJ98.4が適合。
3. 中心治療: 持続胸腔ドレナージと吸引圧変更(J002)、50%グルコース注入やOK-432(ピシバニール)による胸膜癒着術、頻回のCXR(E001/E002)、呼吸モニタリング(D220, D223)、酸素療法(J024)、呼吸リハ(H003)など、術後肺瘻に対して相当量の資源が投入。
・肺瘻は肺悪性腫瘍手術の合併症であり、原疾患C78.0と主従関係にあるものの、実際には肺再拡張不良・低酸素血症・皮下気腫などを惹起し入院延長と集中管理の主因となっている。
・ICD-10 J98.4→DPC6「040310 その他の呼吸器の障害」となり、胸腔ドレーン管理J002や呼吸リハH003を含む本症例の処置群とよく整合するため、合併症ベースで最資源投入病名とする運用も理論上可能な有力候補。",x,,分岐なし（xのみ）,,x,,分岐なし（xのみ）,,xx,パターン xx,,x,処置等1の分岐なし,x,処置等2の分岐なし,x,副傷病の分岐なし,,x,重症度の分岐なし (全 x),,040310xxxxxxxx,"入院期間I:4日/3127点
入院期間II:8日/2258点
入院期間III:30日/1920点","入院日数15日
入院期間I:3127×4日=12508
入院期間II:2258×4日=9032
入院期間III:1920×7日=13440
合計:34980",34980,rejected,点数が低い (差 3947),,,,,,,,,,,
692435,2026-06-02,2026-06-16,ok,88.3,D62,術後貧血,術後貧血,0.45,130090,貧血（その他）,"1. 入院目的: 直接の入院目的ではないが、肺悪性腫瘍手術に伴う出血によりHb低下が生じ、以後の入院中に継続的なフォローと薬物治療が行われた。
2. 主病名: 経過中「＃貧血」「術中出血を来したが」と明記され、Hb10→9.5g/dL程度の低下に対して鉄剤・ビタミンC内服を継続している → 手術に続発する術後貧血としてD62が整合。
3. 中心治療: 連日の血液検査(D005,D007)、鉄剤およびビタミンC投与、退院判断にも貧血改善が影響している記載があり、一定の医療資源が割かれている。
・ただし、輸血や侵襲的処置は行われておらず、貧血自体がICU管理等の重症対応を要していないため、最資源投入病名の第一候補というよりは補助的な候補位置づけ。
・D62→DPC6「130090 貧血（その他）」となり、外科領域の主DPC(040040または040310)と競合させると点数・臨床妥当性の面で劣る可能性が高いが、手術続発症として一定の資源投入があったため候補として保持。",x,,分岐なし（xのみ）,,x,,分岐なし（xのみ）,,97,その他の手術（4件のKコードが他パターンに非該当）,"K514-23(胸腔鏡下肺悪性腫瘍手術（肺葉切除又は１肺葉を超えるもの）), K931(超音波凝固切開装置等加算), K000(周術期栄養管理実施加算), K936(自動縫合器（８個）使用加算)",x,処置等1の分岐なし,0,トリガーにマッチする処置コードなし,x,副傷病の分岐なし,,x,重症度の分岐なし (全 x),,130090xx97x0xx,"入院期間I:4日/3362点
入院期間II:9日/2226点
入院期間III:30日/1892点","入院日数15日
入院期間I:3362×4日=13448
入院期間II:2226×5日=11130
入院期間III:1892×6日=11352
合計:35930",35930,rejected,点数が低い (差 2997),,,,,,,,,,,
692435,2026-06-02,2026-06-16,ok,88.3,I48.0,周術期発作性心房細動（Af tachycardia）,発作性心房細動,0.4,050070,頻脈性不整脈,"1. 入院目的: 目的そのものではないが、胸膜癒着術後など周術期に新規発症したAf tachycardiaに対し、一時的な循環器管理が必要となった。
2. 主病名: 「Af」「af tachycardia」と記載され、ビソノテープ貼付で洞調律へ復帰している → 周術期に出現した発作性心房細動としてI48.0が適切。
3. 中心治療: 心電図検査(D208)、持続モニタリング(D220,D223)、ビソノテープ(β遮断薬貼付)でのレートコントロールなど、不整脈管理のための追加資源が投入。
・Afは胸膜癒着術や脱水の影響と考察されており、肺手術・術後肺瘻管理に随伴する続発症として説明されているが、循環器DPC(050070)として独立入院となるほどの重症度・介入量ではない。
・それでも周術期合併症として検査・薬剤・モニタリングを増やしており、DPC設計上は頻脈性不整脈DPCを主とするケースも存在し得るため、低めの信頼度で補助候補として保持。",x,,分岐なし（xのみ）,,x,,分岐なし（xのみ）,,97,その他の手術（4件のKコードが他パターンに非該当）,"K514-23(胸腔鏡下肺悪性腫瘍手術（肺葉切除又は１肺葉を超えるもの）), K931(超音波凝固切開装置等加算), K000(周術期栄養管理実施加算), K936(自動縫合器（８個）使用加算)",0,トリガーにマッチする処置コードなし,0,トリガーにマッチする処置コードなし,x,副傷病の分岐なし,,x,重症度の分岐なし (全 x),,050070xx9700xx,"入院期間I:5日/3160点
入院期間II:9日/2242点
入院期間III:30日/1905点","入院日数15日
入院期間I:3160×5日=15800
入院期間II:2242×4日=8968
入院期間III:1905×6日=11430
合計:36198",36198,rejected,点数が低い (差 2729),,,,,,,,,,,
917128,2026-05-29,2026-06-19,ok,137.8,I63.9,脳梗塞（病型未同定、左中心前回）,脳梗塞,0.9,010060,脳梗塞,"1. 入院目的: 右上下肢麻痺と構音障害に対する脳梗塞の急性期治療目的で救急搬送・入院。
2. 主病名: 入院時より一貫して「脳梗塞（ラクナ疑い）」「脳梗塞（病型未同定、左中心前回）」と記載され、原因精査でも塞栓源やDVTが同定されず病型未同定として扱われている。
3. 中心治療: 抗血小板薬2剤（バイアスピリン、クロピドグレル）、アルガトロバン、エダラボン等による急性期脳梗塞治療、頭部CT/MRIフォロー、ホルター心電図、頚部・下肢血管エコー、脳血管疾患等リハビリ（PT/OT/ST）を集中的に施行。
4. 病巣はDWIで左中心前回に点状高信号を認める明らかな急性期脳梗塞であり、症状（右片麻痺・構音障害）と整合する主たる疾患。
5. t-PAや血管内治療は施行されていないが、持続点滴、血液ガスや凝固系を含む多数の検査、画像検査、脳血管リハビリなど今回入院で最も多くの資源が投入されているのはこの急性期脳梗塞である。
6. 病型はラクナ疑いから塞栓機序も含めて再評価されたが最終的に病型未同定として二次予防はアスピリン単剤方針となっており、ICD-10としては詳細不明の虚血性脳卒中に相当するI63.9が妥当と判断。
7. DPC6はI63.x系列はいずれも010060「脳梗塞」にマッピングされ、本症例では手術Kコードはなく内科的治療・リハビリ主体であり、このDPC区分と臨床経過（急性期管理〜リハビリ転院）がよく一致する。",x,,分岐なし（xのみ）,,x,,分岐なし（xのみ）,,99,手術なし,,x,処置等1の分岐なし,4,"処置等2=4: 0049(エダラボン), (エダラボン点滴静注液３０㎎バッグ「ＮＰ」　１００ｍｌ)[レセ電=622079601, 実施日=2026-05-29;2026-05-30;2026-05-31;2026-06-01;2026-06-02;2026-06-03;2026-06-04]",0,副傷病なし（AI/EF探索で該当なし）,,x,重症度の分岐なし (全 x),,010060xx99x40x,"入院期間I:7日/3497点
入院期間II:14日/2400点
入院期間III:60日/1921点","入院日数22日
入院期間I:3497×7日=24479
入院期間II:2400×7日=16800
入院期間III:1921×8日=15368
合計:56647",56647,selected,,false,false,,010060xx99x40x,,010060xx99x40x,1000,同点候補なし,,,
917128,2026-05-29,2026-06-19,ok,137.8,I10,本態性高血圧症,本態性高血圧症,0.45,050140,高血圧性疾患,"1. 入院目的: 直接の目的は脳梗塞治療だが、その背景として高血圧症が既往に明記されている。
2. 主病名: 既往歴として高血圧症があり、本態性高血圧（I10）と考えるのが一般的である。
3. 中心治療: 血圧管理は全入院期間を通じて重要な管理要素であり、連日バイタル測定と必要に応じた降圧薬調整が行われていると推定されるが、専用のK/Jコードや特殊処置は記載されていない。
4. 高血圧は脳梗塞発症の主要危険因子であり長期的には多くの医療資源（外来通院・薬物療法）を要するものの、今回入院に限れば急性期脳梗塞管理の背景疾患として従となっており、資源の主たる投入先ではない。
5. ICD-10 I10はDPC6「050140 高血圧性疾患」に対応するが、今回入院のEFやカルテからは高血圧管理が入院の主目的・主資源投入とは読みにくく、あくまで補助的候補に留まる。",x,,分岐なし（xのみ）,,x,,分岐なし（xのみ）,,99,手術なし,,x,処置等1の分岐なし,0,トリガーにマッチする処置コードなし,0,副傷病なし（AI/EF探索で該当なし）,,x,重症度の分岐なし (全 x),,050140xx99x00x,"入院期間I:3日/3636点
入院期間II:6日/2215点
入院期間III:30日/1882点","入院日数22日
入院期間I:3636×3日=10908
入院期間II:2215×3日=6645
入院期間III:1882×16日=30112
合計:47665",47665,rejected,点数が低い (差 8982),,,,,,,,,,,
917128,2026-05-29,2026-06-19,ok,137.8,E78.5,脂質異常症,脂質異常症,0.4,100300,代謝性疾患（糖尿病を除く。）,"1. 入院目的: 直接の入院目的は脳梗塞急性期治療であり、脂質異常症はその危険因子・背景疾患として位置づけられる。
2. 主病名: 既往歴として脂質異常症が記載されており、特定の二次性原因の記載はなく一般的な脂質異常症（E78.5）と解釈できる。
3. 中心治療: 入院中に脂質プロファイル（HDL, LDL, TG）やCKなどが測定されており、動脈硬化リスク評価・二次予防方針（スタチンなど）決定のための検査資源は一定量投入されている。
4. しかし検査・治療の主眼はあくまで急性期脳梗塞であり、脂質異常症自体に対する特別な処置や集中的治療は見られないため、今回入院単位で最資源投入病名とまでは言い難い。
5. ICD-10 E78.5はDPC6「100300 代謝性疾患（糖尿病を除く。）」に対応するが、DPC上も本入院では010060「脳梗塞」が主となると考えられ、脂質異常症はリスク因子としての補助候補に位置づけられる。",x,,分岐なし（xのみ）,,x,,分岐なし（xのみ）,,xx,パターン xx,,x,処置等1の分岐なし,0,トリガーにマッチする処置コードなし,x,副傷病の分岐なし,,x,重症度の分岐なし (全 x),,100300xxxxx0xx,,22日 包括対象外,,rejected,包括対象外,,,,,,,,,,,
978328,2026-06-03,2026-07-02,ok,89.7,S7210,左大腿骨転子部骨折,大腿骨転子部骨折,0.9,160800,股関節・大腿近位の骨折,"1. 入院目的: 自宅トイレでの転倒により受傷した左大腿骨転子部骨折と左橈骨遠位端骨折の手術目的で入院。
2. 主病名: 画像で「ひだり大腿骨転子部骨折 3D-CT：3PartA」と記載され、骨接合術(Targon PF)が施行されており、外傷性近位大腿骨骨折としてS7210が妥当。
3. 中心治療: K046大腿骨骨折観血的手術(Targon PF)、全身麻酔(L008/L009)、輸血(K920+管理料)、急性期運動器リハビリ(H002)など大きな医療資源が集中的に投下。
・本骨折が入院契機かつ最大侵襲の手術(K046)の主要対象であり、入院期間を通じたリハビリ・管理の中心。
・ICD-10は閉鎖性転子部骨折であり開放所見なく、search結果の「大腿骨転子部骨折」S7210が臨床像に合致。
・DPC6はS7210→160800「股関節・大腿近位の骨折」であり、対応Kコード群にK046が含まれEFのK046と整合。
・隣接候補である橈骨骨折(S5250)も同時手術だが、全身状態への影響・リハビリ負荷は股関節・大腿近位骨折の方が大きく、資源投入量もより多いと判断。",x,,分岐なし（xのみ）,,x,,分岐なし（xのみ）,,97,その他の手術（4件のKコードが他パターンに非該当）,"K044(骨折非観血的整復術（前腕骨骨折非観血的整復術）), K046(骨折観血的手術（前腕骨骨折観血的手術）), K000(院内感染防止措置加算（手術）), K046(骨折観血的手術（大腿骨骨折観血的手術）)",x,処置等1の分岐なし,x,処置等2の分岐なし,x,副傷病の分岐なし,,x,重症度の分岐なし (全 x),,160800xx97xxxx,"入院期間I:4日/3082点
入院期間II:13日/2119点
入院期間III:60日/1801点","入院日数30日
入院期間I:3082×4日=12328
入院期間II:2119×9日=19071
入院期間III:1801×17日=30617
合計:62016",62016,rejected,点数が低い (差 19374),,,,,,,,,,,
978328,2026-06-03,2026-07-02,ok,89.7,S5250,左橈骨遠位端骨折,橈骨遠位端骨折,0.8,160760,前腕の骨折,"1. 入院目的: 転倒により左大腿骨転子部骨折と同時に受傷した左橈骨遠位端骨折の手術目的で入院。
2. 主病名: XPで「ひだり橈骨遠位端骨折 AO：2R3A2」と明記され、Stellarプレートを用いた骨接合が施行されており、閉鎖性橈骨遠位端骨折としてS5250が妥当。
3. 中心治療: K044 前腕骨骨折非観血的整復術、K046 前腕骨骨折観血的手術(Stellar D)、全身麻酔下同時手術、術後リハと長期荷重制限など相応の資源投入あり。
・本骨折も主要手術の直接対象であり、同一全身麻酔セッションで大腿骨とともにプレート固定されているため、最資源投入病名候補として独立して成立。
・ICD-10は開放所見や病的骨折の記載がなく、search結果の「橈骨遠位端骨折」S5250が適合。
・DPC6はS5250→160760「前腕の骨折」で、必要Kコード群にK046/K044が含まれ、EFのK044・K046（前腕骨）と整合。
・同じく手術対象である大腿骨転子部骨折より全身状態やリハ負荷の面でやや軽く、入院全体の資源配分では2番手と評価。",x,,分岐なし（xのみ）,,x,,分岐なし（xのみ）,,97,その他の手術（4件のKコードが他パターンに非該当）,"K044(骨折非観血的整復術（前腕骨骨折非観血的整復術）), K046(骨折観血的手術（前腕骨骨折観血的手術）), K000(院内感染防止措置加算（手術）), K046(骨折観血的手術（大腿骨骨折観血的手術）)",x,処置等1の分岐なし,x,処置等2の分岐なし,x,副傷病の分岐なし,,x,重症度の分岐なし (全 x),,160760xx97xxxx,"入院期間I:2日/3113点
入院期間II:4日/2179点
入院期間III:30日/1852点","入院日数30日
入院期間I:3113×2日=6226
入院期間II:2179×2日=4358
入院期間III:1852×26日=48152
合計:58736",58736,rejected,点数が低い (差 22654),,,,,,,,,,,
978328,2026-06-03,2026-07-02,ok,89.7,J690,誤嚥性肺炎,誤嚥性肺炎,0.8,040081,誤嚥性肺炎,"1. 入院目的: 当初は骨折手術目的だが、入院直後から黒色嘔吐・SpO2低下を伴う肺炎を発症し、手術延期・集中管理の理由となった。
2. 主病名: CTと胸部Xpで左優位の浸潤影、嘔吐後の誤嚥イベント、食道裂孔ヘルニア既往により「嘔吐後の誤嚥性肺炎」と明記されており、誤嚥性肺炎としてJ690が適切。
3. 中心治療: 酸素投与(J024, SpO2モニタD223/D220)、抗菌薬セフトリアキソン2g/日を約1週間、喀痰吸引(J018)、絶食・胃管ドレナージ(J020)、複数科（呼吸器・消化器）介入など急性期資源集中。
・この肺炎のため予定手術が約2週間延期され、その間は肺炎加療と全身管理が入院の中心となっており、期間的にも資源投入が大きい。
・ICD-10は誤嚥イベントが明記され、一般肺炎(J189等)より誤嚥性肺炎J690が明確に適合。
・DPC6はJ690→040081「誤嚥性肺炎」で、EF上の呼吸モニタリングや喀痰吸引・酸素投与などの処置群と整合。
・大腿骨骨折群とどちらが主となるかは施設運用により分かれうるため、入院前半の資源集中イベントとして独立候補とする。",x,,分岐なし（xのみ）,,x,,分岐なし（xのみ）,,97,その他の手術（4件のKコードが他パターンに非該当）,"K044(骨折非観血的整復術（前腕骨骨折非観血的整復術）), K046(骨折観血的手術（前腕骨骨折観血的手術）), K000(院内感染防止措置加算（手術）), K046(骨折観血的手術（大腿骨骨折観血的手術）)",x,処置等1の分岐なし,0,トリガーにマッチする処置コードなし,x,副傷病の分岐なし,,x,重症度の分岐なし (全 x),,040081xx97x0xx,"入院期間I:15日/3174点
入院期間II:30日/2252点
入院期間III:90日/1914点","入院日数30日
入院期間I:3174×15日=47610
入院期間II:2252×15日=33780
合計:81390",81390,selected,,false,false,,040081xx97x0xx,,040081xx97x0xx,1000,同点候補なし,,,
978328,2026-06-03,2026-07-02,ok,89.7,K449,食道裂孔ヘルニアに伴う胃拡張・通過障害,食道裂孔ヘルニア,0.6,040220,横隔膜腫瘍・横隔膜疾患（新生児を含む。）,"1. 入院目的: 骨折手術目的入院中に既往の食道裂孔ヘルニアの増悪により黒色嘔吐・胃拡張・通過障害を生じ、誤嚥性肺炎とともに周術期管理の重要課題となった。
2. 主病名: CTで「食道裂孔ヘルニアを認め、胃の脱出や拡張が目立ちます…通過障害を来している可能性」、以後も「＃.食道裂孔ヘルニア、胃拡張」と繰り返し記載され、器質的食道裂孔ヘルニアとしてK449が適合。
3. 中心治療: 胃管挿入・位置調整反復(J020)、PPI、絶食管理、消化器内科コンサルト、誤嚥性肺炎の背景病態としての継続評価など、周術期の管理負荷が高い。
・本ヘルニアと胃拡張が嘔吐と誤嚥の背景にあり、肺炎再発リスクとして家族説明もされているため、誤嚥性肺炎と一体の病態として重要。
・ICD-10は後天的食道裂孔ヘルニアに対しK449が標準で、先天性(Q401)の記載はなく、K449「食道裂孔ヘルニア」が妥当。
・DPC6はK449→040220「横隔膜腫瘍・横隔膜疾患」であり、今回明示的手術Kコードはないが、胃管ドレナージや周術期管理の主たる基礎疾患として候補に残す。
・誤嚥性肺炎に比べると急性期の治療標的はやや間接的であるため、資源投入病名としては一段低いが、背景疾患としての寄与から候補に含める。",x,,分岐なし（xのみ）,,x,,分岐なし（xのみ）,,97,その他の手術（4件のKコードが他パターンに非該当）,"K044(骨折非観血的整復術（前腕骨骨折非観血的整復術）), K046(骨折観血的手術（前腕骨骨折観血的手術）), K000(院内感染防止措置加算（手術）), K046(骨折観血的手術（大腿骨骨折観血的手術）)",x,処置等1の分岐なし,0,トリガーにマッチする処置コードなし,x,副傷病の分岐なし,,x,重症度の分岐なし (全 x),,040220xx97x0xx,"入院期間I:6日/3029点
入院期間II:13日/2198点
入院期間III:30日/1868点","入院日数30日
入院期間I:3029×6日=18174
入院期間II:2198×7日=15386
入院期間III:1868×17日=31756
合計:65316",65316,rejected,点数が低い (差 16074),,,,,,,,,,,
978328,2026-06-03,2026-07-02,ok,89.7,N390,尿路感染症（血尿・膀胱憩室・結石を伴う）,尿路感染症,0.5,110310,腎臓又は尿路の感染症,"1. 入院目的: 入院契機ではないが、術後に持続血尿が出現し、泌尿器科コンサルト・検査・輸血などの資源投入を要した周術期合併症。
2. 主病名: カテ留置中にスケール1程度の血尿と尿検査で強い炎症所見(蛋白3＋, 潜血3＋, WBC 3＋, 細菌2＋)、画像で膀胱憩室・結石あり、「感染や結石に伴う血尿が最も考えられる」と評価されており、症状主因としての尿路感染症(N390)が適切。
3. 中心治療: 尿検査・培養(D000, D018, D002, D019)、泌尿器科専門コンサルト、残尿エコー(D216)、血尿に伴う貧血進行への輸血(K920)など一定の追加資源が投入。
・泌尿器科医は粗大腫瘍を否定しつつ、感染あるいは結石性血尿として経過観察方針を提示しており、明確な急性腎盂腎炎ではないが尿路感染症として包括するのが妥当。
・ICD-10は部位や重症度が詳細に特定されておらず、search結果の包括コードN390「尿路感染症」を用いるのが適切。
・DPC6はN390→110310「腎臓又は尿路の感染症」で、尿培養・感受性検査や尿沈渣などのEF検査群と整合。
・骨折・肺炎に比べると入院全体の資源配分に占める割合は小さいが、輸血や専門科コンサルトを要した周術期感染として、条件次第で主病名候補となりうるため補助的に保持。",x,,分岐なし（xのみ）,,x,,分岐なし（xのみ）,,97,その他の手術（4件のKコードが他パターンに非該当）,"K044(骨折非観血的整復術（前腕骨骨折非観血的整復術）), K046(骨折観血的手術（前腕骨骨折観血的手術）), K000(院内感染防止措置加算（手術）), K046(骨折観血的手術（大腿骨骨折観血的手術）)",x,処置等1の分岐なし,x,処置等2の分岐なし,x,副傷病の分岐なし,,x,重症度の分岐なし (全 x),,110310xx97xxxx,"入院期間I:10日/3127点
入院期間II:20日/2151点
入院期間III:60日/1829点","入院日数30日
入院期間I:3127×10日=31270
入院期間II:2151×10日=21510
入院期間III:1829×10日=18290
合計:71070",71070,rejected,点数が低い (差 10320),,,,,,,,,,,
1211072,2026-05-21,2026-06-06,ok,82.1,K803,胆管結石性急性胆管炎,胆管結石性胆管炎,0.9,060340,胆管（肝内外）結石、胆管炎,"1. 入院目的: 胆管結石性胆管炎に対する結石除去・感染コントロール目的の入院と読み取れる（ERCPで「胆管結石性胆管炎に対して初回ERCPを施行」と明記）。
2. 主病名: 胆管結石を原因とする急性胆管炎 → ICD-10 K803（胆管結石性胆管炎）。
3. 中心治療: 度重なるERCP＋EPLBD＋砕石・採石（K687相当の胆道砕石術）、抗菌薬点滴治療、連日の血液検査・画像検査、モニタリング。
- 入院中の最大の医療資源は5/27および6/1のERCPによる結石砕石・採石であり、対象は胆管結石性胆管炎である。
- 検査所見として入院時から肝胆道系酵素上昇、ビリルビン上昇、CRP高値があり、ERCP後も肝障害・炎症の増悪と抗生剤継続が記録されていることから、胆管炎としての管理が入院の中心。
- K803は胆管結石に伴う胆管炎を表し、検索結果でもDPC6「060340 胆管（肝内外）結石、胆管炎」にマッピングされ、手術Kコード群に胆道砕石術・乳頭処置関連（K687*系）が含まれ、実施K687と整合する。
- 急性胆管炎（K830）単独候補と比べ、実際に胆管結石が造影で確認され、砕石・採石が行われているため「結石性」の修飾を含むK803の方が資源投入病名として病態をより直接的に表す。",x,,分岐なし（xのみ）,,x,,分岐なし（xのみ）,,97,その他の手術（1件のKコードが他パターンに非該当）,K687(内視鏡的乳頭切開術（胆道砕石術を伴うもの）),x,処置等1の分岐なし,0,トリガーにマッチする処置コードなし,x,副傷病の分岐なし,,x,重症度の分岐なし (全 x),,060340xx97x0xx,"入院期間I:6日/3359点
入院期間II:12日/2406点
入院期間III:30日/2045点","入院日数17日
入院期間I:3359×6日=20154
入院期間II:2406×6日=14436
入院期間III:2045×5日=10225
合計:44815",44815,selected,,false,false,,060340xx97x0xx,,060340xx97x0xx,1000,同点候補なし,,,
1211072,2026-05-21,2026-06-06,ok,82.1,K226,マロリー・ワイス症候群,マロリ・ワイス症候群,0.55,060130,食道、胃、十二指腸、他腸の炎症（その他良性疾患）,"1. 入院目的: 胆管結石性胆管炎治療中の偶発出血として発見されたMallory-Weiss症候群に対する出血リスク管理と貧血フォローが一時的な入院目的となった側面がある。
2. 主病名: ERCP後スコープ抜去時に認めた接合部裂創に伴う上部消化管出血 → ICD-10 K226（マロリ・ワイス症候群）。
3. 中心治療: PPI投与、Hb低下（7.6g/dLまで）に対する経過観察、採血フォローと出血再発有無のモニタリング。内視鏡的止血は不要だったが、数日間の管理資源を要している。
- 6/1 ERCPで「【診断結果】Mallory-Weiss症候群」「胃内に出血を認め…接合部に裂足を認めた。自然止血していたため観察のみで終了。」と記載され、翌日以降Hb低下や心窩部痛が問題となっているため、有意な術中偶発症として入院後半の管理資源を消費した。
- K226は検索結果でDPC6「060130 食道、胃、十二指腸、他腸の炎症（その他良性疾患）」にマップされ、上部消化管病変として独立したDPC区分を持つため、胆管系主病名とは別の候補として評価できる。
- 胆管結石性胆管炎に比べると、入院期間や侵襲度は小さいが、Hb低下評価やPPI継続、退院時期判断に影響しており、条件次第では術後偶発症が資源投入の中心となる症例もあるため補助的候補として保持する。",x,,分岐なし（xのみ）,,x,,分岐なし（xのみ）,,97,その他の手術（1件のKコードが他パターンに非該当）,K687(内視鏡的乳頭切開術（胆道砕石術を伴うもの）),0,トリガーにマッチする処置コードなし,0,トリガーにマッチする処置コードなし,x,副傷病の分岐なし,,x,重症度の分岐なし (全 x),,060130xx9700xx,"入院期間I:5日/3228点
入院期間II:9日/2255点
入院期間III:30日/1917点","入院日数17日
入院期間I:3228×5日=16140
入院期間II:2255×4日=9020
入院期間III:1917×8日=15336
合計:40496",40496,rejected,点数が低い (差 4319),,,,,,,,,,,
1211072,2026-05-21,2026-06-06,ok,82.1,K802,胆嚢結石症（胆嚢結石）,胆のう結石症,0.45,060330,胆嚢疾患（胆嚢結石など）,"1. 入院目的: 主として胆管結石性胆管炎であるが、画像で胆嚢結石と胆嚢萎縮・壁肥厚が指摘されており、再発予防として胆嚢摘出の是非が検討された。
2. 主病名: 胆嚢内結石を伴う慢性胆嚢疾患 → ICD-10 K802（胆のう結石症）。
3. 中心治療: 今回入院中に胆摘は実施されていないが、胆石症としての評価・説明・今後方針決定（家族と胆摘を行わない方針を合意）が行われている。
- 6/3超音波所見で「胆のうは萎縮 軽度壁肥厚 結石あり」とあり、炎症のフォーカス・結石源としての胆嚢結石症が背景疾患として存在する。
- 「再発予防は胆摘になるが全身状態からは有事治療が良さそう」「胆摘はせずに有事可能な範囲での治療」と、胆石症自体についても入院中に治療方針の検討が行われており、長期的管理上は重要な病名である。
- 検索結果でK802はDPC6「060330 胆嚢疾患（胆嚢結石など）」にマップされ、胆嚢摘出術（K670, K672系）と対応する。今回胆摘が行われていないため主資源投入病名としての優先度は低いが、同じ胆石性疾患群として近接候補として保持する。",x,,分岐なし（xのみ）,,x,,分岐なし（xのみ）,,97,その他の手術（1件のKコードが他パターンに非該当）,K687(内視鏡的乳頭切開術（胆道砕石術を伴うもの）),x,処置等1の分岐なし,x,処置等2の分岐なし,x,副傷病の分岐なし,,x,重症度の分岐なし (全 x),,060330xx97xxxx,"入院期間I:4日/3256点
入院期間II:7日/2294点
入院期間III:30日/1950点","入院日数17日
入院期間I:3256×4日=13024
入院期間II:2294×3日=6882
入院期間III:1950×10日=19500
合計:39406",39406,rejected,点数が低い (差 5409),,,,,,,,,,,
1276220,2026-05-08,2026-06-18,ok,103.0,I44.2,完全房室ブロック（第3度房室ブロック）,第３度房室ブロック,0.9,050210,徐脈性不整脈,"1. 入院目的: 「Ⅲ度房室ブロックに対する治療方針検討」「AVBにて当院循環器入院」と明記され，透析中血圧低下の原因として完全房室ブロックが主病態。
2. 主病名: カルテで「Ⅲ度房室ブロック」「完全房室ブロック」と繰り返し記載されており，ICD-10「I44.2 第３度房室ブロック」が最も整合。
3. 中心治療: 6/1にK597リードレスペースメーカー植込み術を実施し，モニタリング，心エコー，心血管リハビリなど心疾患関連資源が本入院の中心。
4. 本入院の手術KコードK597は，DPC6「050210 徐脈性不整脈」の必須手術コード群に含まれ，I44.2とのマッピングが明確である。
5. 透析中の著明な低血圧・冷汗をきたし，ペースメーカー非植込みのままでは透析継続困難であった点からも，完全房室ブロックが重症管理と長期入院の主因。
6. 既往の糖尿病性末期腎不全や足壊疽は前回入院での主資源投入であり，今回入院では創処置と内服抗菌薬継続のみで，相対的に資源投入は小さい。
7. 従って，本入院では完全房室ブロックがペースメーカー植込み術の直接対象であり，最資源投入病名候補として最有力。",x,,分岐なし（xのみ）,,x,,分岐なし（xのみ）,,97,その他の手術（1件のKコードが他パターンに非該当）,K597(ペースメーカー移植術（リードレスペースメーカーの場合）),0,トリガーにマッチする処置コードなし,0,トリガーにマッチする処置コードなし,x,副傷病の分岐なし,,x,重症度の分岐なし (全 x),,050210xx9700xx,"入院期間I:4日/3063点
入院期間II:9日/2173点
入院期間III:30日/1847点","入院日数42日
入院期間I:3063×4日=12252
入院期間II:2173×5日=10865
入院期間III:1847×21日=38787
合計:61904",61904,selected,,false,false,,050210xx9700xx,,050210xx9700xx,1000,同点候補なし,,,
1276220,2026-05-08,2026-06-18,ok,103.0,E11.2,糖尿病性末期腎不全（維持透析中）,２型糖尿病性腎不全,0.7,10007x,２型糖尿病（糖尿病性ケトアシドーシスを除く。）,"1. 入院目的: 表向きはⅢ度房室ブロックだが，患者は「末期腎不全維持透析(2016年-)」のHD患者として常に管理されており，透析中の血圧低下が問題となっていた。
2. 主病名: 「II型糖尿病（35歳-） インスリン加療」「糖尿病性末期腎不全」「維持透析（月水金）」と記載され，透析導入の背景は2型糖尿病と考えられるため，糖尿病性腎不全を伴う2型糖尿病（E11.2）が妥当。
3. 中心治療: 本入院中もJ038人工腎臓による慢性維持透析（月水金）の継続，透析関連検査（電解質，NT-proBNP等），腎代替療法診療体制加算など，透析関連資源が長期に投入されている。
4. EFでJ038人工腎臓およびその各種加算が連日算定されており，慢性維持透析としての医療資源消費は大きい。
5. 糖尿病性末期腎不全は今回入院に限定された急性病態ではないが，入院期間全体を通じて継続的に透析と検査・管理が必要であり，最資源投入病名としても独立候補になりうる。
6. ICD-10では末期腎不全そのものN18.5やN18.5+E11.2などの表現もありうるが，カルテで糖尿病性末期腎不全として記載されている点から，糖尿病性腎不全を伴う2型糖尿病（E11.2）を主軸に選択。",x,,分岐なし（xのみ）,,x,,分岐なし（xのみ）,,xx,パターン xx,,x,処置等1の分岐なし,1,"処置等2=1: 0169(インスリン製剤（注射薬に限る。）), (ノボラピッド注　１００単位／ｍｌ)[レセ電=620008895, 実施日=2026-05-08;2026-05-09;2026-05-10;2026-05-11;2026-05-12;2026-05-13;2026-05-14;2026-05-15;2026-05-16;2026-05-17;2026-05-18;2026-05-19;2026-05-20;2026-05-21;2026-05-22;2026-05-23;2026-05-24;2026-05-25;2026-05-26;2026-05-27;2026-05-28;2026-05-29;2026-05-30;2026-05-31;2026-06-01;2026-06-02;2026-06-03;2026-06-04;2026-06-05;2026-06-06;2026-06-07;2026-06-08;2026-06-09;2026-06-10;2026-06-11;2026-06-12;2026-06-13;2026-06-14;2026-06-15;2026-06-16;2026-06-17;2026-06-18], (ランタス注１００単位／ｍｌ)[レセ電=620008945, 実施日=2026-05-09;2026-05-10;2026-05-11;2026-05-12;2026-05-13;2026-05-14;2026-05-15;2026-05-16;2026-05-17;2026-05-18;2026-05-19;2026-05-20;2026-05-21;2026-05-22;2026-05-23;2026-05-24;2026-05-25;2026-05-26;2026-05-27;2026-05-28;2026-05-29;2026-05-30;2026-05-31;2026-06-02;2026-06-03;2026-06-04;2026-06-05;2026-06-06;2026-06-07;2026-06-08;2026-06-09;2026-06-10;2026-06-11;2026-06-12;2026-06-13;2026-06-14;2026-06-15;2026-06-16;2026-06-17]",x,副傷病の分岐なし,,x,重症度の分岐なし (全 x),,10007xxxxxx1xx,"入院期間I:6日/2871点
入院期間II:12日/2037点
入院期間III:30日/1731点","入院日数42日
入院期間I:2871×6日=17226
入院期間II:2037×6日=12222
入院期間III:1731×18日=31158
合計:60606",60606,rejected,点数が低い (差 1298),,,,,,,,,,,
1276220,2026-05-08,2026-06-18,ok,103.0,N18.5,慢性維持透析を要する末期腎不全（非特異的表現）,末期腎不全,0.5,110280,慢性腎炎症候群・慢性間質性腎炎・慢性腎不全,"1. 入院目的: Ⅲ度房室ブロックの治療検討だが，その背景として「末期腎不全維持透析(2016年-、月水金)」と明記され，HD患者であることが入院経過全体の前提となっている。
2. 主病名: 糖尿病性腎不全と高血圧性腎不全の両者が関与している可能性もあるが，カルテ上は「末期腎不全」「維持透析中」と非特異的に表現されている場面も多く，腎不全そのものの表現としてN18.5「末期腎不全」も候補とした。
3. 中心治療: J038人工腎臓とその各種加算，透析関連検査・体液管理が全入院期間を通じて行われており，医療資源投入量は大きい。
4. DPC6「110280 慢性腎炎症候群・慢性間質性腎炎・慢性腎不全」は維持透析症例を包括しており，透析継続のための入院（透析困難の評価など）では，末期腎不全そのものを主病名候補とするパターンも想定される。
5. ただし，本症例ではペースメーカー植込みを要した徐脈性不整脈がより明確な入院主因であるため，腎不全の非特異表現としてのN18.5はE11.2と比べて補助的候補と位置づけた。",x,,分岐なし（xのみ）,,x,,分岐なし（xのみ）,,97,その他の手術（1件のKコードが他パターンに非該当）,K597(ペースメーカー移植術（リードレスペースメーカーの場合）),x,処置等1の分岐なし,0,トリガーにマッチする処置コードなし,0,副傷病なし（AI/EF探索で該当なし）,,x,重症度の分岐なし (全 x),,110280xx97x00x,"入院期間I:6日/3004点
入院期間II:11日/2131点
入院期間III:30日/1811点","入院日数42日
入院期間I:3004×6日=18024
入院期間II:2131×5日=10655
入院期間III:1811×19日=34409
合計:63088",63088,rejected,上位候補に劣る,,,,,,,,,,,
1436977,2026-06-14,2026-06-19,ok,79.4,I200,不安定狭心症,不安定狭心症,0.9,050050,狭心症、慢性虚血性心疾患,"1. 入院目的: 労作時および安静時の胸痛に対する精査加療目的で循環器内科へ入院。
2. 主病名: カルテ上「＃1：不安定狭心症の疑い」→ 労作時増悪と夜間安静時胸痛を伴うことから不安定狭心症（I200）が最も整合。
3. 中心治療: ニトログリセリン持続静注、心電図・心エコー・CT・各種採血、心大血管リハ、冠動脈インターベンション（K548 経皮的冠動脈形成術）。
・3日前からの労作時胸痛に加え就寝中の安静時胸痛が出現し搬送されており、臨床的に不安定狭心症の定義（新規発症・増悪・安静時発作）を満たす。
・トロポニン I はごく軽度上昇でCK・CK-MB正常、心エコー壁運動異常なしで急性心筋梗塞の診断基準は満たさず、I21.x ではなく I200 と判断する根拠となる。
・冠危険因子（高血圧・脂質異常症・家族歴）を背景とする虚血性心疾患としての入院であり、入院中最大の医療資源（K548 PCI、持続点滴、モニタリング）がこの胸痛/狭心症に対して投入されている。
・I200 は DPC6「050050 狭心症、慢性虚血性心疾患」と対応し、同DPC6 の手術Kコード群に経皮的冠動脈形成術（K548x）が含まれており、EF の K548 と高い整合性がある。",x,,分岐なし（xのみ）,,x,,分岐なし（xのみ）,,97,その他の手術（1件のKコードが他パターンに非該当）,K548(経皮的冠動脈形成術（特殊カテーテルによるもの）（アテローム切除アブレーション式血管形成術用カテーテルによるもの）),x,処置等1の分岐なし,0,トリガーにマッチする処置コードなし,x,副傷病の分岐なし,,x,重症度の分岐なし (全 x),,050050xx97x0xx,"入院期間I:3日/4085点
入院期間II:7日/2612点
入院期間III:30日/2220点","入院日数6日
入院期間I:4085×3日=12255
入院期間II:2612×3日=7836
合計:20091",20091,selected,,false,false,,050050xx97x0xx,,050050xx97x0xx,1000,同点候補なし,,,
1436977,2026-06-14,2026-06-19,ok,79.4,I10,本態性高血圧症,本態性高血圧症,0.5,050140,高血圧性疾患,"1. 入院目的: 直接の入院目的は胸痛だが、既往歴として高血圧が明記されており、高血圧は冠危険因子として虚血性心疾患の背景病態となっている。
2. 主病名: カルテに『高血圧』とあり、二次性の記載はなく、本態性高血圧症（I10）が最も一般的な解釈。
3. 中心治療: 血圧管理薬の継続・調整、PCI 周術期の血圧コントロールなど、入院中も継続的に管理対象となっていると推測される。
・初診時血圧が 216/78mmHg と高度に上昇しており、循環器入院においては虚血性イベント発症の主要な危険因子として評価・管理されている。
・PCI やリハビリなどの主要資源は虚血性心疾患に対して投下されているが、その背景因子である高血圧性疾患も長期的管理対象として今回入院中に評価されており、資源投入病名の補助候補として保持する価値がある。
・I10 は DPC6「050140 高血圧性疾患」と対応し、入院の主眼ではないものの、循環器疾患群としての別DPC候補を提示できる。",x,,分岐なし（xのみ）,,x,,分岐なし（xのみ）,,97,その他の手術（1件のKコードが他パターンに非該当）,K548(経皮的冠動脈形成術（特殊カテーテルによるもの）（アテローム切除アブレーション式血管形成術用カテーテルによるもの）),x,処置等1の分岐なし,0,トリガーにマッチする処置コードなし,x,副傷病の分岐なし,,x,重症度の分岐なし (全 x),,050140xx97x0xx,"入院期間I:7日/3171点
入院期間II:15日/2216点
入院期間III:60日/1884点","入院日数6日
入院期間I:3171×6日=19026
合計:19026",19026,rejected,点数が低い (差 1065),,,,,,,,,,,
1436977,2026-06-14,2026-06-19,ok,79.4,E785,脂質異常症,脂質異常症,0.45,100300,代謝性疾患（糖尿病を除く。）,"1. 入院目的: 直接の入院目的は胸痛だが、既往歴に脂質異常症があり、虚血性心疾患の主要な冠危険因子として今回入院でも管理対象。
2. 主病名: カルテに『脂質異常症』と明記されており、E785 脂質異常症が対応する。
3. 中心治療: アトルバスタチン内服継続、脂質プロファイル採血による評価が行われている。
・脂質異常症は冠動脈の高度石灰化・多枝病変の形成に関与する慢性病態であり、今回の不安定狭心症/冠動脈疾患の成因として重要。
・入院中に多数の脂質関連検査（HDL, LDL, TG 等）が実施されており、薬物療法（スタチン）も継続されていることから、一定の医療資源がこの病態評価・管理にも投下されている。
・E785 は DPC6「100300 代謝性疾患（糖尿病を除く。）」に対応し、主傷病として選ぶことは稀だが、背景代謝疾患としての別DPC候補を提示する目的で補助的に候補として保持する。",x,,分岐なし（xのみ）,,x,,分岐なし（xのみ）,,xx,パターン xx,,x,処置等1の分岐なし,0,トリガーにマッチする処置コードなし,x,副傷病の分岐なし,,x,重症度の分岐なし (全 x),,100300xxxxx0xx,,6日 包括対象外,,rejected,包括対象外,,,,,,,,,,,
1638228,2026-06-24,2026-07-04,ok,103.7,K567,癒着性イレウス（サブイレウス）,亜イレウス,0.78,060210,ヘルニアの記載のない腸閉塞,"1. 入院目的: 腹部膨満と前医XPでのニボーを認め、腸閉塞疑い・サブイレウスとして入院し保存的治療を行う目的。
2. 主病名: カルテ上「癒着性イレウス」「サブイレウス」「CTでTreitz靱帯以遠小腸拡張・右下腹部で狭小化」と記載され、術後癒着が背景の機械的イレウスだが絞扼所見なく亜イレウスとして経過。
3. 中心治療: 絶食・輸液（G004）、イレウス管等の記載はなく保存的加療で経過観察し、腹部XPフォローと食事再開・漸増管理が中心。
- 画像所見と前回「癒着性腸閉塞」入院歴から、癒着を背景とした小腸サブイレウスとして矛盾しない。
- 手術や減圧チューブは行わず、入院全期間で腹部症状と排ガス・排便の改善評価が主テーマであり、今回入院の資源投入（入院期間・検査・点滴）の主因。
- K567（イレウス/亜イレウス）は原因別詳細が不明または軽度閉塞のケースに合致し、CT所見も「狭小化は緩やか」とされているため選択妥当。
- DPC6は060210「ヘルニアの記載のない腸閉塞」で、保存的治療症例も包含し、手術Kコード要件とも矛盾しない（本症例ではK手術なし）。
- 競合として癒着性イレウス（K565）や術後癒着性イレウス（K913）があるが、臨床的には“亜イレウスとして保存的治療”が入院の焦点であり、病因癒着より病態としてのサブイレウスを前面に出す選択肢として保持。",x,,分岐なし（xのみ）,,x,,分岐なし（xのみ）,,99,手術なし,,0,トリガーにマッチする処置コードなし,0,トリガーにマッチする処置コードなし,0,副傷病なし（AI/EF探索で該当なし）,,x,重症度の分岐なし (全 x),,060210xx99000x,"入院期間I:4日/3293点
入院期間II:8日/2336点
入院期間III:30日/1985点","入院日数11日
入院期間I:3293×4日=13172
入院期間II:2336×4日=9344
入院期間III:1985×3日=5955
合計:28471",28471,selected,,true,false,0.94,060210xx99000x,060210xx99000x,060210xx99000x,1000,同点候補あり,入院目的は腹痛・腹部膨満と画像上の小腸拡張に対する保存的治療であり、入院初診診断名も一貫して「癒着性イレウス」。経過記録も排ガス・排便とイレウス改善が中心テーマ。慢性腎不全は既往であり透析は定期継続にとどまり、本入院特有の資源投入の主因ではないため、060210ヘルニアの記載のない腸閉塞を主病名とするのが妥当。,,
1638228,2026-06-24,2026-07-04,ok,103.7,N185,慢性腎不全・維持透析中,慢性腎不全・維持透析中,0.72,110280,慢性腎炎症候群・慢性間質性腎炎・慢性腎不全,"1. 入院目的: 表向きは腸閉塞だが、既往歴として「慢性腎不全 維持透析中」が明記され、入院中も定期透析継続（J038群）が必要で、腎機能不良が日々の評価対象。
2. 主病名: eGFR約6、CRE 6.8〜8.0、BUN高値で慢性末期腎不全の所見、カルテでも「腎機能不良 本日透析日」と記載されている。維持透析を前提とした末期CKDとしてN185が該当。
3. 中心治療: 人工腎臓J038（複数加算含む）を伴う維持透析が入院中も継続されており、透析自体が高額・高資源の処置である。
- 腸閉塞とは独立して、日常的に大きな医療資源（透析、検査モニタリング）が投入されている慢性疾患であり、DPC上も主病名候補となりうる。
- N185「慢性腎不全・維持透析中」は、eGFR低値・CRE高値・維持透析施行およびJ038コードと整合する。
- DPC6は110280「慢性腎炎症候群・慢性間質性腎炎・慢性腎不全」で、J038人工腎臓に対応する代表的DPCであり、処置との適合性が高い。
- 今回入院のきっかけはイレウスであるが、金額・人的資源ベースでは透析関連が相当部分を占めうるため、最資源投入病名の有力な競合候補として保持する。",x,,分岐なし（xのみ）,,x,,分岐なし（xのみ）,,99,手術なし,,0,トリガーにマッチする処置コードなし,0,トリガーにマッチする処置コードなし,0,副傷病なし（AI/EF探索で該当なし）,,x,重症度の分岐なし (全 x),,110280xx99000x,"入院期間I:4日/3055点
入院期間II:9日/2285点
入院期間III:30日/1942点","入院日数11日
入院期間I:3055×4日=12220
入院期間II:2285×5日=11425
入院期間III:1942×2日=3884
合計:27529",27529,rejected,点数が低い (差 942),,,,,,,,,,,
1660148,2026-05-26,2026-06-25,ok,159.6,I509,慢性心不全（HFpEF）,心不全,0.8,050130,心不全,"1. 入院目的: 「心不全の精査」、主訴は両側下腿浮腫・労作時息切れと記載され、入院中一貫してHFpEF疑い→慢性心不全としてフォローされている。
2. 主病名: カルテ上「慢性心不全（Stage C, LVEF>60%, HFpEF）」と明記されており、ICD-10 は I509「心不全」が最も包括的。
3. 中心治療: 心大血管疾患リハビリテーション、SGLT2阻害薬を含むGDMT導入・調整、BNP・心エコー・CTA・PYPシンチ等の集中的な心不全精査とモニタリング。
4. 入院全期間にわたり心不全の評価・治療調整が継続され、リハ転院の適応も心不全由来の運動耐容能低下・浮腫を念頭に判断されている。
5. EF記載の心リハ（H000系）、BNP測定、心エコー、冠動脈CT、核医学（PYPシンチ）はいずれも心不全精査・管理に紐づく資源投入と解釈可能。
6. ICD-10 I509 は慢性・急性の心不全を含む包括コードであり、HFpEF（EF保たれた心不全）の臨床像とも矛盾しない。
7. DPC6 では I509→050130「心不全」となり、心大血管疾患リハビリテーションや各種循環器検査を伴う今回入院の実態と良好に整合する。",x,,分岐なし（xのみ）,,x,,分岐なし（xのみ）,,99,手術なし,,0,トリガーにマッチする処置コードなし,2,"処置等2=2: E101(シングルホトンエミッションコンピューター断層撮影診断（一連）)[レセ電=170015010, 実施日=2026-06-09]",x,副傷病の分岐なし,,x,重症度の分岐なし (全 x),,050130xx9902xx,"入院期間I:10日/3511点
入院期間II:20日/2450点
入院期間III:60日/2082点","入院日数31日
入院期間I:3511×10日=35110
入院期間II:2450×10日=24500
入院期間III:2082×11日=22902
合計:82512",82512,selected,,false,false,,050130xx9902xx,,050130xx9902xx,1000,同点候補なし,,,
1660148,2026-05-26,2026-06-25,ok,159.6,I802,末梢型深部静脈血栓症（下肢静脈血栓症）,深部静脈血栓症,0.55,050180,静脈・リンパ管疾患,"1. 入院目的: 当初は心不全精査目的だが、入院初期エコーで両側ヒラメ筋静脈血栓を認め、「末梢型深部静脈血栓症」「肺血栓塞栓症の可能性」として評価・フォローが行われている。
2. 主病名: カルテ上「＃末梢型深部静脈血栓症」と明記され、下肢エコーで経時的に血栓のサイズ・可動性を追跡。ICD-10 は I802「深部静脈血栓症（下肢）」が妥当。
3. 中心治療: Dダイマー測定、下肢静脈エコーを繰り返し、肺塞栓症除外のためCTAを実施するなど、血栓・塞栓合併症評価に相応の検査資源が投入されている。抗凝固療法も行われている可能性が高い（カルテ詳細は略示）。
4. 肺血栓塞栓症はCTAで否定的となり、「末梢型DVTとして進展や拡大なし、フォローアップ」との方針で入院期間を通じて監視されている点から、独立した管理対象疾患といえる。
5. 心不全だけでは説明しにくい浮腫の一因としても考えられており、鑑別・合併症として医療資源が投入されている。
6. ICD-10 I802→DPC6 050180「静脈・リンパ管疾患」であり、下肢静脈エコー反復やPTE評価CTとの組み合わせから、DVTを主とするDPCシナリオも理論的には成立しうる。
7. ただし心リハや心不全精査に比べると資源投入はやや少なく、最資源投入病名としては心不全より一段劣るため、confidence は中等度に設定した。",x,,分岐なし（xのみ）,,x,,分岐なし（xのみ）,,99,手術なし,,x,処置等1の分岐なし,x,処置等2の分岐なし,x,副傷病の分岐なし,,x,重症度の分岐なし (全 x),,050180xx99xxxx,"入院期間I:6日/3276点
入院期間II:11日/2359点
入院期間III:30日/2005点","入院日数31日
入院期間I:3276×6日=19656
入院期間II:2359×5日=11795
入院期間III:2005×19日=38095
合計:69546",69546,rejected,点数が低い (差 12966),,,,,,,,,,,
1660148,2026-05-26,2026-06-25,ok,159.6,N183,慢性腎臓病（CKD G3b）,慢性腎臓病ステージＧ３ｂ,0.45,110280,慢性腎炎症候群・慢性間質性腎炎・慢性腎不全,"1. 入院目的: 心不全精査が主だが、入院時より eGFR 30台後半で「慢性腎臓病（G3b）」と繰り返し問題リストに挙げられ、造影CTや薬物選択で常に考慮されている。
2. 主病名: 「＃慢性腎臓病（G3b）」と明記されており、ICD-10 では N183「慢性腎臓病ステージG3b」が最も具体的に一致する。
3. 中心治療: 腎機能を意識した利尿薬調整、SGLT2阻害薬導入、造影CT時の腎保護、頻回の腎機能検査（BUN/Cr, eGFR）など、入院中継続的にモニタリング・管理されている。
4. 心不全治療戦略（SGLT2i導入など）はCKD併存を前提としたものであり、CKD自体も入院中の処方・検査頻度に大きく影響している。
5. ただし今回入院の直接契機や主訴は浮腫・息切れであり、CKD単独の急性悪化や透析導入などはなく、資源集中の主因はあくまで心不全側にある。
6. N183→DPC6 110280「慢性腎炎症候群・慢性間質性腎炎・慢性腎不全」となり、腎を主とするDPC選択も理論上は可能だが、心リハや循環器検査主体の実態とはやや乖離するため、サブ候補と位置づける。",x,,分岐なし（xのみ）,,x,,分岐なし（xのみ）,,99,手術なし,,0,トリガーにマッチする処置コードなし,0,トリガーにマッチする処置コードなし,0,副傷病なし（AI/EF探索で該当なし）,,x,重症度の分岐なし (全 x),,110280xx99000x,"入院期間I:4日/3055点
入院期間II:9日/2285点
入院期間III:30日/1942点","入院日数31日
入院期間I:3055×4日=12220
入院期間II:2285×5日=11425
入院期間III:1942×21日=40782
合計:64427",64427,rejected,点数が低い (差 18085),,,,,,,,,,,
1660148,2026-05-26,2026-06-25,ok,159.6,C66,左水腎症を伴う左尿管悪性腫瘍疑い（尿管癌）,尿管癌,0.4,110060,腎盂・尿管の悪性腫瘍,"1. 入院目的: 当初の目的は心不全精査だが、CTで「左水腎症」「尿管腫瘍／尿管癌疑い」が指摘され、泌尿器科コンサルト・家族同席の説明・手術方針決定まで至っている。
2. 主病名: カルテでは「＃ひだり水腎症→ひだり尿管悪性腫瘍」「尿管癌」と表現されており、ICD-10 は C66「尿管癌」が腫瘍本体を表すコードとして最適。一方、水腎症自体はN133でフォローだが悪性腫瘍による閉塞が主体と解釈される。
3. 中心治療: 本入院中に手術は未施行だが、造影CT・尿細胞診、膀胱尿道ファイバースコピー（D317）、泌尿器科専門外来での説明など、悪性腫瘍精査として相応の検査資源・専門診療が投入されている。
4. 尿管癌に対する根治術は次入院で予定されているが、今回入院中に診断がほぼ確定し、今後の手術方針決定に至っている点から、診断目的入院の一部として一定の資源を消費したとみなせる。
5. ただし全体としては心不全精査・リハ目的の色が濃く、尿管癌関連の検査は限定的であり、今回入院の最資源投入病名としては心不全に劣るため、confidence はやや低めとした。
6. C66→DPC6 110060「腎盂・尿管の悪性腫瘍」となり、もし本来の入院目的が尿管癌術前精査・手術であれば、このDPCが主となりうる。現症例では次入院での手術予定のため、現段階では候補止まりとする。",x,,分岐なし（xのみ）,,x,,分岐なし（xのみ）,,99,手術なし,,x,処置等1の分岐なし,0,トリガーにマッチする処置コードなし,0,副傷病なし（AI/EF探索で該当なし）,,x,重症度の分岐なし (全 x),,110060xx99x00x,"入院期間I:3日/3122点
入院期間II:6日/2215点
入院期間III:30日/1882点","入院日数31日
入院期間I:3122×3日=9366
入院期間II:2215×3日=6645
入院期間III:1882×24日=45168
合計:61179",61179,rejected,点数が低い (差 21333),,,,,,,,,,,
1696953,2026-06-04,2026-06-24,ok,260.3,I21.0,急性前壁心筋梗塞,急性前壁心筋梗塞,0.9,050030,急性心筋梗塞（続発性合併症を含む。）、再発性心筋梗塞,"1. 入院目的: 急性冠症候群・亜急性心筋梗塞疑いに対する加療とCAG/PCI目的で紹介入院。
2. 主病名: 前壁の急性心筋梗塞（心電図V2-5ST上昇、前壁〜心尖部akinesis）に相当し、I21.0（急性前壁心筋梗塞）が最も妥当。
3. 中心治療: 経皮的冠動脈形成術K546（6/8 emCAG–primary PCI, Xience Skypoint留置, D1 POBA）、集中モニタリング、酸素、点滴、心大血管リハビリ。
・EF記載のK546（急性心筋梗塞に対するPCI）が本疾患を直接対象としており、手術・検査・リハなど最も多くの医療資源が投下されている。
・心筋バイオマーカー高値、ST上昇、エコーで前壁中隔の高度収縮低下と菲薄化を認め、部位特異的に前壁梗塞と整合。
・DPC6は050030で、候補DPC6にK5461-3, K549x等が紐づき、実施されたK546と完全に整合する。
・続発の急性非代償性心不全や脳梗塞を合併したが、これらも本梗塞に起因する病態であり、原発イベントとしての資源投入の中心性が高い。",x,,分岐なし（xのみ）,,x,,分岐なし（xのみ）,,97,その他の手術（1件のKコードが他パターンに非該当）,K546(経皮的冠動脈形成術（急性心筋梗塞に対するもの）),x,処置等1の分岐なし,0,"処置等2=0: H000(心大血管疾患リハビリテーション料（１）（１単位）（理学療法士による場合）)[レセ電=180744210, 実施日=2026-06-10;2026-06-11;2026-06-12;2026-06-13;2026-06-14;2026-06-15;2026-06-17;2026-06-19;2026-06-23], H000(心大血管疾患リハビリテーション料（１）（１単位）（看護師による場合）)[レセ電=180744510, 実施日=2026-06-18;2026-06-20;2026-06-21;2026-06-22], H000(心大血管疾患リハビリテーション料（１）（１単位）（集団療法による場合）)[レセ電=180744610, 実施日=2026-06-12;2026-06-16]",x,副傷病の分岐なし,,x,重症度の分岐なし (全 x),,050030xx97x0xx,"入院期間I:3日/4151点
入院期間II:12日/2457点
入院期間III:60日/2088点","入院日数21日
入院期間I:4151×3日=12453
入院期間II:2457×9日=22113
入院期間III:2088×9日=18792
合計:53358",53358,rejected,点数が低い (差 1050),,,,,,,,,,,
1696953,2026-06-04,2026-06-24,ok,260.3,I50.0,急性非代償性心不全（うっ血性心不全）,うっ血性心不全,0.7,050130,心不全,"1. 入院目的: 急性冠症候群に対する加療に加え、来院時より軽度肺うっ血ありとされ心不全治療が早期から計画された。
2. 主病名: 記録上「急性非代償性心不全」「うっ血性心不全」と明記されており、急性のうっ血性増悪としてI50.0が適合。
3. 中心治療: 酸素、利尿薬アゾセミド投与と漸減、エンレスト・MRA・SGLT2阻害薬・β遮断薬による心不全包括治療、心大血管リハ、連日のX線・エコーでの容量評価。
・胸部X線で肺うっ血・胸水の変動を追跡しつつ、利尿薬・心不全薬の調整が入院全期間にわたり継続されている。
・NT-proBNP高値（約6000 pg/mL）、EF30–40%、肺うっ血を伴い、急性増悪のうっ血性心不全像として整合。
・DPC6は050130（心不全）で、心不全自体を主とする入院でも高い資源投入が想定される区分であり、本症例でも酸素・点滴・モニタリング・リハなど多くの資源が継続的に投下されている。
・心不全は急性心筋梗塞に続発した病態だが、入院の大半で治療・評価の中心テーマの一つであり、原疾患とは別立てで最資源投入病名候補として成立する。",x,,分岐なし（xのみ）,,x,,分岐なし（xのみ）,,97,その他の手術（1件のKコードが他パターンに非該当）,K546(経皮的冠動脈形成術（急性心筋梗塞に対するもの）),0,トリガーにマッチする処置コードなし,0,"処置等2=0: H000(心大血管疾患リハビリテーション料（１）（１単位）（理学療法士による場合）)[レセ電=180744210, 実施日=2026-06-10;2026-06-11;2026-06-12;2026-06-13;2026-06-14;2026-06-15;2026-06-17;2026-06-19;2026-06-23], H000(心大血管疾患リハビリテーション料（１）（１単位）（看護師による場合）)[レセ電=180744510, 実施日=2026-06-18;2026-06-20;2026-06-21;2026-06-22], H000(心大血管疾患リハビリテーション料（１）（１単位）（集団療法による場合）)[レセ電=180744610, 実施日=2026-06-12;2026-06-16]",0,トリガーに該当する副傷病なし,,x,重症度の分岐なし (全 x),,050130xx97000x,"入院期間I:9日/3140点
入院期間II:18日/2264点
入院期間III:60日/1924点","入院日数21日
入院期間I:3140×9日=28260
入院期間II:2264×9日=20376
入院期間III:1924×3日=5772
合計:54408",54408,selected,,false,false,,050130xx97000x,,050130xx97000x,1000,同点候補なし,,,
1696953,2026-06-04,2026-06-24,ok,260.3,I63.4,心原性脳塞栓症による多発脳梗塞,心原性脳塞栓症,0.8,010060,脳梗塞,"1. 入院目的: 当初は急性冠症候群目的入院だったが、6/10-11に意識障害と左上肢回内、右下肢しびれなど神経症状が出現し、急性期脳卒中の精査・加療が新たな入院目的となった。
2. 主病名: MRIで右視床・両側角回・右上頭頂小葉に多発塞栓を認め、「急性心筋梗塞後（1ヶ月は高リスク）の脳塞栓症」と明記されており、心原性脳塞栓症 I63.4 が最も適切。
3. 中心治療: 頭部CT/MRI/MRA、脳神経内科コンサルト、モニタリング、心大血管リハの方針調整、DAPT継続判断など多数の検査・人的資源投入。
・急性期の意識障害・筋力低下を伴うイベントとして、検査や専門科対応など追加の医療資源を相当量要している。
・塞栓源は急性心筋梗塞後であり、心尖部の壁運動低下と微小出血を伴う背景から心原性脳塞栓症の診断が妥当。
・DPC6は010060（脳梗塞）で、脳梗塞を主病名とする入院群と同じ区分に属し、場合によっては心筋梗塞DPCよりも高い資源評価となりうる。
・今回はPCI後3日での新規多発脳梗塞であり、当初想定外の重篤合併症として新たな主傷病候補になりうるため、急性心筋梗塞（I21.0）とは別立てで保持する。",x,,分岐なし（xのみ）,,x,,分岐なし（xのみ）,,97,その他の手術（1件のKコードが他パターンに非該当）,K546(経皮的冠動脈形成術（急性心筋梗塞に対するもの）),0,トリガーにマッチする処置コードなし,0,トリガーにマッチする処置コードなし,0,トリガーに該当する副傷病なし,,0,"どの branch にもマッチせず → デフォルト (branch=0 label=無症候性(発症日なし) / 入院期間を通じて脳卒中を示唆する診断名・画像検査・神経学的異常が記載されておらず、急変時も心疾患として扱われているため。 (verifier 不整合あり, best-effort 採用: ['conclusion_label_mismatch', 'label_not_in_candidates', 'no_stroke_context', 'label_not_in_candidates']))",[2026-06-04]【診断名】＃1：亜急性心筋梗塞（前壁）／＃2：うっ血性心不全…（脳梗塞・脳出血など神経疾患の記載なし）; [2026-06-08]6/8　9時頃…嘔吐、意識レベル低下を認め、急変コール…その後emCAG primary PCIの方針とした（脳卒中疑い・頭部画像施行などの記載なし）; [2026-06-10]構音障害なし／両上肢挙上保持可能／両下肢挙上保持可能（神経学的異常所見を認めず）,010060xx970000,"入院期間I:2日/4541点
入院期間II:5日/2519点
入院期間III:30日/2141点","入院日数21日
入院期間I:4541×2日=9082
入院期間II:2519×3日=7557
入院期間III:2141×16日=34256
合計:50895",50895,rejected,点数が低い (差 3513),,,,,,,,,,,
1696953,2026-06-04,2026-06-24,ok,260.3,I70.20,下肢閉塞性動脈硬化症（両側浅大腿動脈狭窄）,下肢閉塞性動脈硬化症,0.45,050170,閉塞性動脈疾患,"1. 入院目的: 主目的ではないが、入院中にABI低下が判明し、「下肢動脈エコー施行」「みぎ・ひだり浅大腿動脈狭窄」と記載され、下肢動脈疾患の精査が追加目的となった。
2. 主病名: 両側浅大腿動脈狭窄・ABI低下から、症候性あるいは潜在的な下肢動脈閉塞性疾患としてI70.20（下肢閉塞性動脈硬化症）が妥当。急性閉塞所見はなく慢性閉塞性病変と解釈できる。
3. 中心治療: ABI検査（D214）、皮膚灌流圧測定（D207）、下肢血管エコー（D215）など血管機能評価に関する検査資源が投入され、ネキシウムではなくネクセトール（ペマフィブラート等脂質治療薬）開始など二次予防的薬物調整も実施。
・EFに下肢血管超音波や皮膚灌流圧検査など、明らかに末梢動脈疾患を評価する検査群が算定されており、この病態に対しても一定量の資源が投下されている。
・DPC6は050170（閉塞性動脈疾患）であり、将来K616などの血管拡張術を行う候補となるが、今回入院では検査・内科的管理レベルにとどまる。
・急性心筋梗塞・脳梗塞ほどの資源量ではないものの、別の心血管病態としてまとまった検査資源が投入されており、副次的な最資源投入病名候補として保持する価値がある。",x,,分岐なし（xのみ）,,x,,分岐なし（xのみ）,,97,その他の手術（1件のKコードが他パターンに非該当）,K546(経皮的冠動脈形成術（急性心筋梗塞に対するもの）),0,トリガーにマッチする処置コードなし,0,"処置等2=0: H000(心大血管疾患リハビリテーション料（１）（１単位）（理学療法士による場合）)[レセ電=180744210, 実施日=2026-06-10;2026-06-11;2026-06-12;2026-06-13;2026-06-14;2026-06-15;2026-06-17;2026-06-19;2026-06-23], H000(心大血管疾患リハビリテーション料（１）（１単位）（看護師による場合）)[レセ電=180744510, 実施日=2026-06-18;2026-06-20;2026-06-21;2026-06-22], H000(心大血管疾患リハビリテーション料（１）（１単位）（集団療法による場合）)[レセ電=180744610, 実施日=2026-06-12;2026-06-16]",0,トリガーに該当する副傷病なし,,x,重症度の分岐なし (全 x),,050170xx97000x,"入院期間I:4日/3178点
入院期間II:8日/2254点
入院期間III:30日/1916点","入院日数21日
入院期間I:3178×4日=12712
入院期間II:2254×4日=9016
入院期間III:1916×13日=24908
合計:46636",46636,rejected,点数が低い (差 7772),,,,,,,,,,,
1696953,2026-06-04,2026-06-24,ok,260.3,N18.3,慢性腎臓病ステージG3（推定）,慢性腎臓病ステージＧ３,0.4,110280,慢性腎炎症候群・慢性間質性腎炎・慢性腎不全,"1. 入院目的: 主目的ではなく併存症だが、入院中のeGFR 35〜45 mL/min/1.73m2前後で「慢性腎臓病」と明記され、薬剤選択や用量調整の前提として管理されている。
2. 主病名: eGFR約35–45よりCKD G3相当と考えられ、「慢性腎臓病」とのみ記載されステージ細分類がないため、N18.3（慢性腎臓病ステージG3）とするのが包括的に妥当。
3. 中心治療: 連日のクレアチニン・電解質・eGFR測定、利尿薬・SGLT2阻害薬など腎機能を考慮した薬剤管理、造影検査（CAG/CT/MRI）施行時の腎保護的配慮など、検査・薬剤調整面で一定の資源が投入されている。
・BUN/CrやeGFRが入院を通じて繰り返し測定され、特にCAG/PCIやCT/MRIの前後で腎機能悪化リスクへのモニタリングが行われている。
・DPC6は110280（慢性腎炎症候群・慢性間質性腎炎・慢性腎不全）で、重度CKD/透析例では主傷病となりうる区分であり、本症例でも将来的な悪化リスク管理のための資源投下が行われている。
・ただし今回入院での主たる資源投入は心筋梗塞・心不全・脳梗塞に向けられており、CKDはそれらの治療に影響する背景因子という位置付けのため、主傷病候補としての優先度は相対的に低いが、別DPC領域として補助候補に含める。",x,,分岐なし（xのみ）,,x,,分岐なし（xのみ）,,97,その他の手術（1件のKコードが他パターンに非該当）,K546(経皮的冠動脈形成術（急性心筋梗塞に対するもの）),x,処置等1の分岐なし,0,トリガーにマッチする処置コードなし,0,トリガーに該当する副傷病なし,,x,重症度の分岐なし (全 x),,110280xx97x00x,"入院期間I:6日/3004点
入院期間II:11日/2131点
入院期間III:30日/1811点","入院日数21日
入院期間I:3004×6日=18024
入院期間II:2131×5日=10655
入院期間III:1811×10日=18110
合計:46789",46789,rejected,点数が低い (差 7619),,,,,,,,,,,
1712288,2026-05-17,2026-06-03,ok,72.8,J690,誤嚥性肺炎による左肺無気肺,誤嚥性肺炎,0.82,040081,誤嚥性肺炎,"1. 入院目的: 食後の酸素化低下と左主気管支閉塞を背景にした呼吸状態悪化への対応と療養先調整。
2. 主病名: カルテで一貫して「誤嚥性肺炎」と記載され、CTで左主気管支閉塞・左完全無気肺を伴うため、誤嚥性肺炎（J690）が最も適合。
3. 中心治療: 酸素吸入、喀痰吸引、点滴（補液・抗菌薬）、呼吸心拍監視、呼吸リハ、摂食機能療法、喀痰培養など呼吸・感染管理に集中的な資源投入。
- 誤嚥エピソード後の左主気管支閉塞と画像上の（ほぼ）完全無気肺から、誤嚥性肺炎＋閉塞性無気肺として呼吸不全を来し入院・治療されている。
- 発熱・酸素需要増・喀痰増加に対し抗菌薬と吸引を行い、入院の大半で酸素療法とモニタリングが継続しており、本入院の主要資源投入先となっている。
- ICD-10として、誤嚥に伴う肺炎・無気肺を包括するJ690が臨床像に最も合致し、DPC6 040081「誤嚥性肺炎」とEF上の酸素吸入・喀痰吸引・呼吸リハ・嚥下訓練などが整合する。",x,,分岐なし（xのみ）,,x,,分岐なし（xのみ）,,99,手術なし,,x,処置等1の分岐なし,0,トリガーにマッチする処置コードなし,x,副傷病の分岐なし,,x,重症度の分岐なし (全 x),,040081xx99x0xx,"入院期間I:9日/3320点
入院期間II:17日/2169点
入院期間III:60日/1844点","入院日数18日
入院期間I:3320×9日=29880
入院期間II:2169×8日=17352
入院期間III:1844×1日=1844
合計:49076",49076,selected,,false,false,,040081xx99x0xx,,040081xx99x0xx,1000,同点候補なし,,,
1712288,2026-05-17,2026-06-03,ok,72.8,J981,誤嚥による左肺無気肺（閉塞性無気肺）,無気肺,0.6,040180,気管支狭窄など気管通過障害,"1. 入院目的: 誤嚥後の酸素化低下とCTでの左主気管支閉塞・左完全無気肺に対する管理と、終末期方針・転院調整。
2. 主病名: 画像で「左完全無気肺」「左ほぼ完全無気肺」と繰り返し記載され、誤嚥物による気道閉塞が原因であるため、閉塞性無気肺（J981）が該当。
3. 中心治療: 酸素療法、喀痰吸引、呼吸心拍監視、呼吸リハなど、気道閉塞と無気肺を是正・緩和する目的の資源が継続投入。
- 誤嚥物で左主気管支が閉塞し、その結果として左肺がほぼ完全無気肺となっており、呼吸状態悪化の重要な構成要素である。
- 誤嚥性肺炎と一体の病態だが、画像上は無気肺の進行・持続が毎回強調されており、呼吸管理・リハビリの主要ターゲットとして扱われている。
- ICD-10上、術後ではなく誤嚥物による閉塞性無気肺にJ981が適合し、DPC6 040180「気管支狭窄など気管通過障害」との組み合わせでも、酸素・喀痰吸引・呼吸リハといったEFの内容と矛盾しない。",x,,分岐なし（xのみ）,,x,,分岐なし（xのみ）,,99,手術なし,,x,処置等1の分岐なし,x,処置等2の分岐なし,x,副傷病の分岐なし,,x,重症度の分岐なし (全 x),,040180xx99xxxx,,18日 包括対象外,,rejected,包括対象外,,,,,,,,,,,
1712288,2026-05-17,2026-06-03,ok,72.8,I500,既往の心不全（今回入院でも管理対象）,うっ血性心不全,0.42,050130,心不全,"1. 入院目的: 主には誤嚥性肺炎と終末期老衰だが、既往歴として心不全があり、高齢・全身状態不良の背景として考慮されている。
2. 主病名: カルテに「心不全」の既往が明記されており、うっ血性心不全（I500）が最も一般的なコード。
3. 中心治療: 今回特異的な心不全治療（利尿増量、強心薬、心不全目的の侵襲的処置など）の記載は乏しいが、呼吸心拍監視や心電図など循環管理資源は一部心不全リスク管理とも解釈できる。
- 既往心不全は高齢・老衰患者の誤嚥性肺炎・呼吸不全の予後に大きく影響しうる背景疾患であり、終末期の循環動態悪化の一因ともなりうる。
- ただし本入院で心不全急性増悪としての明確なエピソードや特異的治療は示されず、資源投入の主因は誤嚥性肺炎・無気肺側にある。
- ICD-10としてはI500「うっ血性心不全」が汎用的であり、DPC6 050130「心不全」として循環器管理の候補にはなるが、本症例では主資源投入病名としての優先度はやや低い。",x,,分岐なし（xのみ）,,x,,分岐なし（xのみ）,,99,手術なし,,0,トリガーにマッチする処置コードなし,0,トリガーにマッチする処置コードなし,x,副傷病の分岐なし,,0,"branch=0 numeric=0 label=他の病院・診療所の病棟からの転院以外 / 中村医院からの往診・訪問看護後に救急車で当院受診となっており、他院病棟からの転院入院を示す記載はない。 (verifier 不整合あり, best-effort 採用: ['conclusion_label_mismatch'])",[2026-05-17]5/17朝食後に酸素化低下あり、中村医院訪問看護で吸引し酸素化改善あり救急要請し受診となった; [2026-05-17]来院手段：救急車…5/17朝食後に酸素化低下あり、中村医院訪問看護で吸引し酸素化改善あり救急要請し受診となった; [2026-05-17]中村医院が往診。吸引し酸素化改善。当院へ搬送となり入院,050130xx9900x0,"入院期間I:7日/3150点
入院期間II:14日/2242点
入院期間III:60日/1906点","入院日数18日
入院期間I:3150×7日=22050
入院期間II:2242×7日=15694
入院期間III:1906×4日=7624
合計:45368",45368,rejected,点数が低い (差 3708),,,,,,,,,,,
1712288,2026-05-17,2026-06-03,ok,72.8,I710,既往の大動脈解離（今回もリスク背景病態）,慢性大動脈解離,0.4,050161,大動脈解離,"1. 入院目的: 誤嚥性肺炎と老衰に対する支持療法および転院・看取り調整であり、大動脈解離自体を目的とした治療入院ではない。
2. 主病名: 既往歴に「大動脈解離」と明記されており、慢性期の大動脈解離（I710）が妥当。
3. 中心治療: 今回入院中に大動脈解離に対する特異的治療（外科的修復やステントグラフトなど）は行われていないが、終末期に心血管系イベントが鑑別として挙げられており、循環管理の一部はこの背景病態に起因しうる。
- 既往の大動脈解離は重篤な心血管疾患であり、終末期の突然死リスクとして考慮されている（死亡直前の心血管系イベントの可能性が言及）。
- しかし本入院を通じた医療資源の中心は誤嚥性肺炎と老衰管理であり、大動脈解離は背景リスクとしての位置づけにとどまる。
- ICD-10としてI710「慢性大動脈解離」を選択し、DPC6 050161「大動脈解離」とEF上の循環モニタリング等の一部は整合しうるが、主資源投入病名としては補助的候補にとどめる。",x,,分岐なし（xのみ）,,x,,分岐なし（xのみ）,,99,手術なし,,0,トリガーにマッチする処置コードなし,0,トリガーにマッチする処置コードなし,x,副傷病の分岐なし,,x,重症度の分岐なし (全 x),,050161xx9900xx,"入院期間I:7日/3378点
入院期間II:15日/2245点
入院期間III:60日/1908点","入院日数18日
入院期間I:3378×7日=23646
入院期間II:2245×8日=17960
入院期間III:1908×3日=5724
合計:47330",47330,rejected,点数が低い (差 1746),,,,,,,,,,,
1754844,2026-06-03,2026-06-17,ok,135.9,I50.1,慢性心不全（EF保たれた心不全，NYHAⅢ，Stage D）,左室駆出率の保たれた心不全,0.82,050130,心不全,"1. 入院目的: 慢性心不全・廃用症候群に対する社会的入院として紹介・入院（終末期ケアと転院調整も目的）。
2. 主病名: 慢性心不全（wet-warm, NYHAⅢ, EF0.46） → EF保たれた心不全 I50.1。
3. 中心治療: 心大血管疾患リハビリテーション，利尿薬（アゾセミド）の調整，心不全・腎機能に関連した血液検査・NT-proBNP・心エコー・Xp評価。
・カルテ上，入院診断＃1が慢性心不全で，入院経過全体を通じて心不全状態とその管理（浮腫・肺うっ血・体重・利尿薬調整・心リハ）が治療の軸になっている。
・EF 0.46と記載され，HFpEF相当であり，I50.1「左室駆出率の保たれた心不全」が最も整合する。
・心大血管疾患リハビリテーション料（H000）は心不全を含む循環器疾患に対する資源投入であり，本疾患がリハと内服調整の主対象となっている。
・DPC6は050130「心不全」で，循環器検査（心エコー，心電図，NT-proBNP，胸部Xp）・リハ・利尿薬調整など本症例の医療資源内容とよく整合する。
・心不全増悪は強くないが，wet-warm, 両下腿浮腫，体重増加など慢性心不全管理目的での入院であり，社会的入院側面があっても最資源投入病名候補として十分成立する。",x,,分岐なし（xのみ）,,x,,分岐なし（xのみ）,,99,手術なし,,0,トリガーにマッチする処置コードなし,0,"処置等2=0: H000(心大血管疾患リハビリテーション料（１）（１単位）（理学療法士による場合）)[レセ電=180744210, 実施日=2026-06-04;2026-06-06;2026-06-08;2026-06-09;2026-06-10;2026-06-11;2026-06-12;2026-06-13;2026-06-14;2026-06-15;2026-06-16], H000(心大血管疾患リハビリテーション料（１）（１単位）（集団療法による場合）)[レセ電=180744610, 実施日=2026-06-12;2026-06-16]",x,副傷病の分岐なし,,0,"branch=0 label=他の病院・診療所の病棟からの転院以外 / 紹介元は外来・訪問診療のクリニックであり、入院病棟からの転院を示す記載はないため、病棟からの転院には該当しない。 (verifier 不整合あり, best-effort 採用: ['conclusion_label_mismatch'])",[2026-06-03]平山ハートクリニック（平山統一先生）より紹介。…本日は心房細動調律で血圧の低下…ということで当院へ搬送依頼となる。; [2026-06-03]【現病歴】・平山ハートクリニック（平山統一先生）より紹介。…前医外来にてDOB点滴を2日間行われたが…ということで当院へ搬送依頼となる。,050130xx9900x0,"入院期間I:7日/3150点
入院期間II:14日/2242点
入院期間III:60日/1906点","入院日数15日
入院期間I:3150×7日=22050
入院期間II:2242×7日=15694
入院期間III:1906×1日=1906
合計:39650",39650,selected,,false,false,,050130xx9900x0,,050130xx9900x0,1000,同点候補なし,,,
1754844,2026-06-03,2026-06-17,ok,135.9,N18.5,末期腎不全（慢性腎臓病G5）,慢性腎臓病ステージＧ５,0.8,110280,慢性腎炎症候群・慢性間質性腎炎・慢性腎不全,"1. 入院目的: 慢性心不全・廃用症候群に対する社会的入院であり，末期腎不全に対するRRT非導入・終末期ケア方針のもと転院調整を行う目的も明記されている。
2. 主病名: 末期腎不全（慢性腎臓病G5） → 慢性腎臓病ステージG5 N18.5。
3. 中心治療: 腎機能・電解質・シスタチンC等を含む多数の腎関連検査，エリスロポエチン投与，利尿薬・降圧薬・抗凝固薬の腎機能に応じた調整，透析非導入の意思決定と終末期ケア・転院調整。
・既往歴に「慢性腎臓病G5」「末期腎不全」と明記され，RRT導入は行わない，透析は希望しないと記載されており，今回入院での長期的な治療方針決定と薬剤調整の重要な前提疾患となっている。
・多項目の腎機能・電解質検査やエリスロポエチン投与など，腎不全管理に直接関連する医療資源投入が継続している。
・G5でありCKDステージG5に相当するため，ICD-10としてはN18.5「慢性腎臓病ステージG5」が最も整合する。
・DPC6は110280「慢性腎炎症候群・慢性間質性腎炎・慢性腎不全」であり，末期CKDに対する保存的治療と検査中心の入院内容に対応する。
・本入院は心不全との合併状態だが，透析非導入の方針決定とそのもとでの薬剤・ケア調整という点で，腎不全も最資源投入病名候補として十分な重みがある。",x,,分岐なし（xのみ）,,x,,分岐なし（xのみ）,,99,手術なし,,0,トリガーにマッチする処置コードなし,0,トリガーにマッチする処置コードなし,1,副傷病あり（value=1）,"[放射線レポート] J90(胸水，他に分類されないもの) 根拠: 胸腹部CTで「両側胸水」「胸水、腹水貯留」と診断され、胸水貯留の所見が明確にある。 引用: 心拡大、小葉間隔壁肥厚があり、軽度の間質性肺水腫が疑われます。
両側胸水、圧迫性無気肺があります。…; 診断: 心拡大
胸水、腹水貯留
間質性肺水腫（軽度） 判断: CTで両側胸水と診断され、心不全管理の一環として評価されており、胸水（J90）の副傷病に該当。",x,重症度の分岐なし (全 x),,110280xx99001x,"入院期間I:7日/3037点
入院期間II:14日/2170点
入院期間III:60日/1845点","入院日数15日
入院期間I:3037×7日=21259
入院期間II:2170×7日=15190
入院期間III:1845×1日=1845
合計:38294",38294,rejected,点数が低い (差 1356),,,,,,,,,,,
1754844,2026-06-03,2026-06-17,ok,135.9,I48.0,発作性心房細動,発作性心房細動,0.65,050070,頻脈性不整脈,"1. 入院目的: 5月末からの下腿浮腫・食思低下に加え，紹介元で心房細動調律・血圧低下がみられ当院へ搬送依頼となっており，不整脈も受診・入院契機の一部。
2. 主病名: 発作性心房細動 → I48.0 発作性心房細動。
3. 中心治療: 入院時・経過中の心電図・心拍監視（D220, D208）による不整脈モニタリング，抗凝固薬リクシアナの一時休薬・再開判断。
・現病歴に「発作性心房細動（リクシアナ15mg）」と既往として記載され，紹介状でもAf再発と血圧低下を理由に搬送となっており，不整脈が悪化契機となっている。
・入院中は呼吸心拍監視（D220）が連日算定されており，心電図検査も施行されていることから，リズム管理・心拍数管理のためのモニタリングに一定の資源が割かれている。
・腎機能悪化を踏まえた抗凝固療法（リクシアナ休薬→週明け腎機能で再開予定）の調整も，本疾患に関連する重要な内科的管理である。
・ICD-10は病名そのものとしてI48.0が対応し，DPC6は050070「頻脈性不整脈」で，心拍監視・心電図などの入院資源と整合する。
・心不全・腎不全よりは入院全体への影響は小さいが，入院誘因の一つかつ継続的モニタリング対象であるため，最資源投入病名候補として保持する価値がある。",x,,分岐なし（xのみ）,,x,,分岐なし（xのみ）,,99,手術なし,,0,トリガーにマッチする処置コードなし,0,トリガーにマッチする処置コードなし,1,副傷病あり（value=1）,"[カルテ記事] I451(その他及び詳細不明の右脚ブロック) 根拠: 救急外来・入院時心電図所見で「CRBBB」と記載され、右脚ブロックの存在が確認されている。 引用: FREE:ECG: AF HR110bpm NAD CRBBB low voltage; ECG：Af, CRBBB 判断: CRBBBは完全右脚ブロックに相当し、今回入院時ECGで確認されているため伝導障害として採用。 | [放射線レポート] J90(胸水，他に分類されないもの) 根拠: 胸腹部CTで「両側胸水」「胸水、腹水貯留」と診断され、胸水貯留の所見が明確にある。 引用: 心拡大、小葉間隔壁肥厚があり、軽度の間質性肺水腫が疑われます。
両側胸水、圧迫性無気肺があります。…; 診断: 心拡大
胸水、腹水貯留
間質性肺水腫（軽度） 判断: CTで両側胸水と診断され、心不全管理の一環として評価されており、胸水（J90）の副傷病に該当。",x,重症度の分岐なし (全 x),,050070xx99001x,"入院期間I:5日/3315点
入院期間II:12日/2240点
入院期間III:30日/1904点","入院日数15日
入院期間I:3315×5日=16575
入院期間II:2240×7日=15680
入院期間III:1904×3日=5712
合計:37967",37967,rejected,点数が低い (差 1683),,,,,,,,,,,
1754844,2026-06-03,2026-06-17,ok,135.9,M62.59,廃用症候群（心不全・CKDに伴うADL低下）,廃用症候群,0.55,070320,筋拘縮・萎縮（その他）,"1. 入院目的: 「慢性心不全、廃用症候群に対する社会的入院」と明記され，自宅で基本的にベッド上生活で家族ケアが困難な状況の調整目的。
2. 主病名: 廃用症候群 → M62.59 廃用症候群。
3. 中心治療: 心大血管疾患リハビリテーション，リハビリ総合計画評価料，歩行車使用による歩行訓練，ADL向上を目指した継続リハ。
・ADLは自宅でほぼベッド上生活という記載が繰り返され，今回入院での大きな目的がリハビリと在宅可否評価・転院／自宅退院の検討である。
・心大血管リハ(H000)は心疾患名で算定されているが，実際の施行目的には廃用に伴う筋力・ADL低下の改善も含まれる。
・リハ経過により「歩行車使用で移動も可能」と改善が得られており，リハビリ関連の人的・時間的資源投入が入院期間を通じて継続している。
・ICD-10はM62.59「廃用症候群」がカルテ用語と一致し，DPC6は070320「筋拘縮・萎縮（その他）」でリハ中心の入院ストーリーと適合する。
・ただし，リハ算定区分は循環器（心大血管リハ）である点から，形式上の主疾患は心不全・心疾患側に置かれる可能性が高く，相対的にはサブ候補と評価する。",x,,分岐なし（xのみ）,,x,,分岐なし（xのみ）,,99,手術なし,,x,処置等1の分岐なし,x,処置等2の分岐なし,x,副傷病の分岐なし,,x,重症度の分岐なし (全 x),,070320xx99xxxx,"入院期間I:11日/2643点
入院期間II:22日/1875点
入院期間III:60日/1594点","入院日数15日
入院期間I:2643×11日=29073
入院期間II:1875×4日=7500
合計:36573",36573,rejected,点数が低い (差 3077),,,,,,,,,,,
1754844,2026-06-03,2026-06-17,ok,135.9,I10,高血圧症（心不全・腎不全に合併する本態性高血圧）,本態性高血圧症,0.45,050140,高血圧性疾患,"1. 入院目的: 直接の入院目的ではないが，慢性心不全・末期腎不全の背景として高血圧症が挙げられており，薬剤調整対象の一つ。
2. 主病名: 高血圧症 → I10 本態性高血圧症。
3. 中心治療: ARNIからARBへの変更，CCB休薬など降圧薬レジメンの見直しと，腎機能・血圧を踏まえた内服調整。
・診断リストに「＃高血圧症」と明記されており，心不全・腎不全の基礎疾患として存在する。
・入院時アセスメントで「ARNI→ARBへ，CCB一旦休薬」と具体的な降圧薬調整が行われており，ポリファーマシー是正と合わせて治療資源が投入されている。
・しかし，血圧自体は入院中おおむね安定しており，高血圧クリーゼや高血圧緊急症など重症管理は行われていないため，心不全・腎不全と比べると相対的な資源投入量は小さい。
・ICD-10はI10「本態性高血圧症」が最も一般的で，DPC6は050140「高血圧性疾患」となり，降圧薬調整・モニタリング中心の管理と整合はするが，今回入院では補助的候補にとどまる。",x,,分岐なし（xのみ）,,x,,分岐なし（xのみ）,,99,手術なし,,x,処置等1の分岐なし,0,トリガーにマッチする処置コードなし,1,副傷病あり（value=1）,"[放射線レポート] J90(胸水，他に分類されないもの) 根拠: 胸腹部CTで「両側胸水」「胸水、腹水貯留」と診断され、胸水貯留の所見が明確にある。 引用: 心拡大、小葉間隔壁肥厚があり、軽度の間質性肺水腫が疑われます。
両側胸水、圧迫性無気肺があります。…; 診断: 心拡大
胸水、腹水貯留
間質性肺水腫（軽度） 判断: CTで両側胸水と診断され、心不全管理の一環として評価されており、胸水（J90）の副傷病に該当。",x,重症度の分岐なし (全 x),,050140xx99x01x,"入院期間I:8日/3142点
入院期間II:15日/2229点
入院期間III:60日/1894点","入院日数15日
入院期間I:3142×8日=25136
入院期間II:2229×7日=15603
合計:40739",40739,rejected,上位候補に劣る,,,,,,,,,,,
1828865,2026-07-02,2026-07-10,ok,73.2,I219,非ST上昇型心筋梗塞（多枝病変）,非ＳＴ上昇型心筋梗塞,0.85,050030,急性心筋梗塞（続発性合併症を含む。）、再発性心筋梗塞,"1. 入院目的: LCAへのPCI目的転院。直前のCAG/PCI後にSTEを伴う胸痛とCPK1500程度の上昇、hsTnI 37925と高値で、ACSの加療継続目的入院。
2. 主病名: カルテで「NSTEMI/worsening effort AP」と記載されており、非ST上昇型急性心筋梗塞としてI219（非ＳＴ上昇型心筋梗塞）に相当。
3. 中心治療: K548 経皮的冠動脈形成術（アテローム切除アブレーションカテーテル使用）、心電図・心エコー、心大血管リハビリ、酸素・持続モニタなど、ACSとしての集中管理と再PCI。
・hsTnI著明高値、CK/MB上昇、CCTA/CAGで多枝重症狭窄、症状経過から急性心筋梗塞としての医療資源投入（HCUでの血圧コントロール含む）が大きい。
・今回入院中も7/8にLADおよび#6, #11に対してPCI（debulking, rota, Shock Wave, DCB）施行と、急性期ACS加療の一環として多枝への介入が継続されている。
・I219はDPC6「050030 急性心筋梗塞」と対応し、K548を含むPCI関連Kコードとの整合が良く、今回の主要手技の直接対象疾患である。
・狭心症（I200/I251）よりも、バイオマーカーと記載（NSTEMI）から急性心筋梗塞として扱う根拠が強く、最資源投入病名として最有力候補となる。",x,,分岐なし（xのみ）,,x,,分岐なし（xのみ）,,97,その他の手術（1件のKコードが他パターンに非該当）,K548(経皮的冠動脈形成術（特殊カテーテルによるもの）（アテローム切除アブレーション式血管形成術用カテーテルによるもの）),x,処置等1の分岐なし,0,"処置等2=0: H000(心大血管疾患リハビリテーション料（１）（１単位）（理学療法士による場合）)[レセ電=180744210, 実施日=2026-07-05], H000(心大血管疾患リハビリテーション料（１）（１単位）（看護師による場合）)[レセ電=180744510, 実施日=2026-07-06;2026-07-07;2026-07-09]",x,副傷病の分岐なし,,x,重症度の分岐なし (全 x),,050030xx97x0xx,"入院期間I:3日/4151点
入院期間II:12日/2457点
入院期間III:60日/2088点","入院日数9日
入院期間I:4151×3日=12453
入院期間II:2457×6日=14742
合計:27195",27195,selected,,true,false,0.9,050030xx97x0xx,050030xx97x0xx,050030xx97x0xx,1000,同点候補あり,入院目的は「LCAへのPCI」で、経過中のA/Pでは一貫して「NSTEMI/worsening effort AP」と記載され、バイオマーカー上昇とACSとしての管理が行われている。K548によるPCIもこの急性冠症候群（NSTEMI）に対する血行再建として実施されており、医療資源投入の主軸は急性心筋梗塞側にあるため、050030（I219）を主病名とする候補0が妥当。,,
1828865,2026-07-02,2026-07-10,ok,73.2,I200,増悪労作型狭心症（多枝冠動脈狭窄）,増悪労作型狭心症,0.78,050050,狭心症、慢性虚血性心疾患,"1. 入院目的: 入院初診時に「LCAへのPCI」「worsening effort AP」と記載され、労作時胸痛の悪化に対するLAD/LCxへのstaged PCI目的で転院。
2. 主病名: 「worsening effort AP」は増悪労作型狭心症に対応し、I200（増悪労作型狭心症）と解釈可能。
3. 中心治療: K548によるPCI to LADおよび#6、#11への高度石灰化病変に対するRota・Shock Wave・DCBなど、典型的な狭心症・多枝冠動脈狭窄に対する血行再建が今回入院の主要手技。
・CCTAとCAGで#2, #6, #8, #11, #12に高度狭窄を認め、多枝病変による症状増悪が入院契機となっている。
・ACS（NSTEMI）としての側面を持ちつつも、staged PCIで多枝の機械的治療が中心であり、慢性虚血性心疾患/狭心症としての再血行再建入院とも位置づけられる。
・I200はDPC6「050050 狭心症、慢性虚血性心疾患」に対応し、K548などのPCI Kコードを包含しており、EF上の手技とよく整合。
・急性期心筋梗塞（I219）と隣接する病態だが、症状記載・長期経過を考えると、慢性冠動脈疾患の増悪として最資源投入病名の別候補として保持する価値が高い。",x,,分岐なし（xのみ）,,x,,分岐なし（xのみ）,,97,その他の手術（1件のKコードが他パターンに非該当）,K548(経皮的冠動脈形成術（特殊カテーテルによるもの）（アテローム切除アブレーション式血管形成術用カテーテルによるもの）),x,処置等1の分岐なし,0,トリガーにマッチする処置コードなし,x,副傷病の分岐なし,,x,重症度の分岐なし (全 x),,050050xx97x0xx,"入院期間I:3日/4085点
入院期間II:7日/2612点
入院期間III:30日/2220点","入院日数9日
入院期間I:4085×3日=12255
入院期間II:2612×4日=10448
入院期間III:2220×2日=4440
合計:27143",27143,rejected,点数が低い (差 52),,,,,,,,,,,
1828865,2026-07-02,2026-07-10,ok,73.2,N179,造影剤腎症疑いによる急性腎障害,急性腎不全,0.6,110290,急性腎不全,"1. 入院目的: 直前のCAG/PCI後に腎機能障害が出現し、「AKI(CIN疑い)」「CIN」としてL/Dフォローと生理食塩水補液が計画されている。
2. 主病名: カルテでは「AKI(CIN疑い)」「CIN」と記載され、ICD-10としては急性腎不全N179が最も近い包括コード。
3. 中心治療: 持続点滴（G004）による補液、腎機能フォロー目的の頻回血液検査（Cre, BUN, eGFR）、酸素・モニタリング下での腎機能経過観察。
・BUN/Cre/eGFR 34.4/2.08/25.4と有意な腎機能悪化があり、PCI前後での造影剤負荷に伴うCINが強く疑われ、治療・管理の一つの柱となっている。
・EFでは血液検査・点滴投与が複数日にわたり算定され、腎機能改善を確認しつつ7/8のPCI実施可否を判断するなど、入院方針に影響している。
・N179はDPC6「110290 急性腎不全」に対応し、本症例では腎代替療法Kコードはないが、補液・検査・モニタリング等の資源投入が行われており、心疾患に次ぐ副次的だが独立した資源投入病名候補といえる。
・心疾患群（I219/I200等）ほどの資源量ではないが、造影剤使用PCIの可否判断に直結しており、最資源投入病名候補として保持すべき。",x,,分岐なし（xのみ）,,x,,分岐なし（xのみ）,,97,その他の手術（1件のKコードが他パターンに非該当）,K548(経皮的冠動脈形成術（特殊カテーテルによるもの）（アテローム切除アブレーション式血管形成術用カテーテルによるもの）),x,処置等1の分岐なし,0,トリガーにマッチする処置コードなし,x,副傷病の分岐なし,,x,重症度の分岐なし (全 x),,110290xx97x0xx,"入院期間I:10日/3118点
入院期間II:20日/2156点
入院期間III:60日/1833点","入院日数9日
入院期間I:3118×9日=28062
合計:28062",28062,rejected,上位候補に劣る,,,,,,,,,,,
1828865,2026-07-02,2026-07-10,ok,73.2,E119,糖尿病（心血管リスク背景疾患）,２型糖尿病,0.45,10007x,２型糖尿病（糖尿病性ケトアシドーシスを除く。）,"1. 入院目的: 直接の入院目的ではないが、HTn, DLp, DMと明記され、心血管リスクとして冠動脈疾患・多枝病変形成に大きく寄与している既往疾患。
2. 主病名: 「DM」と繰り返し記載され、HbA1c 7.6とコントロール不良の2型糖尿病が想定される。急性合併症記載はなく、E119（２型糖尿病、合併症なし）相当と判断。
3. 中心治療: 入院中にSGLT2阻害薬を心保護目的でダパグリフロジンへ変更し、後に薬剤性肝障害疑いから元に戻すなど、糖尿病薬物療法の見直しが行われている。
・糖尿病は今回のPCI対象である冠動脈硬化性心疾患の重要な背景病態であり、長期的には大きな医療資源を要するが、今回入院中の資源投入の中心は心疾患・AKIである。
・それでも薬剤調整・血糖検査・心保護目的の治療方針変更など一定の介入があり、背景疾患としての候補に挙げる価値はある。
・糖尿病は多くのDPC6で補助的に扱われるため、本ツール結果では特定DPC6候補が返っていないが、主病名ではなく背景リスクとしての補助候補として位置付ける。",x,,分岐なし（xのみ）,,x,,分岐なし（xのみ）,,xx,パターン xx,,x,処置等1の分岐なし,0,トリガーにマッチする処置コードなし,x,副傷病の分岐なし,,x,重症度の分岐なし (全 x),,10007xxxxxx0xx,"入院期間I:5日/2868点
入院期間II:9日/2035点
入院期間III:30日/1729点","入院日数9日
入院期間I:2868×5日=14340
入院期間II:2035×4日=8140
合計:22480",22480,rejected,点数が低い (差 4715),,,,,,,,,,,
1842372,2026-06-27,2026-07-10,ok,84.4,I211,ST上昇型急性下後壁心筋梗塞,急性下後壁心筋梗塞,0.98,050030,急性心筋梗塞（続発性合併症を含む。）、再発性心筋梗塞,"1. 入院目的: 胸部絞扼感で搬送され「ST上昇型急性下壁心筋梗塞」と診断され，その治療目的で入院。
2. 主病名: カルテの「＃ST上昇型急性心筋梗塞（下後壁…）」より，解剖学的に最も整合するコードはI211（急性下後壁心筋梗塞）。
3. 中心治療: 時間外でのemergency CAGとPrimary PCI（K546: 急性心筋梗塞に対する経皮的冠動脈形成術），心大血管疾患リハビリテーション，多数の心筋逸脱酵素・心エコー・冠動脈造影等。
・Peak CK/CKMB 1110/136，SCAI B/Killip I と明記され，急性期AMIとして集中的検査・治療が行われている。
・EFのK546はI21xに対する典型的手術であり，本症例では下後壁のSTEMIに対して施行されている。
・PCI後もNT-proBNP等を含む心機能評価，酸素投与，心大血管リハビリを継続しており，入院全体の医療資源の中心は下後壁STEMIである。
・I211に対応するDPC6は050030であり，その必須Kコード群にK5461-3が含まれ，EFのK546と完全に整合する。",x,,分岐なし（xのみ）,,x,,分岐なし（xのみ）,,97,その他の手術（2件のKコードが他パターンに非該当）,"K546(経皮的冠動脈形成術（急性心筋梗塞に対するもの）), K000(時間外加算１（手術）)",x,処置等1の分岐なし,0,"処置等2=0: H000(心大血管疾患リハビリテーション料（１）（１単位）（理学療法士による場合）)[レセ電=180744210, 実施日=2026-06-29;2026-06-30;2026-07-01;2026-07-02;2026-07-03;2026-07-06;2026-07-07;2026-07-08;2026-07-09], H000(心大血管疾患リハビリテーション料（１）（１単位）（看護師による場合）)[レセ電=180744510, 実施日=2026-07-02;2026-07-03], H000(心大血管疾患リハビリテーション料（１）（１単位）（集団療法による場合）)[レセ電=180744610, 実施日=2026-07-05;2026-07-06;2026-07-08;2026-07-09]",x,副傷病の分岐なし,,x,重症度の分岐なし (全 x),,050030xx97x0xx,"入院期間I:3日/4151点
入院期間II:12日/2457点
入院期間III:60日/2088点","入院日数14日
入院期間I:4151×3日=12453
入院期間II:2457×9日=22113
入院期間III:2088×2日=4176
合計:38742",38742,selected,,false,false,,050030xx97x0xx,,050030xx97x0xx,1000,同点候補なし,,,
1842372,2026-06-27,2026-07-10,ok,84.4,I10,本態性高血圧症,本態性高血圧症,0.55,050140,高血圧性疾患,"1. 入院目的: 主目的はAMI治療だが，既往として高血圧症があり，来院時もBP190/120と高度高血圧を呈している。
2. 主病名: 「＃2：高血圧症」と診断されており，特定の二次性原因記載なく慢性管理中であることから本態性高血圧症(I10)が妥当。
3. 中心治療: 血圧コントロール薬物治療，心血管リスク評価（心エコー，血管伸展性検査），生活指導などが実施されている。
・高血圧はAMI発症の重要な背景疾患であり，急性期の血圧管理にも一定の医療資源が使われている。
・ただし侵襲的手技や心大血管リハビリの主たる対象は心筋梗塞であり，高血圧単独に対する集中治療は行われていないため，最資源投入病名としてはAMIに劣後するが，背景循環器疾患としてDPCの別候補（050140）になりうるため補助的候補として保持する。",x,,分岐なし（xのみ）,,x,,分岐なし（xのみ）,,97,その他の手術（2件のKコードが他パターンに非該当）,"K546(経皮的冠動脈形成術（急性心筋梗塞に対するもの）), K000(時間外加算１（手術）)",x,処置等1の分岐なし,0,トリガーにマッチする処置コードなし,x,副傷病の分岐なし,,x,重症度の分岐なし (全 x),,050140xx97x0xx,"入院期間I:7日/3171点
入院期間II:15日/2216点
入院期間III:60日/1884点","入院日数14日
入院期間I:3171×7日=22197
入院期間II:2216×7日=15512
合計:37709",37709,rejected,点数が低い (差 1033),,,,,,,,,,,
1842372,2026-06-27,2026-07-10,ok,84.4,E11.9,２型糖尿病（コントロール不良）,２型糖尿病,0.5,10007x,２型糖尿病（糖尿病性ケトアシドーシスを除く。）,"1. 入院目的: AMI治療が主目的だが，既往として2型糖尿病がありHbA1c 8.3%とコントロール不良で，入院中に治療方針変更が行われている。
2. 主病名: 「＃2型糖尿病（HbA1c：8.3%）」と記載され，急性合併症（ケトアシドーシス・昏睡など）は言及されないため，合併症を伴わない2型糖尿病としてE11.9相当が妥当。
3. 中心治療: 経口薬レジメン変更（SU薬→トラディアンスAPへ，メトホルミン再開），複数の糖代謝関連検査（IRI，CPR，抗GAD抗体等），栄養・生活指導が行われている。
・糖尿病は冠動脈疾患の主要リスクであり，本入院中も治療強化の対象となっているため，一定の医療資源が費やされている。
・ただしICU管理やPCIなど高額・高侵襲資源はAMIに紐づいており，糖尿病は背景慢性疾患としての位置づけが強い。
・DPC上は10007x系（２型糖尿病）の候補となりうるが，本入院の実態としては心筋梗塞に比べ主資源投入とは言い難いため，補助候補として保持する。",x,,分岐なし（xのみ）,,x,,分岐なし（xのみ）,,xx,パターン xx,,x,処置等1の分岐なし,1,"処置等2=1: 0169(インスリン製剤（注射薬に限る。）), (ノボラピッド注　１００単位／ｍｌ)[レセ電=620008895, 実施日=2026-06-28;2026-06-29;2026-06-30;2026-07-01;2026-07-02;2026-07-03;2026-07-05;2026-07-07;2026-07-09]",x,副傷病の分岐なし,,x,重症度の分岐なし (全 x),,10007xxxxxx1xx,"入院期間I:6日/2871点
入院期間II:12日/2037点
入院期間III:30日/1731点","入院日数14日
入院期間I:2871×6日=17226
入院期間II:2037×6日=12222
入院期間III:1731×2日=3462
合計:32910",32910,rejected,点数が低い (差 5832),,,,,,,,,,,
1842372,2026-06-27,2026-07-10,ok,84.4,E785,脂質異常症,脂質異常症,0.4,100300,代謝性疾患（糖尿病を除く。）,"1. 入院目的: 主目的はSTEMI治療だが，既往として脂質異常症があり，冠動脈疾患のリスク因子として管理されている。
2. 主病名: 「＃脂質異常症」と記載され，家族性や二次性の具体的原因が書かれていないため，E785（脂質異常症）が妥当。
3. 中心治療: 血清脂質検査（HDL, LDL, 中性脂肪等）や薬物療法調整，動脈硬化評価などが実施されていると推測される。
・脂質異常症はAMIの発症背景として重要で，本入院中も検査・薬物管理がなされているが，急性期の高侵襲資源（PCIやリハビリ等）の直接対象ではない。
・DPC上は100300「代謝性疾患（糖尿病を除く。）」の候補となるが，本症例では急性冠症候群に対する治療資源が圧倒的であるため，最資源投入病名としてはAMIに大きく劣後し，補助的候補と位置づける。",x,,分岐なし（xのみ）,,x,,分岐なし（xのみ）,,xx,パターン xx,,x,処置等1の分岐なし,0,トリガーにマッチする処置コードなし,x,副傷病の分岐なし,,x,重症度の分岐なし (全 x),,100300xxxxx0xx,,14日 包括対象外,,rejected,包括対象外,,,,,,,,,,,
2010988,2026-05-20,2026-06-03,ok,168.3,I63.9,脳梗塞（左放線冠）,脳梗塞,0.86,010060,脳梗塞,"1. 入院目的: 構音障害と右半身脱力を主訴とし、画像で左放線冠の脳梗塞疑いにて内科的加療・リハビリ目的で入院。
2. 主病名: カルテ上「＃1：脳梗塞 左放線冠」と一貫記載され、虚血性脳卒中として I63.9 脳梗塞（詳細不明）を選択。
3. 中心治療: 点滴・抗血小板薬2剤（アスピリン、クロピドグレル）、各種塞栓源検索、脳血管疾患等リハビリ（PT/OT/ST）を連日実施。
4. 入院期間全体で脳梗塞急性期〜亜急性期管理とリハビリが継続され、医療資源投入の中心となっている。
5. MRIで責任病巣が確認され、頸部血管・心エコー・ホルター等で塞栓源を検索しており、虚血性脳梗塞として矛盾しないが、機序や動脈枝の特定までは記載なく .9（詳細不明）が妥当。
6. DPC6は010060 脳梗塞に対応し、本症例の検査・画像・リハビリ構成と整合する（脳血管内治療Kコードは実施なしの内科管理群）。
7. 他候補（ラクナ梗塞、脳梗塞後遺症）に比べ、今回入院での急性期病態そのものを表現しており、最資源投入病名として最も直接的。",x,,分岐なし（xのみ）,,x,,分岐なし（xのみ）,,99,手術なし,,x,処置等1の分岐なし,2,"処置等2=2: H001(脳血管疾患等リハビリテーション料（１）（１単位）（理学療法士による場合）)[レセ電=180745310, 実施日=2026-05-21;2026-05-23;2026-05-25;2026-05-26;2026-05-28;2026-05-29;2026-06-01;2026-06-02], H001(脳血管疾患等リハビリテーション料（１）（１単位）（言語聴覚士による場合）)[レセ電=180745510, 実施日=2026-05-21;2026-05-22;2026-05-23;2026-05-24;2026-05-26;2026-05-29;2026-05-30;2026-05-31;2026-06-02], H001(脳血管疾患等リハビリテーション料（１）（１単位）（作業療法士による場合）)[レセ電=180745410, 実施日=2026-05-30]",0,副傷病なし（AI/EF探索で該当なし）,,x,重症度の分岐なし (全 x),,010060xx99x20x,"入院期間I:7日/3191点
入院期間II:14日/2168点
入院期間III:60日/1842点","入院日数15日
入院期間I:3191×7日=22337
入院期間II:2168×7日=15176
入院期間III:1842×1日=1842
合計:39355",39355,selected,,false,false,,010060xx99x20x,,010060xx99x20x,1000,同点候補なし,,,
2010988,2026-05-20,2026-06-03,ok,168.3,G81.9,脳梗塞後の片麻痺・構音障害,脳梗塞後の片麻痺,0.58,010310,脳の障害（その他）,"1. 入院目的: 発症から約1週間経過した段階で軽度右片麻痺と構音障害が残存し、リハビリ目的で地域回復期病院への転院を見据えた機能回復・維持管理。
2. 主病名: 臨床的には既に亜急性期〜慢性期に入りつつある脳梗塞後の機能障害（右片麻痺・構音障害）に対して、脳血管疾患等リハビリを集中的に実施しており、G81.9（脳梗塞後の片麻痺）として後遺症側から切ることもDPC上ありうる。
3. 中心治療: H001（脳血管疾患等リハビリ：PT/OT/ST）、リハ総合計画評価料、長期モニタリング・看護など、機能障害に対する資源投入が顕著。
4. 本入院ではt-PAや血管内治療など急性期介入は行われておらず、むしろ残存症状へのリハ比重が高いため、後遺症DPC（010310 脳の障害）が主傷病として選択されるケースも実務上想定される。
5. ただしカルテ診断名が一貫して「脳梗塞 左放線冠」であり、「後遺症」や「片麻痺」のコード化は明示されていないため、I63系に比べれば優先度は下がるが、リハ中心入院としての代替主傷病候補として保持。",x,,分岐なし（xのみ）,,x,,分岐なし（xのみ）,,99,手術なし,,x,処置等1の分岐なし,0,トリガーにマッチする処置コードなし,0,副傷病なし（AI/EF探索で該当なし）,,x,重症度の分岐なし (全 x),,010310xx99x00x,"入院期間I:3日/3059点
入院期間II:6日/2218点
入院期間III:30日/1885点","入院日数15日
入院期間I:3059×3日=9177
入院期間II:2218×3日=6654
入院期間III:1885×9日=16965
合計:32796",32796,rejected,点数が低い (差 6559),,,,,,,,,,,
2010988,2026-05-20,2026-06-03,ok,168.3,E78.5,脂質異常症,脂質異常症,0.45,100300,代謝性疾患（糖尿病を除く。）,"1. 入院目的: 主目的は脳梗塞だが、危険因子として既往に脂質異常症があり、脳梗塞精査・再発予防の一環として脂質管理も想定される。
2. 主病名: カルテで「＃2：脂質異常症」と明示されており、脳梗塞の背景疾患として治療継続対象。ICD-10は包括的な E78.5 脂質異常症が妥当。
3. 中心治療: 採血で脂質プロファイル（LDL, HDL, TG）測定が行われ、長期投薬・生活指導等が継続される想定だが、本入院での資源投入量は脳梗塞に比べ小さい。
4. 単独での入院ではなく、今回は脳梗塞の危険因子管理としての側面が中心のため、最資源投入病名にはなりにくいが、背景疾患として独立候補にはなりうるため低めのconfidenceで保持。",x,,分岐なし（xのみ）,,x,,分岐なし（xのみ）,,xx,パターン xx,,x,処置等1の分岐なし,0,トリガーにマッチする処置コードなし,x,副傷病の分岐なし,,x,重症度の分岐なし (全 x),,100300xxxxx0xx,,15日 包括対象外,,rejected,包括対象外,,,,,,,,,,,
2010988,2026-05-20,2026-06-03,ok,168.3,J42.0,慢性気管支炎,慢性気管支炎,0.3,040090,急性気管支炎、急性細気管支炎、下気道感染症（その他）,"1. 入院目的: 今回の直接の入院理由ではなく、既往歴として記載されている慢性呼吸器疾患。
2. 主病名: 既往に「慢性気管支炎」と明記されており、ICD-10 は J42 慢性気管支炎群から詳細不明の J42.0 相当を選択するのが妥当。
3. 中心治療: 今回入院中、慢性気管支炎を主対象とした気管支拡張薬、酸素療法、気道感染治療などの資源投入は記載されておらず、検査・リハは脳梗塞中心である。
4. したがって本疾患が今回入院の最資源投入病名となる可能性は低いが、高齢者であり入院全体のリスク管理には影響しうるため、ごく補助的候補として低いconfidenceで保持。",x,,分岐なし（xのみ）,,x,,分岐なし（xのみ）,,xx,パターン xx,,x,処置等1の分岐なし,x,処置等2の分岐なし,x,副傷病の分岐なし,,x,重症度の分岐なし (全 x),,040090xxxxxxxx,"入院期間I:3日/2727点
入院期間II:5日/1934点
入院期間III:30日/1644点","入院日数15日
入院期間I:2727×3日=8181
入院期間II:1934×2日=3868
入院期間III:1644×10日=16440
合計:28489",28489,rejected,点数が低い (差 10866),,,,,,,,,,,
2026121,2026-07-01,2026-07-10,ok,112.9,K564,便秘による糞便性イレウス,糞便性イレウス,0.86,060210,ヘルニアの記載のない腸閉塞,"1. 入院目的: 腹痛と排便停止を主訴とする「便秘症精査」、経過で「便秘による糞便性イレウス」と診断。
2. 主病名: 便秘に起因した機械的腸閉塞としての糞便性イレウス → K564 糞便性イレウス。
3. 中心治療: 入院管理下で絶食～食事調整、浣腸・緩下剤等による排便コントロール、点滴、腹部X線・CT読影、SCF（S状結腸ファイバー）、心電図・心エコー、モニタリング、リハビリなど。
- 経過中の記載で一貫して「＃ 便秘　糞便性イレウス」とされ、症状改善も排便コントロールで得られており、入院の直接原因かつ治療の中心病態。
- CTで大腸拡張と便貯留があり、炎症反応上昇が乏しいことから、腸炎や穿孔ではなく糞便による腸閉塞像が主と判断される。
- ICD-10としては、単なる便秘症（K590）よりも、腸管閉塞を呈した病態であるため、糞便性イレウス K564 が臨床像に最も整合。
- DPC6は060210（ヘルニアの記載のない腸閉塞）が対応し、本症例は手術・イレウス管なしの内科的加療だが、腸閉塞としての入院管理・検査・点滴が資源投入の主体であり、このDPC群との整合がよい。
- 他候補（単純便秘、慢性便秘）は同じ入院ストーリーに含まれるが、「イレウス」としての重症度と入院適応の直接原因である点で本候補を優先すべき病態と判断できる。",x,,分岐なし（xのみ）,,x,,分岐なし（xのみ）,,99,手術なし,,0,トリガーにマッチする処置コードなし,0,トリガーにマッチする処置コードなし,0,副傷病なし（AI/EF探索で該当なし）,,x,重症度の分岐なし (全 x),,060210xx99000x,"入院期間I:4日/3293点
入院期間II:8日/2336点
入院期間III:30日/1985点","入院日数10日
入院期間I:3293×4日=13172
入院期間II:2336×4日=9344
入院期間III:1985×2日=3970
合計:26486",26486,selected,,true,false,0.95,060210xx99000x,060210xx99000x,060210xx99000x,1000,同点候補あり,入院目的は「便秘症精査」で、主訴は腹痛。画像で大腸拡張と便貯留を認め、入院後一貫して「＃便秘　糞便性イレウス」と記載され、浣腸・排便コントロールなど腸閉塞に対する内科的治療が資源投入の中心。慢性腎不全は背景病態であり、本入院の主たる治療標的ではないため、DPC6=060210（糞便性イレウス）を主病名とする候補0が妥当。,,
2026121,2026-07-01,2026-07-10,ok,112.9,K590,便秘症（慢性便秘）,便秘症,0.7,060570,その他の消化器等の障害,"1. 入院目的: 「便秘症精査目的」と明記され、入院前数日間の排便停止と腹痛を背景に紹介入院。
2. 主病名: 長期的な排便困難・便秘を基盤に今回の糞便性イレウスが発症したと考えられる慢性便秘 → K590 便秘症／慢性便秘。
3. 中心治療: 入院後の排便コントロール（浣腸、緩下剤処方）、食事調整、腹部レントゲンや内視鏡による器質的病変検索、点滴補液など。
- 入院初日から「便秘症疑い」と評価されており、既往に潰瘍性大腸炎はあるが、今回の内視鏡（S状結腸まで）では明らかなUC増悪所見はなく、主病態は便秘そのものと記載されている。
- 便秘が慢性的に存在し、今回イレウスの誘因ともなっているため、慢性疾患としても入院経過を通じて治療・指導の対象となっている。
- ICD-10は、原因の特定（オピオイド、薬剤等）の記載がないため、K590の「便秘症」汎用コードを選択するのが妥当。
- DPC6では060570「その他の消化器等の障害」に対応し、今回の入院では手術Kコードはなく、保存的加療中心であるが、便秘管理目的の検査・処置・投薬・入院観察に相応する群となる。
- 糞便性イレウス（K564）とは同一ストーリー上の病態だが、イレウスが急性イベント、便秘症は背景の慢性病態として両者とも相応の資源投入が認められるため、最資源投入病名候補として保持する。",x,,分岐なし（xのみ）,,x,,分岐なし（xのみ）,,99,手術なし,,x,処置等1の分岐なし,0,トリガーにマッチする処置コードなし,x,副傷病の分岐なし,,x,重症度の分岐なし (全 x),,060570xx99x0xx,"入院期間I:3日/3235点
入院期間II:6日/2182点
入院期間III:30日/1854点","入院日数10日
入院期間I:3235×3日=9705
入院期間II:2182×3日=6546
入院期間III:1854×4日=7416
合計:23667",23667,rejected,点数が低い (差 2819),,,,,,,,,,,
2026121,2026-07-01,2026-07-10,ok,112.9,N189,慢性腎不全,慢性腎不全,0.55,110280,慢性腎炎症候群・慢性間質性腎炎・慢性腎不全,"1. 入院目的: 主訴は腹痛と便秘だが、採血で腎機能障害（BUN 82, Cr 2.50, eGFR 20.2）とされ、既往歴にも慢性腎不全の記載あり。
2. 主病名: 既知の慢性腎不全があり、今回入院でも高度腎機能低下が継続 → N189 慢性腎不全。
3. 中心治療: 補液量・薬剤（特にDOAC）の腎機能に応じた調整、点滴管理、血液検査フォロー、心エコー・心電図など全身状態評価。
- SOAPで「腎不全。炎症反応上昇なし。」と明記され、腎機能障害は今回入院時にも問題視されている。
- DOAC継続の可否など、心房細動治療方針にも強く影響しており、薬物選択・投与量調整などで実務的な資源投入がある。
- EFでは点滴注射（G004）、多数の血液検査（D005, D007等）が実施されており、腹部症状だけでなく腎機能評価・維持も入院管理の一部となっていると解釈できる。
- ICD-10としては、維持透析中の記載がないためN185ではなく、透析記載のない慢性腎不全 N189 が妥当。
- DPC6は110280（慢性腎炎症候群・慢性間質性腎炎・慢性腎不全）であり、本症例では腎関連の手術Kコードはないものの、腎機能管理目的の検査・点滴が行われている点で整合する。
- ただし、今回入院の直接契機や主訴は便秘・イレウスであり、腎不全は背景病態であるため、最資源投入病名としては便秘関連より劣るが、検査・薬剤調整への影響が大きいため候補として保持する。",x,,分岐なし（xのみ）,,x,,分岐なし（xのみ）,,99,手術なし,,0,トリガーにマッチする処置コードなし,0,トリガーにマッチする処置コードなし,0,副傷病なし（AI/EF探索で該当なし）,,x,重症度の分岐なし (全 x),,110280xx99000x,"入院期間I:4日/3055点
入院期間II:9日/2285点
入院期間III:30日/1942点","入院日数10日
入院期間I:3055×4日=12220
入院期間II:2285×5日=11425
入院期間III:1942×1日=1942
合計:25587",25587,rejected,点数が低い (差 899),,,,,,,,,,,
2026121,2026-07-01,2026-07-10,ok,112.9,I480,発作性心房細動,発作性心房細動,0.45,050070,頻脈性不整脈,"1. 入院目的: 直接の主訴は腹痛・便秘だが、既往歴に発作性心房細動があり、DOAC継続の可否が腎機能を踏まえて検討されている。
2. 主病名: 既知の発作性心房細動があり、抗凝固療法（リクシアナ内服）継続の是非が今回入院時にも議論されている → I480 発作性心房細動。
3. 中心治療: 心電図（D208）、心エコー（D215）、心拍監視（D220）、抗凝固薬・その他循環器薬の継続と調整、全身状態評価。
- EFレコードに心電図、心エコー、呼吸心拍監視が含まれ、循環器系のモニタリングが実施されていることから、心房細動および心機能評価にも資源が投入されている。
- 心房細動そのものによる急性増悪（頻脈性心不全や塞栓症など）の記載はないため、本入院の直接契機ではないが、抗凝固療法の継続判断や出血リスク評価などで入院管理に影響している。
- ICD-10は既往歴が「発作性心房細動：カルディオバージョン後」とされており、I480 発作性心房細動が最も自然。
- DPC6は050070「頻脈性不整脈」に対応し、心電図・心拍監視・心エコーといったEFの検査コードと臨床的に整合する。
- ただし腹部症状や内視鏡など消化器系の資源投入に比べると、心房細動に対する追加侵襲的治療（アブレーション等）は本入院で行われておらず、最資源投入の中心とは言いがたいが、モニタリングと薬剤管理の面から補助的候補として残す。",x,,分岐なし（xのみ）,,x,,分岐なし（xのみ）,,99,手術なし,,0,トリガーにマッチする処置コードなし,0,トリガーにマッチする処置コードなし,0,副傷病なし（AI/EF探索で該当なし）,,x,重症度の分岐なし (全 x),,050070xx99000x,"入院期間I:2日/3635点
入院期間II:4日/2374点
入院期間III:30日/2018点","入院日数10日
入院期間I:3635×2日=7270
入院期間II:2374×2日=4748
入院期間III:2018×6日=12108
合計:24126",24126,rejected,点数が低い (差 2360),,,,,,,,,,,
2026121,2026-07-01,2026-07-10,ok,112.9,M6259,廃用症候群,廃用症候群,0.42,070320,筋拘縮・萎縮（その他）,"1. 入院目的: 直接の契機は腹痛・便秘だが、入院時から「入院によりADLの低下が予想される」「要介護2以上にADL低下していそう」との記載があり、転院・在宅復帰支援が検討されている。
2. 主病名: 入院時すでに要介護2でADL低下があり、今回入院中も廃用予防と機能維持を目的としてリハビリテーションが集中的に行われている → M6259 廃用症候群。
3. 中心治療: 廃用症候群リハビリテーション料（H001-21）、早期リハ加算・休日リハ加算・総合計画評価料など複数日のリハビリテーション介入。
- EFにH001-21および関連加算が多数算定されており、リハビリテーションが本入院の資源投入の大きな割合を占めていると考えられる。
- 医師記録でも「要介護２以上にADL低下していそう」「一旦転院してから帰宅支援を検討」とあり、リハビリ・介護面の調整が入院後半の主な目的となっている。
- ICD-10は、リハビリ対象としての「廃用症候群」M6259がDPC6 070320（筋拘縮・萎縮（その他））に対応し、実施リハビリコードと整合する。
- ただし、DPCルール上は原則として廃用症候群よりも原疾患側（便秘性イレウスなど）を主病名とすることが多く、本症例でも入院契機は腹部症状であるため、相対的に主病名候補としては次点となるが、リハ資源投入の大きさから候補に含める。",x,,分岐なし（xのみ）,,x,,分岐なし（xのみ）,,99,手術なし,,x,処置等1の分岐なし,x,処置等2の分岐なし,x,副傷病の分岐なし,,x,重症度の分岐なし (全 x),,070320xx99xxxx,"入院期間I:11日/2643点
入院期間II:22日/1875点
入院期間III:60日/1594点","入院日数10日
入院期間I:2643×10日=26430
合計:26430",26430,rejected,点数が低い (差 56),,,,,,,,,,,
2049282,2026-07-23,2026-07-30,ok,108.2,K803,総胆管結石性胆管炎（胆道出血合併疑い）,総胆管結石性胆管炎,0.9,060340,胆管（肝内外）結石、胆管炎,"1. 入院目的: かかりつけで肝胆道系酵素上昇を指摘され、総胆管結石性胆管炎として紹介・入院。
2. 主病名: カルテで一貫して「結石性胆管炎」と記載され、ERCPで総胆管結石を確認し採石しており、ICD-10は総胆管結石性胆管炎 K803 が最適。
3. 中心治療: 2026/7/24 ERCPでバルーン採石・バスケット採石・EBS留置（K688）、点滴抗菌薬、血液検査・CT等の集中した医療資源投入。
- 結石除去と胆道ステント留置という侵襲的内視鏡治療の直接対象疾患であり、本入院の主要資源はこの病態に投下。
- 結石除去時に胆道内血腫排出を認め「胆道出血」も疑われたが、胆管炎・結石が一次病態であり、胆道出血はその合併症的位置づけ。
- DPC6 060340 の手術Kコード群に K688（内視鏡的胆道ステント留置術）が含まれ、EFのK688と完全整合するため、DPC的にも主軸候補。
- せん妄や低K血症は二次的であり、ERCP・抗菌薬・検査などの資源量からみて総胆管結石性胆管炎が最も医療資源を要している。
- 肝細胞癌は今回BSC方針で積極治療は行われておらず、資源投入量では胆管炎が上回ると判断。",x,,分岐なし（xのみ）,,x,,分岐なし（xのみ）,,03,パターン 03（必須Kコード 1 マッチ）,K688(内視鏡的胆道ステント留置術),x,処置等1の分岐なし,0,トリガーにマッチする処置コードなし,0,副傷病なし（AI/EF探索で該当なし）,,x,重症度の分岐なし (全 x),,060340xx03x00x,"入院期間I:4日/3233点
入院期間II:7日/2294点
入院期間III:30日/1950点","入院日数8日
入院期間I:3233×4日=12932
入院期間II:2294×3日=6882
入院期間III:1950×1日=1950
合計:21764",21764,rejected,点数が低い (差 1249),,,,,,,,,,,
2049282,2026-07-23,2026-07-30,ok,108.2,C220,S4巨大肝細胞癌,肝細胞癌,0.7,060050,肝・肝内胆管の悪性腫瘍（続発性を含む。）,"1. 入院目的: 肝胆道系酵素上昇精査の過程でCTにてS4領域の約60mm大の肝腫瘍を発見され、2023年CTで病変なしから悪性腫瘍（HCC）と判断。
2. 主病名: カルテで「S4 巨大HCC」と明記されており、ICD-10はC220 肝細胞癌が該当。
3. 中心治療: 本入院中は造影CT・腫瘍評価・DEB-TACE適応検討・緩和バックベッド調整など、今後の治療方針決定と緩和医療準備に相当の時間的・人的資源が投じられているが、腫瘍に対する侵襲的治療（TACE, 手術等）は実施されていない。
- HCCは長期予後を規定し、胆管圧排や胆道出血の原因として今回の胆管炎増悪にも関与しているため、入院全体の背景疾患として極めて重要。
- しかし本人・家族の希望とせん妄などからBSC方針となり、侵襲的治療は見送られているため、今回入院期間中の直接的医療資源（Kコード等）は胆管炎ほど大きくない。
- DPC6 060050は肝悪性腫瘍に対応し、今後別入院でTACEや外科治療を行う場合には主病名となり得るため、本入院でも有力候補として保持。",x,,分岐なし（xのみ）,,x,,分岐なし（xのみ）,,97,その他の手術（1件のKコードが他パターンに非該当）,K688(内視鏡的胆道ステント留置術),x,処置等1の分岐なし,0,トリガーにマッチする処置コードなし,x,副傷病の分岐なし,,x,重症度の分岐なし (全 x),,060050xx97x0xx,"入院期間I:5日/3216点
入院期間II:10日/2311点
入院期間III:30日/1964点","入院日数8日
入院期間I:3216×5日=16080
入院期間II:2311×3日=6933
合計:23013",23013,selected,,false,false,,060050xx97x0xx,,060050xx97x0xx,1000,同点候補なし,,,
2049282,2026-07-23,2026-07-30,ok,108.2,F051,認知症に重なったせん妄,認知症に重なったせん妄,0.55,170060,その他の精神及び行動の障害,"1. 入院目的: 肝胆道系酵素上昇と胆管炎精査・治療入院だが、高齢で元々軽度認知症があり、入院後「自己抜針多数回」「安静保持困難」「なんで入院しているか分からん」などせん妄が顕在化。
2. 主病名: カルテに「＃3．せん妄」「少し認知症はある」「せん妄あり」と明記され、基礎認知症上のせん妄エピソードと解釈されるため、ICD-10はF051 認知症に重なったせん妄が最も近い。
3. 中心治療: 鎮静・抑制や観察、看護配置、TACE困難の判断など、せん妄管理に多くの人的・時間的資源が消費され、治療選択（DEB-TACE断念、BSC方針）にも大きく影響。
- せん妄のためTACE等の侵襲的治療が断念され、入院の方針決定や退院支援（緩和バックベッド調整）にも関わっており、全経過にわたる管理対象。
- 侵襲的処置自体は伴わないが、モニタリング・安全管理・説明・家族対応など人的コストが大きく、精神疾患として最資源投入病名候補となりうる。
- ただし本入院での主要手技Kコードは胆管系疾患に対するものであり、DPC観点では胆管炎/HCCに比べ優先度は下がるため、補助的候補とした。",x,,分岐なし（xのみ）,,x,,分岐なし（xのみ）,,xx,パターン xx,,x,処置等1の分岐なし,x,処置等2の分岐なし,x,副傷病の分岐なし,,x,重症度の分岐なし (全 x),,170060xxxxxxxx,,8日 包括対象外,,rejected,包括対象外,,,,,,,,,,,
2049282,2026-07-23,2026-07-30,ok,108.2,E876,低カリウム血症,低カリウム血症,0.45,10039x,体液・電解質・酸塩基平衡障害,"1. 入院目的: 主たる目的は胆管炎・肝腫瘍精査だが、入院時からK値3.19〜3.28mEq/Lと低カリウム血症を認め、経過中も問題視されている。
2. 主病名: カルテで「＃4．低K血症」と診断され、アスパラK処方による補正を行っていることから、ICD-10はE876 低カリウム血症を選択。
3. 中心治療: 電解質補正（アスパラK処方）、点滴管理、頻回の電解質検査（D007 Na/K/Cl等）が行われているが、侵襲的処置はない。
- 低K血症は不整脈などのリスクがあり、特に心疾患疑いや高齢患者で安全管理上の重要な治療対象となるが、本症例では症候性エピソードは記載されていない。
- 検査・内服調整という形で一定の資源は投じられているものの、ERCPやHCC評価に比べると入院資源の中心ではない。
- それでも入院経過中に独立した診断名として管理されているため、体液・電解質異常DPC（10039x）の候補として補助的に保持する。",x,,分岐なし（xのみ）,,x,,分岐なし（xのみ）,,97,その他の手術（1件のKコードが他パターンに非該当）,K688(内視鏡的胆道ステント留置術),x,処置等1の分岐なし,x,処置等2の分岐なし,x,副傷病の分岐なし,,x,重症度の分岐なし (全 x),,10039xxx97xxxx,"入院期間I:9日/3229点
入院期間II:18日/2190点
入院期間III:60日/1861点","入院日数8日
入院期間I:3229×8日=25832
合計:25832",25832,rejected,上位候補に劣る,,,,,,,,,,,
2146062,2026-06-15,2026-06-25,ok,86.8,K830,急性胆管炎,急性胆管炎,0.9,060340,胆管（肝内外）結石、胆管炎,"1. 入院目的: 「胆管炎加療目的」「胆管炎にて6月15日当科入院」と明記され、肝機能障害・閉塞性黄疸を伴う胆管炎として入院。
2. 主病名: 急性胆管炎（閉塞性黄疸・発熱・CRP高値を伴い、抗菌薬・ERCPを要した胆管炎）→ K830 急性胆管炎。
3. 中心治療: 抗生剤点滴（G004）、ERCP下内視鏡的胆道ステント留置術 K688、連日の血液検査 D007・画像検査 D215/E200 など胆管ドレナージと感染制御が入院資源の中心。
4. 胆道ステント（SEMS/EGBS）留置と抗菌薬治療が本入院のメインであり、EF上のK688とも直接対応する。
5. DPC6は胆管炎/胆管結石群 060340 が割り当てられ、そこに必須KコードとしてK688が登録されており、今回実施処置と完全に整合する。
6. 膵頭部癌や膵炎は重要な基礎疾患・合併症だが、今回入院の資源投入は主に胆管炎のコントロールに向けられているため、本疾患は最資源投入病名として強く成立する。",x,,分岐なし（xのみ）,,x,,分岐なし（xのみ）,,03,パターン 03（必須Kコード 1 マッチ）,K688(内視鏡的胆道ステント留置術),x,処置等1の分岐なし,0,トリガーにマッチする処置コードなし,0,副傷病なし（AI/EF探索で該当なし）,,x,重症度の分岐なし (全 x),,060340xx03x00x,"入院期間I:4日/3233点
入院期間II:7日/2294点
入院期間III:30日/1950点","入院日数11日
入院期間I:3233×4日=12932
入院期間II:2294×3日=6882
入院期間III:1950×4日=7800
合計:27614",27614,rejected,点数が低い (差 5343),,,,,,,,,,,
2146062,2026-06-15,2026-06-25,ok,86.8,C250,膵頭部癌（胆管浸潤による閉塞性黄疸）,膵頭部癌,0.8,06007x,膵臓、脾臓の腫瘍,"1. 入院目的: 元々は膵頭部癌疑いで化学療法導入予定のところ、肝機能障害・胆管炎で当科入院。入院経過中に「胆管生検で腺癌を認めた」とあり、膵頭部癌（胆道浸潤）として確定。
2. 主病名: 膵頭部癌、SMA浸潤 → 膵頭部原発の悪性腫瘍として C250 膵頭部癌 が最も整合。
3. 中心治療: 今回入院では腫瘍そのものへの外科的治療・化学療法は未実施だが、腫瘍浸潤による閉塞性黄疸・胆管炎に対してERCP＋SEMS/EGBSで減黄・感染対策が行われており、背景腫瘍として入院全体の治療計画を規定している。
4. 胆管ステント留置 K688 は直接の対象は胆管炎だが、その原因は膵頭部癌による胆管閉塞であり、今後の化学療法予定も含め長期的資源投入の中心疾患となる。
5. DPC6 は 06007x（膵臓、脾臓の腫瘍）に紐づき、将来的な手術や抗がん剤治療が同群で評価されるため、本入院でも基礎悪性腫瘍として主傷病候補に十分な重みがある。
6. 急性胆管炎と競合するが、入退院サマリでも#2として繰り返し記載され、悪性疾患としての重みから最資源投入病名候補として保持する価値が高い。",x,,分岐なし（xのみ）,,x,,分岐なし（xのみ）,,97,その他の手術（1件のKコードが他パターンに非該当）,K688(内視鏡的胆道ステント留置術),x,処置等1の分岐なし,0,トリガーにマッチする処置コードなし,x,副傷病の分岐なし,,x,重症度の分岐なし (全 x),,06007xxx97x0xx,"入院期間I:5日/3237点
入院期間II:10日/2297点
入院期間III:30日/1952点","入院日数11日
入院期間I:3237×5日=16185
入院期間II:2297×5日=11485
入院期間III:1952×1日=1952
合計:29622",29622,rejected,点数が低い (差 3335),,,,,,,,,,,
2146062,2026-06-15,2026-06-25,ok,86.8,K858,ERCP後急性膵炎,ＥＲＣＰ後膵炎,0.7,060350,急性膵炎、被包化壊死,"1. 入院目的: 胆管炎加療目的で入院し、6/15 ERCP＋SEMS/EGBS施行後、翌日より腹痛と血清アミラーゼ著明高値を認め、「ERCP後膵炎を疑い」と記載。
2. 主病名: ERCP/SEMS後に発症した膵炎であり、原因手技が明確な術後膵炎 → K858 ＥＲＣＰ後膵炎 が最も具体的に合致。
3. 中心治療: 連日の点滴（G004）、疼痛管理、膵炎フォローのための採血 D007、腹部CT E200 など、数日間は膵炎管理にも相当な資源が投入されている。
4. 退院時要約でも#3として「膵炎 → SEMSにより膵管口閉塞か」と繰り返し記載され、臨床的にも合併症として重視されている。
5. DPC6 は 060350（急性膵炎、被包化壊死）で、重症度次第では本疾患が入院資源の主因となり得る分類であり、本症例でも中等度の膵炎として数日間の加療が行われている。
6. 急性胆管炎と比較すると入院全期間への影響はやや短いが、ERCPに伴う重要な合併症として最資源投入病名候補に挙げる価値がある。",x,,分岐なし（xのみ）,,x,,分岐なし（xのみ）,,01,パターン 01（必須Kコード 1 マッチ）,K688(内視鏡的胆道ステント留置術),0,トリガーにマッチする処置コードなし,0,トリガーにマッチする処置コードなし,x,副傷病の分岐なし,,0,sev_mild_severe の値を取得できず → デフォルト (急性膵炎の厚労省予後因子（A項目）個々の記載がなく、スコア合計値もどこにも明示されていない。),"[2026-06-16]6/16 採血でAMY 2133に上昇あり
…ERCP後膵炎を疑いCT評価を; [2026-06-16]【腹部単純CT】
腹水出現あり。胆嚢の造影剤抜け悪い。膵管拡張。
SOAP_A: … #3.膵炎; [2026-06-19]【採血】
Amy正常化。CRPは横ばい。低栄養。
SOAP_A: … #3.膵炎",060350xx0100x0,"入院期間I:5日/3602点
入院期間II:10日/2555点
入院期間III:30日/2172点","入院日数11日
入院期間I:3602×5日=18010
入院期間II:2555×5日=12775
入院期間III:2172×1日=2172
合計:32957",32957,selected,,false,false,,060350xx0100x0,,060350xx0100x0,1000,同点候補なし,,,
2305250,2026-07-24,2026-07-31,ok,67.0,K800,胆石性急性胆嚢炎,胆石性急性胆のう炎,0.9,060335,胆嚢炎等,"1. 入院目的: 「胆嚢炎の加療」を目的に緊急入院し，腹部症状・発熱の精査加療が行われた。
2. 主病名: 救急外来で「胆石性急性胆嚢炎」と記載され，入院後も「急性胆嚢炎」として一貫して加療・手術が行われたため，胆石を伴う急性胆嚢炎としてK800を選択した。
3. 中心治療: 絶食・抗菌薬投与，呼吸心拍監視，胆汁培養などの感染管理に加え，7/25にK672腹腔鏡下胆嚢摘出術＋全身麻酔（L008,L009）を施行し，術後ドレーン管理・連日採血・画像検査を実施。
・今回入院の症状（嘔吐，下痢，上腹部痛，発熱）と画像所見（胆嚢腫大，胆嚢周囲液体貯留）および炎症反応高値から急性胆嚢炎が入院・手術の直接原因となっている。
・胆石性である旨が救急外来記載にあり，他に原因となる胆道疾患の記載がないため，K800「胆石性急性胆のう炎」が最も整合的。
・主要な医療資源は胆嚢自体の切除に集中しており，入院経過・退院調整も術後胆嚢炎の改善を軸に組まれている。
・DPC6はK800/K810ともに060335「胆嚢炎等」にマップされ，そこにK672が必須Kコードとして含まれており，実際のEF上のK672と完全に整合する。",x,,分岐なし（xのみ）,,x,,分岐なし（xのみ）,,01,パターン 01（必須Kコード 1 マッチ）,K672(腹腔鏡下胆嚢摘出術),0,トリガーにマッチする処置コードなし,0,トリガーにマッチする処置コードなし,x,副傷病の分岐なし,,x,重症度の分岐なし (全 x),,060335xx0100xx,"入院期間I:6日/3674点
入院期間II:13日/1941点
入院期間III:30日/1971点","入院日数8日
入院期間I:3674×6日=22044
入院期間II:1941×2日=3882
合計:25926",25926,selected,,false,false,,060335xx0100xx,,060335xx0100xx,1000,同点候補なし,,,
2305250,2026-07-24,2026-07-31,ok,67.0,K805,総胆管結石症疑い,総胆管結石,0.45,060340,胆管（肝内外）結石、胆管炎,"1. 入院目的: 初期救急記録で「総胆管結石疑いあり」とされ，MRCPでも一時「総胆管結石を疑う欠損像あり」と記載されており，入院時には胆嚢炎と共に評価対象となっていた。
2. 主病名: その後のMRCP再評価では「総胆管結石ははっきりしない」「アーティファクトの可能性の方が高い」と記載され，最終的には疑いのまま確定には至っていないが，入院初期には鑑別として総胆管結石症が強く意識されていた。
3. 中心治療: 方針としてERCP＋EGBS/EBSを検討し，抗菌薬投与・胆汁培養など胆道感染・閉塞を念頭においた検査・モニタリングが行われており，一部の医療資源は総胆管結石の可能性評価にも割かれている。
・画像上の疑いと治療計画（ERCP予定）から，胆管結石症K805のカテゴリで医療資源投入が検討・一部実施されており，「疑い病名」としても一定の資源（検査・経過観察）が費やされている。
・最終的には手術対象は胆嚢に絞られたが，もし入院中にERCPを実施していれば DPC6 060340の方が主病名候補となり得るため，境界的ケースとして保持しておく価値がある。
・K805はDPC6 060340「胆管（肝内外）結石、胆管炎」に対応し，そこにもK672腹腔鏡下胆嚢摘出術が手術Kコードとして含まれており，実施K672との形式的整合性もある（ただし本症例では主たるフォーカスは胆嚢側）。",x,,分岐なし（xのみ）,,x,,分岐なし（xのみ）,,02,パターン 02（必須Kコード 1 マッチ）,K672(腹腔鏡下胆嚢摘出術),0,トリガーにマッチする処置コードなし,0,トリガーにマッチする処置コードなし,x,副傷病の分岐なし,,x,重症度の分岐なし (全 x),,060340xx0200xx,"入院期間I:4日/3154点
入院期間II:8日/2328点
入院期間III:30日/1979点","入院日数8日
入院期間I:3154×4日=12616
入院期間II:2328×4日=9312
合計:21928",21928,rejected,点数が低い (差 3998),,,,,,,,,,,
2305250,2026-07-24,2026-07-31,ok,67.0,F069,外傷性高次脳機能障害,高次脳機能障害,0.55,170060,その他の精神及び行動の障害,"1. 入院目的: 主目的は胆嚢炎加療だが，「交通外傷による高次脳機能障害が残存」「ADLは全介助の方」と詳細に記載され，本疾患が今回の周術期管理・処置選択に大きく影響している。
2. 主病名: 既往としての外傷性高次脳機能障害が明示され，「高次機能障害→ADL全介助」と繰り返し記載されており，長期にわたる中枢神経後遺症としてF069が最も適合する。
3. 中心治療: 摂食機能療法（H004），呼吸心拍監視（D220），嚥下評価，点滴による栄養管理，PTGBD自己抜去リスクを考慮した治療方針決定など，多くの医療資源が本障害に起因するADL低下や嚥下障害リスクの管理に割かれている。
・胆嚢炎そのものよりも，誤嚥・自己抜去・ADL低下のリスクに対する配慮が治療方針（ERCP vs PTGBD vs 手術）決定に強く影響しており，この高次脳機能障害がなければよりシンプルな胆嚢炎加療となっていた可能性が高い。
・入院期間中継続的に管理・評価が必要であり，嚥下訓練や退院調整（施設退院）など，人的資源の投入が継続しているため，慢性基礎疾患であっても最資源投入病名候補として一定の位置づけがある。
・ICD-10 F069は高次脳機能障害に対応し，DPC6 170060「その他の精神及び行動の障害」にマップされるが，本入院ではKコードを伴う手術対象ではなく，主にリハ・ケア資源の消費である点から，胆嚢炎より相対的優先度は下がる。",x,,分岐なし（xのみ）,,x,,分岐なし（xのみ）,,xx,パターン xx,,x,処置等1の分岐なし,x,処置等2の分岐なし,x,副傷病の分岐なし,,x,重症度の分岐なし (全 x),,170060xxxxxxxx,,8日 包括対象外,,rejected,包括対象外,,,,,,,,,,,
2344226,2026-07-21,2026-07-31,ok,81.7,I219,ST上昇型急性心筋梗塞（下壁）,ＳＴ上昇型急性心筋梗塞,0.95,050030,急性心筋梗塞（続発性合併症を含む。）、再発性心筋梗塞,"1. 入院目的: 胸部圧迫感で救急搬送され、Ⅱ,Ⅲ,aVFのST上昇を伴うSTEMIとしてemergent CAG/PCI目的で入院。
2. 主病名: カルテで一貫して「ST上昇型急性心筋梗塞」「STEMI」と記載されており、部位詳細はあるがICD-10上はI219（ＳＴ上昇型急性心筋梗塞, 詳細不明）を用いるのが妥当。
3. 中心治療: K546（急性心筋梗塞に対する経皮的冠動脈形成術）、心電図・心エコー、心大血管疾患リハビリ、集中モニタリング、血液検査一式。
- 本入院の契機であり、最も侵襲的かつ高コストなPCIの直接対象病名である。
- EFファイルのK546は、DPC6 050030のsurgery_k_codes（K5461-3等）に一致し、急性心筋梗塞DPCと強固に整合する。
- 心原性ショックは入院時一過性で、治療の中心は梗塞病変の血行再建であったと解釈できる。
- I219はSTEMI/急性心筋梗塞を包括するコードであり、下壁などの局在はICD-10細分類に反映されないため詳細不明コードを用いる。
- DPC6は050030で、急性期AMI＋PCIという本症例の経過と完全に合致する。",x,,分岐なし（xのみ）,,x,,分岐なし（xのみ）,,97,その他の手術（1件のKコードが他パターンに非該当）,K546(経皮的冠動脈形成術（急性心筋梗塞に対するもの）),x,処置等1の分岐なし,0,"処置等2=0: H000(心大血管疾患リハビリテーション料（１）（１単位）（理学療法士による場合）)[レセ電=180744210, 実施日=2026-07-22;2026-07-24], H000(心大血管疾患リハビリテーション料（１）（１単位）（看護師による場合）)[レセ電=180744510, 実施日=2026-07-30], H000(心大血管疾患リハビリテーション料（１）（１単位）（集団療法による場合）)[レセ電=180744610, 実施日=2026-07-25;2026-07-26;2026-07-27;2026-07-28]",x,副傷病の分岐なし,,x,重症度の分岐なし (全 x),,050030xx97x0xx,"入院期間I:3日/4151点
入院期間II:12日/2457点
入院期間III:60日/2088点","入院日数11日
入院期間I:4151×3日=12453
入院期間II:2457×8日=19656
合計:32109",32109,selected,,false,false,,050030xx97x0xx,,050030xx97x0xx,1000,同点候補なし,,,
2344226,2026-07-21,2026-07-31,ok,81.7,N183,慢性腎臓病ステージG3a,慢性腎臓病ステージＧ３ａ,0.6,110280,慢性腎炎症候群・慢性間質性腎炎・慢性腎不全,"1. 入院目的: 主目的はAMI治療だが、既往として慢性腎臓病G3aが明記されており、造影剤使用や薬物選択に影響。
2. 主病名: 「慢性腎臓病G3a」が診断名リストに含まれ、eGFR約56mL/min/1.73m²とG3aレベルが検査でも裏付けられている。
3. 中心治療: 造影剤負荷下での腎機能管理（頻回のBUN/Cr測定、尿検査D001, D007）、電解質チェック、投薬調整など。
- 主要な手術・処置（PCI）はAMIだが、その安全な実施と術後管理においてCKDは常に考慮されており、腎機能モニタリングに一定の資源が割かれている。
- ICD-10はステージG3aに対応するN183「慢性腎臓病ステージＧ３ａ」がカルテ表現と一致し、DPC6は110280（慢性腎炎症候群・慢性腎不全）となる。
- 本入院での最資源はAMI関連と考えられるが、造影腎症リスク管理などCKDが治療計画に大きく影響している点から、条件次第では主傷病候補となり得るため保持する。",x,,分岐なし（xのみ）,,x,,分岐なし（xのみ）,,97,その他の手術（1件のKコードが他パターンに非該当）,K546(経皮的冠動脈形成術（急性心筋梗塞に対するもの）),x,処置等1の分岐なし,0,トリガーにマッチする処置コードなし,0,副傷病なし（AI/EF探索で該当なし）,,x,重症度の分岐なし (全 x),,110280xx97x00x,"入院期間I:6日/3004点
入院期間II:11日/2131点
入院期間III:30日/1811点","入院日数11日
入院期間I:3004×6日=18024
入院期間II:2131×5日=10655
合計:28679",28679,rejected,点数が低い (差 3430),,,,,,,,,,,
2344226,2026-07-21,2026-07-31,ok,81.7,E785,脂質異常症,脂質異常症,0.5,100300,代謝性疾患（糖尿病を除く。）,"1. 入院目的: AMIの危険因子精査・是正の一環として脂質異常症の管理が行われている。
2. 主病名: 診断名に「脂質異常症」が継続して記載され、LDL-C目標未達成を前提とした治療方針が詳細に議論されている。
3. 中心治療: 入院中ネキセトール処方、退院後レクビオ導入の検討、LDL直接測定（D007 LDL-C）など脂質管理に特化した検査・薬物療法。
- AMIの背景病態として重要であり、入院中に薬剤調整と将来の注射製剤導入計画が立てられているため、代謝性疾患としても一定の医療資源を消費している。
- ICD-10は脂質異常症に対してE785が直接対応し、DPC6は100300（代謝性疾患）となる。
- 本入院の最大資源投入はPCIを含むAMI治療だが、脂質異常症も継続管理と薬剤費が関与する病態として、条件によっては主病名に選ばれ得るため候補に含める。",x,,分岐なし（xのみ）,,x,,分岐なし（xのみ）,,xx,パターン xx,,x,処置等1の分岐なし,0,トリガーにマッチする処置コードなし,x,副傷病の分岐なし,,x,重症度の分岐なし (全 x),,100300xxxxx0xx,,11日 包括対象外,,rejected,包括対象外,,,,,,,,,,,
2344226,2026-07-21,2026-07-31,ok,81.7,I252,陳旧性心筋梗塞,陳旧性心筋梗塞,0.45,050050,狭心症、慢性虚血性心疾患,"1. 入院目的: 主たる目的は新規STEMIだが、既に陳旧性心筋梗塞がある患者として、慢性虚血性心疾患の管理も考慮されている。
2. 主病名: 救急外来記録・入院時診断で「陳旧性心筋梗塞」が明記されている。
3. 中心治療: 本入院での直接的治療対象は主に新規AMIだが、心エコーでの既存壁運動異常評価、残存LAD CTO病変への今後の治療計画など、慢性虚血性病変に対する評価も実施されている。
- 既往の陳旧性梗塞は、今回のSTEMI発症リスクや心機能低下に関与しており、虚血性心疾患全体としては相当の資源投入がなされている可能性がある。
- ICD-10は「陳旧性心筋梗塞」に対しI252が対応し、DPC6は050050（狭心症、慢性虚血性心疾患）で、K546等の冠動脈インターベンションKコードと関連を持つグループである。
- 今回入院でPCIの対象となったのは急性梗塞病変だが、慢性虚血病変評価や将来的な再血行再建方針立案を含め、虚血性心疾患全体が主題となっているため、急性AMIと隣接する候補として保持する。",x,,分岐なし（xのみ）,,x,,分岐なし（xのみ）,,97,その他の手術（1件のKコードが他パターンに非該当）,K546(経皮的冠動脈形成術（急性心筋梗塞に対するもの）),x,処置等1の分岐なし,0,トリガーにマッチする処置コードなし,x,副傷病の分岐なし,,x,重症度の分岐なし (全 x),,050050xx97x0xx,"入院期間I:3日/4085点
入院期間II:7日/2612点
入院期間III:30日/2220点","入院日数11日
入院期間I:4085×3日=12255
入院期間II:2612×4日=10448
入院期間III:2220×4日=8880
合計:31583",31583,rejected,点数が低い (差 526),,,,,,,,,,,
2420963,2026-06-18,2026-06-27,ok,118.8,K803,総胆管結石性胆管炎,総胆管結石性胆管炎,0.9,060340,胆管（肝内外）結石、胆管炎,"1. 入院目的: 心窩部痛と黄疸・肝障害で紹介され、胆石・胆泥を伴う閉塞性黄疸疑いとして入院し、胆道ドレナージ目的で加療。
2. 主病名: 入院後に「総胆管結石性胆管炎」と明記されており、閉塞性黄疸の原因疾患として位置づけられている。
3. 中心治療: ERCP下にK688 内視鏡的胆道ステント留置術、胆汁培養、点滴・酸素・モニタリングなどを実施。
・胆道系酵素（AST/ALT/γ-GTP）、ビリルビンが高度上昇し閉塞性黄疸像を呈しており、ERCP後に速やかな改善を認める経過からも総胆管結石による胆管炎と整合。
・K688はDPC上060340「胆管（肝内外）結石、胆管炎」の手術分岐Kコード群に含まれており、ICD-10 K803→DPC6 060340の対応が明確。
・入院中で最も侵襲的かつ資源を要した処置（ERCP＋ステント留置）の直接対象であり、入院全体の主たる治療フォーカスとなっているため、最資源投入病名として成立しうる。
・「閉塞性黄疸」(K831 など) は病態名であり、その原因としてより具体的なK803を選択する方が妥当と判断した。",x,,分岐なし（xのみ）,,x,,分岐なし（xのみ）,,03,パターン 03（必須Kコード 1 マッチ）,K688(内視鏡的胆道ステント留置術),x,処置等1の分岐なし,0,トリガーにマッチする処置コードなし,0,トリガーに該当する副傷病なし,,x,重症度の分岐なし (全 x),,060340xx03x00x,"入院期間I:4日/3233点
入院期間II:7日/2294点
入院期間III:30日/1950点","入院日数10日
入院期間I:3233×4日=12932
入院期間II:2294×3日=6882
入院期間III:1950×3日=5850
合計:25664",25664,selected,,false,false,,060340xx03x00x,,060340xx03x00x,1000,同点候補なし,,,
2420963,2026-06-18,2026-06-27,ok,118.8,E119,2型糖尿病（合併症なし）,２型糖尿病・詳細不明の合併症,0.45,10007x,２型糖尿病（糖尿病性ケトアシドーシスを除く。）,"1. 入院目的: 主目的は胆道疾患だが、既往歴に糖尿病があり、入院中もジャヌビア（シタグリプチン）内服調整が行われている。
2. 主病名: カルテには単に「糖尿病」とのみ記載されており、１型の記載や急性代謝失調の所見はないため、通常の成人発症２型糖尿病と解釈するのが妥当。
3. 中心治療: 経口血糖降下薬（ジャヌビア）の一時中止と再開の調整、血糖測定を含む。
・今回入院では糖尿病に対する集中的な治療（インスリン導入、シックデイ管理、ケトアシドーシス治療など）は行われておらず、資源投入の中心ではないが、慢性疾患として一定の管理が継続されている。
・ICD-10上、成人2型で特記合併症記載がない場合はE11の4桁として合併症なしのE11.9を選択するが、DPCマスタとの整合から検索結果に近いE119（詳細不明の合併症）相当コードを選び、合併症の明確な記載がない点から実質的には「合併症なし」に相当と解釈した。
・胆管炎関連診断ほどの資源投入はないものの、慢性管理疾患として候補下位に位置づける。",x,,分岐なし（xのみ）,,x,,分岐なし（xのみ）,,xx,パターン xx,,x,処置等1の分岐なし,1,"処置等2=1: 0169(インスリン製剤（注射薬に限る。）), (ノボラピッド注　１００単位／ｍｌ)[レセ電=620008895, 実施日=2026-06-18;2026-06-26]",x,副傷病の分岐なし,,x,重症度の分岐なし (全 x),,10007xxxxxx1xx,"入院期間I:6日/2871点
入院期間II:12日/2037点
入院期間III:30日/1731点","入院日数10日
入院期間I:2871×6日=17226
入院期間II:2037×4日=8148
合計:25374",25374,rejected,点数が低い (差 290),,,,,,,,,,,
2420963,2026-06-18,2026-06-27,ok,118.8,I259,虚血性心疾患（心筋梗塞・CABG後の慢性病変）,虚血性心疾患,0.4,050050,狭心症、慢性虚血性心疾患,"1. 入院目的: 胆道疾患での入院だが、既往歴として心筋梗塞後・冠動脈バイパス術後があり、今回の将来予定手術（胆嚢摘出術）の耐術能評価のため循環器内科へ院内紹介が行われている。
2. 主病名: 「PCI・CABG後」「心筋梗塞→カテーテル術」「肝動脈バイパス術」などの記載から、慢性期の虚血性心疾患としてI25.9（虚血性心疾患）に相当すると判断。
3. 中心治療: 心エコー、心電図、呼吸機能検査、BNP測定など、将来の胆嚢摘出術に向けた心機能評価が実施されているが、今回入院中に冠動脈インターベンションや外科手術は行われていない。
・EFファイルに冠動脈治療関連Kコードはなく、心機能評価目的の検査（心エコー D215, 心電図 D208, BNP D008 など）が中心であることから、虚血性心疾患そのものが今回入院の最大資源投入対象とは言い難い。
・しかし、将来予定手術の術前評価として複数検査が行われており、循環器内科のコンサルトも要している点で一定の医療資源は投下されているため、補助的候補として列挙する。",x,,分岐なし（xのみ）,,x,,分岐なし（xのみ）,,97,その他の手術（1件のKコードが他パターンに非該当）,K688(内視鏡的胆道ステント留置術),x,処置等1の分岐なし,0,トリガーにマッチする処置コードなし,x,副傷病の分岐なし,,x,重症度の分岐なし (全 x),,050050xx97x0xx,"入院期間I:3日/4085点
入院期間II:7日/2612点
入院期間III:30日/2220点","入院日数10日
入院期間I:4085×3日=12255
入院期間II:2612×4日=10448
入院期間III:2220×3日=6660
合計:29363",29363,rejected,上位候補に劣る,,,,,,,,,,,
2467909,2026-06-03,2026-06-23,ok,109.1,C259,膵癌　胃浸潤　転移性肝腫瘍　腹膜播種による腫瘍性消化管出血・貧血,膵癌,0.78,06007x,膵臓、脾臓の腫瘍,"1. 入院目的: 黒色便と高度貧血の精査・是正目的で緊急入院。
2. 主病名: 画像と病理より膵体部癌を第一に疑い、胃・肝浸潤、腹膜播種・肝転移を伴う進行膵癌として管理。
3. 中心治療: 造影CT・上部消化管内視鏡、生検、輸血、持続モニタリング、緩和療法、転院調整。
- CTで膵体部から胃後壁・肝左葉へ連続する巨大腫瘤と腹膜播種・リンパ節転移を認め、全身病態としての主座は膵癌が最も妥当。
- 黒色便・重度貧血は腫瘍の胃穿通・腫瘍出血によると判断されており、今回入院中の検査・輸血・全身評価の中心的原因。
- ICD-10は原発巣が膵体尾部で部位詳細が特定しにくい進行例のためC259（膵の悪性新生物，詳細不明部位）を選択。
- DPC6は膵悪性腫瘍を含む「06007x 膵臓、脾臓の腫瘍」が対応し、画像検査・生検・輸血など本入院の資源投入と整合。
- 近接候補である胃癌（C169）よりも、CT読影で膵癌第一と繰り返し記載されている点を重視して本候補を保持。",x,,分岐なし（xのみ）,,x,,分岐なし（xのみ）,,99,手術なし,,0,トリガーにマッチする処置コードなし,0,トリガーにマッチする処置コードなし,x,副傷病の分岐なし,,x,重症度の分岐なし (全 x),,06007xxx9900xx,"入院期間I:3日/3248点
入院期間II:9日/2364点
入院期間III:30日/2009点","入院日数21日
入院期間I:3248×3日=9744
入院期間II:2364×6日=14184
入院期間III:2009×12日=24108
合計:48036",48036,selected,,false,false,,06007xxx9900xx,,06007xxx9900xx,1000,同点候補なし,,,
2467909,2026-06-03,2026-06-23,ok,109.1,C169,胃癌（膵浸潤）　転移性肝腫瘍　腹膜播種による腫瘍性消化管出血・貧血,胃癌,0.7,060020,胃の悪性腫瘍,"1. 入院目的: 黒色便と高度貧血の原因精査として上部消化管内視鏡を実施し、進行胃癌が強く疑われて入院。
2. 主病名: EGDと胃生検病理で胃体部の潰瘍性病変から低分化型腺癌（Group 5）が検出されており、胃癌としても臨床的に成立。
3. 中心治療: EGD・胃生検、造影CTによる進展度評価、輸血、腫瘍出血コントロール、緩和方針決定と転院調整。
- 内視鏡検査では胃上部後壁から体下部後壁にかけて潰瘍性病変を認め、「胃原発の3型腫瘍もしくは膵癌の浸潤等を疑う」と記載されており、病理では低分化腺癌と診断されている。
- 原発が胃か膵か鑑別困難であり、いずれにせよ胃腫瘍としての腫瘍出血・黒色便が直接の入院契機で、多くの資源（EGD、生検、輸血）が投下された。
- ICD-10は部位詳細を特定しがたく、胃の悪性新生物の包括コードであるC169を採用。
- 対応DPC6「060020 胃の悪性腫瘍」はEGD・生検中心の本入院内容と合致し、外科手術Kコードを伴わない内科的管理症例としても整合。
- 近接候補の膵癌（C259）と同一腫瘍の異なる原発設定で競合するため、原発が胃であった可能性を残す候補として保持する。",x,,分岐なし（xのみ）,,x,,分岐なし（xのみ）,,99,手術なし,,0,トリガーにマッチする処置コードなし,0,トリガーにマッチする処置コードなし,x,副傷病の分岐なし,,x,重症度の分岐なし (全 x),,060020xx9900xx,"入院期間I:4日/3095点
入院期間II:9日/2263点
入院期間III:30日/1924点","入院日数21日
入院期間I:3095×4日=12380
入院期間II:2263×5日=11315
入院期間III:1924×12日=23088
合計:46783",46783,rejected,点数が低い (差 1253),,,,,,,,,,,
2467909,2026-06-03,2026-06-23,ok,109.1,C787,転移性肝腫瘍（膵・胃原発疑い）,転移性肝腫瘍,0.6,060050,肝・肝内胆管の悪性腫瘍（続発性を含む。）,"1. 入院目的: 黒色便・貧血精査中にCTで肝左葉の結節性病変を認め、原発腫瘍からの転移性肝腫瘍が疑われた。
2. 主病名: CT所見でS3に複数の結節があり「肝転移が疑われます」と記載され、明らかな続発性肝腫瘍として評価。
3. 中心治療: 転移評価のための造影CT・腫瘍マーカー測定、病状・予後説明、緩和方針決定。
- 進行膵癌／胃癌の遠隔転移としての肝転移は、病期IVの決定因子であり予後・治療方針（化学療法を行わず緩和）の大きな判断材料となっている。
- 直接の手術や局所治療は施行されていないが、全身進行癌のステージングとしてCT・採血等の資源投入がなされている点で、原発腫瘍と一体の主病態の一部として重要。
- ICD-10は続発性肝腫瘍に対応するC787を選択。
- DPC6は「060050 肝・肝内胆管の悪性腫瘍（続発性を含む。）」が対応し、膵・胃からの肝転移として妥当。
- 原発悪性腫瘍（C259/C169）と同一ストーリー内の病期要素だが、転移病変自体に対する評価・説明に相応の資源が投じられているため、独立候補として保持する。",x,,分岐なし（xのみ）,,x,,分岐なし（xのみ）,,99,手術なし,,0,トリガーにマッチする処置コードなし,0,トリガーにマッチする処置コードなし,1,副傷病あり（value=1）,"[放射線レポート] J91(他に分類される病態における胸水) 根拠: 造影CTで左胸水少量、右胸水微量と記載あり。膵癌/胃癌など悪性腫瘍に伴う腫瘍性胸水としてJ91に該当する胸水が今回入院中に存在。 引用: 胸部：　肺野に転移所見はありません。
左肺下葉胸膜下に虚脱した圧迫性無気肺があります。
　縦隔にリンパ節腫脹はありません。
　左胸水が少量、右胸水が微量あります。 判断: 進行膵癌/胃癌など悪性腫瘍に伴う胸水と考えられ、CTで今回入院中の胸水が確認されているためJ91として副傷病に該当する。",x,重症度の分岐なし (全 x),,060050xx99001x,"入院期間I:7日/3109点
入院期間II:15日/2205点
入院期間III:60日/1875点","入院日数21日
入院期間I:3109×7日=21763
入院期間II:2205×8日=17640
入院期間III:1875×6日=11250
合計:50653",50653,rejected,上位候補に劣る,,,,,,,,,,,
2467909,2026-06-03,2026-06-23,ok,109.1,C786,腹膜播種（膵・胃原発悪性腫瘍に伴う）,腹膜播種,0.55,110050,後腹膜疾患,"1. 入院目的: 進行悪性腫瘍の精査中に腹膜播種を認め、全身状態・予後評価と緩和方針決定が主目的の一つとなった。
2. 主病名: CTで仙椎下部前方の結節に対し「腹膜播種が疑われます」と明記され、SOAP_Sにも「腹膜播種」と繰り返し記載されている。
3. 中心治療: CTによる病期診断、DNARと積極的治療不実施の意思決定、緩和ケア・転院調整。
- 腹膜播種の存在は切除不能・進行癌であることの決定的所見であり、化学療法を行わず緩和のみとする方針に大きく影響している。
- 直接の手術や腹膜播種に対する処置は行われていないが、病期判定・方針説明・転院調整など医療資源の多くがこの進行度評価に費やされている。
- ICD-10は腹膜の続発性悪性腫瘍に相当するC786を選択。
- 対応DPC6は「110050 後腹膜疾患」であり、膵・胃原発悪性腫瘍からの腹膜播種として矛盾しない。
- 肝転移（C787）と同様に原発腫瘍の進行度要素であるが、腹膜播種そのものが予後規定因子として強く意識されているため、独立候補として保持する。",x,,分岐なし（xのみ）,,x,,分岐なし（xのみ）,,99,手術なし,,x,処置等1の分岐なし,0,トリガーにマッチする処置コードなし,x,副傷病の分岐なし,,x,重症度の分岐なし (全 x),,110050xx99x0xx,"入院期間I:3日/3415点
入院期間II:9日/2371点
入院期間III:30日/2015点","入院日数21日
入院期間I:3415×3日=10245
入院期間II:2371×6日=14226
入院期間III:2015×12日=24180
合計:48651",48651,rejected,上位候補に劣る,,,,,,,,,,,
2467909,2026-06-03,2026-06-23,ok,109.1,D509,腫瘍出血による鉄欠乏性貧血,鉄欠乏性貧血,0.65,130090,貧血（その他）,"1. 入院目的: 黒色便と高度貧血（Hb 6.0）に対する貧血是正・精査が主目的であり、緊急入院・輸血が行われた。
2. 主病名: 腫瘍による消化管出血を背景とした鉄欠乏性貧血と解釈でき、入院第一診断として「進行胃癌ないし膵癌胃浸潤疑い」による出血性貧血が想定されている。
3. 中心治療: 保存血液輸血（K920系）、連日の採血・CRP・鉄代謝検査、モニタリング（D220）、DOAC中止など貧血・出血管理に多くの資源が投下。
- 入院初日Hb 6.0、黒色便ありで緊急入院・輸血を行っており、当該入院の直接の契機として貧血が最前面に出ている。
- EF上も輸血関連Kコード、点滴、モニタリングなど、貧血是正のための医療資源投入が明確。
- ICD-10としては、悪性腫瘍による慢性出血性貧血だが、造血・鉄検査所見を踏まえ汎用される鉄欠乏性貧血D509を選択するのが現実的（悪性腫瘍に伴う貧血C809も近接候補だが、貧血そのものを前面に出す場合にはD509が扱いやすい）。
- DPC6は「130090 貧血（その他）」が対応し、輸血管理・検査中心の入院内容と整合。
- 原発腫瘍（C259/C169）が病態の根本である一方、実際の入院理由と最大の急性資源投入（輸血）は貧血であり、原発腫瘍とは別軸の主傷病候補として保持する。",x,,分岐なし（xのみ）,,x,,分岐なし（xのみ）,,99,手術なし,,x,処置等1の分岐なし,0,トリガーにマッチする処置コードなし,x,副傷病の分岐なし,,x,重症度の分岐なし (全 x),,130090xx99x0xx,"入院期間I:3日/3389点
入院期間II:8日/2219点
入院期間III:30日/1886点","入院日数21日
入院期間I:3389×3日=10167
入院期間II:2219×5日=11095
入院期間III:1886×13日=24518
合計:45780",45780,rejected,点数が低い (差 2256),,,,,,,,,,,
2488131,2026-05-25,2026-06-22,ok,101.9,J690,誤嚥性肺炎（NHCAP）,誤嚥性肺炎,0.8,040081,誤嚥性肺炎,"1. 入院目的: 発熱・呼吸困難感に対する精査加療として救急搬送され，初診時CTで左下葉背側に誤嚥性肺炎像ありと記載。
2. 主病名: カルテで一貫して「＃1 誤嚥性肺炎／NHCAP」とされ，入院契機かつ当初の主病態である → 誤嚥性肺炎 J690 を選択。
3. 中心治療: CTRX静注開始，酸素投与，呼吸リハビリ，喀痰吸引，持続的モニタリングなど呼吸器管理に相当の資源投入。
4. 入院前半〜中盤は誤嚥性肺炎・尿路感染に対する抗菌薬治療と酸素療法が中心で，転倒後の外傷所見は乏しく，他疾患よりも入院の主要目的となっている。
5. 途中で胆管炎・電解質異常が出現するが，それ以前からの入院期間・リハビリ・検査等を含めた総資源量として誤嚥性肺炎も主候補として成立しうる。
6. NHCAPや起炎菌の詳細な特定はされていないため，誤嚥性肺炎の標準コード J690 を採用。
7. DPC6 は J690→040081（誤嚥性肺炎）で，酸素投与（J024），呼吸リハ（H003），喀痰吸引（J018），CT・X線（E200, E002）など本症に見合う処置内容であり整合する。",x,,分岐なし（xのみ）,,x,,分岐なし（xのみ）,,99,手術なし,,x,処置等1の分岐なし,0,トリガーにマッチする処置コードなし,x,副傷病の分岐なし,,x,重症度の分岐なし (全 x),,040081xx99x0xx,"入院期間I:9日/3320点
入院期間II:17日/2169点
入院期間III:60日/1844点","入院日数29日
入院期間I:3320×9日=29880
入院期間II:2169×8日=17352
入院期間III:1844×12日=22128
合計:69360",69360,selected,,false,false,,040081xx99x0xx,,040081xx99x0xx,1000,同点候補なし,,,
2488131,2026-05-25,2026-06-22,ok,101.9,N390,複雑性尿路感染症（ESBL産生大腸菌による）,複雑性尿路感染症,0.85,110310,腎臓又は尿路の感染症,"1. 入院目的: 初診時から細菌尿指摘され「＃2 尿路感染症」と診断され，肺炎と並行して治療目的で入院。
2. 主病名: カルテで一貫して「尿路感染症」「UTI」と記載され，再燃・悪化を繰り返し，最終的な尿培養でESBL産生大腸菌・カンジダ検出 → 尿路感染症 N390（複雑性尿路感染症）を選択。
3. 中心治療: CTRX→スルバシリン→セフメタゾールへの抗菌薬変更，長期点滴投与，繰り返す尿検査・培養，輸液補正，終末期まで抗菌薬継続。
4. 入院全期間を通じて初期から持続する感染フォーカスの一つであり，6/8以降の敗血症様全身炎症・腎障害の一因として再燃が強く疑われ，治療・モニタリングの中心となっている。
5. 尿路の明らかな上部炎症像や腎盂腎炎の画像所見記載はなく，「尿路感染症」として管理されているため部位特定コード N10 より包括的な N390 が妥当。
6. ESBLという起因菌情報は病名修飾としてカルテ病名に反映しつつも，ICD-10は感染部位（尿路）を優先して N390 とした。
7. DPC6 は N390→110310（腎臓又は尿路の感染症）であり，長期静脈抗菌薬投与・輸液（G004）・繰り返す尿検査（D000, D002, D018）と整合し，主傷病候補として適合性が高い。",x,,分岐なし（xのみ）,,x,,分岐なし（xのみ）,,99,手術なし,,x,処置等1の分岐なし,x,処置等2の分岐なし,x,副傷病の分岐なし,,x,重症度の分岐なし (全 x),,110310xx99xxxx,"入院期間I:6日/3232点
入院期間II:11日/2257点
入院期間III:30日/1918点","入院日数29日
入院期間I:3232×6日=19392
入院期間II:2257×5日=11285
入院期間III:1918×18日=34524
合計:65201",65201,rejected,点数が低い (差 4159),,,,,,,,,,,
2488131,2026-05-25,2026-06-22,ok,101.9,K830,急性胆管炎（胆嚢結石・胆泥に伴う）,急性胆管炎,0.9,060340,胆管（肝内外）結石、胆管炎,"1. 入院目的: 当初は肺炎・尿路感染で入院したが，退院間際の6/8以降に発熱・意識低下・著明な炎症反応と肝胆道系酵素・ビリルビン上昇が出現し，新たな入院後半の主病態として胆管炎が疑われた。
2. 主病名: カルテで「＃胆管炎」「＃1 胆管炎の可能性，胆嚢結石・胆泥」と明記され，肝胆道酵素高値・T-Bil上昇・胆嚢内結石/胆泥所見を背景に急性胆管炎像と判断 → K830 急性胆管炎を選択。
3. 中心治療: スルバシリン再開・継続，その後セフメタゾールへ変更し長期静脈投与，電解質異常と腎不全に対する輸液補正，ERCPは高齢・全身状態不良のため侵襲的処置見送りのうえ保存的に集中的管理。
4. 6/8以降は胆管炎／尿路感染再燃が原因の敗血症性ショック・急性腎障害が懸念され，家族へ予後不良の説明・看取り方針が協議されるなど，入院後半の医療資源（抗菌薬，輸液，頻回採血・画像評価）がほぼ本病態に集中。
5. 画像では明らかな胆管拡張は乏しいが，胆嚢結石・胆泥充満と膀胱拡大，炎症マーカー高値・白血球増多・黄疸から総合的に胆管炎が主たる診断として扱われている。
6. 胆嚢炎単独（K810）とされていないこと，カルテで「胆管炎」「胆管炎または尿路感染疑い」と繰り返し記載される点から，胆管炎カテゴリK830を選択した。
7. DPC6 は K830→060340（胆管結石・胆管炎）であり，今回侵襲的胆道ドレナージKコードはないが，急性胆道感染に対する保存的管理症例として本分類が標準的で，点滴抗菌薬・CT/US（E200, D215, E002）との整合も良い。",x,,分岐なし（xのみ）,,x,,分岐なし（xのみ）,,99,手術なし,,x,処置等1の分岐なし,0,トリガーにマッチする処置コードなし,x,副傷病の分岐なし,,x,重症度の分岐なし (全 x),,060340xx99x0xx,"入院期間I:4日/3587点
入院期間II:8日/2289点
入院期間III:30日/1945点","入院日数29日
入院期間I:3587×4日=14348
入院期間II:2289×4日=9156
入院期間III:1945×21日=40845
合計:64349",64349,rejected,点数が低い (差 5011),,,,,,,,,,,
2488131,2026-05-25,2026-06-22,ok,101.9,E870,高ナトリウム血症（脱水を伴う）,高ナトリウム血症,0.7,10039x,体液・電解質・酸塩基平衡障害,"1. 入院目的: 当初は感染症目的の入院だが，経過中にNa 166〜168 mEq/L と重度高Na血症が出現し，意識障害・ぐったり・脱水所見を伴う病態として治療の大きな焦点となった。
2. 主病名: カルテで「＃3 高Na血症」と明記され，輸液補正・電解質管理の対象となっているため，高ナトリウム血症 E870 を選択。
3. 中心治療: 電解質補正のための持続点滴投与（G004），KCL補正，頻回の電解質・血液ガス測定，点滴ルート確保困難に対する方針調整（皮下点滴への切替検討）など，電解質異常是正に多くの医療資源が投入された。
4. 6/8以降の意識レベル低下・全身状態悪化は感染再燃に加え高度高Na血症と急性腎障害が大きく関与しており，家族説明や治療限界の議論もこの病態を背景として行われている。
5. 原因として脱水・経口摂取困難・高齢終末期状態が想定されるが，ICD-10では電解質異常そのものを主病名とする場合 E870 が標準的であり，原因脱水コード（E869など）よりも臨床的に管理の中心となった異常として表現する方が実態に近い。
6. DPC6 は E870→10039x（体液・電解質・酸塩基平衡障害）であり，多量輸液G004，頻回の血液化学D007，血液ガス検査などと整合しており，後半の資源投入病態として独立した候補となる。",x,,分岐なし（xのみ）,,x,,分岐なし（xのみ）,,99,手術なし,,x,処置等1の分岐なし,x,処置等2の分岐なし,x,副傷病の分岐なし,,x,重症度の分岐なし (全 x),,10039xxx99xxxx,"入院期間I:4日/3332点
入院期間II:9日/2222点
入院期間III:30日/1889点","入院日数29日
入院期間I:3332×4日=13328
入院期間II:2222×5日=11110
入院期間III:1889×20日=37780
合計:62218",62218,rejected,点数が低い (差 7142),,,,,,,,,,,
2488131,2026-05-25,2026-06-22,ok,101.9,N179,急性腎不全（急性腎障害）,急性腎不全,0.65,110290,急性腎不全,"1. 入院目的: 当初から腎機能障害ありと記載されていたが，入院後半にBUN/Cr が急激に悪化し急性腎障害としての管理が必要となった。
2. 主病名: eGFR 30台から12.2→11.4→10.8へ低下し，BUN 84→92→104 mg/dL と急上昇しており，感染・脱水・高Na血症などを背景とした急性腎不全像 → N179 急性腎不全を選択。
3. 中心治療: 輸液負荷・電解質補正（G004, KCL補正），腎毒性を考慮した抗菌薬選択変更，頻回の電解質・腎機能検査（D007）と血液ガス評価，点滴ルート確保困難への対応など，腎不全管理に対する資源投入が大きい。
4. 腎不全自体がICUレベルの治療（透析など）には至っていないものの，高Na血症・胆管炎・UTIと相互に悪循環を形成し全身状態不良・予後不良の主因となっている。
5. ICD-10としては急性腎障害（N288）も候補だが，本症例ではBUN/Crの急上昇とeGFR急低下を伴う典型的な急性腎不全像であり，DPC上も腎不全 110290 に直接対応する N179 を用いるのが実務的に整合的。
6. DPC6 は N179→110290（急性腎不全）で，透析Kコードは実施されていないが，保存的治療症例として分類上問題なく，検査・輸液中心の資源投入とも矛盾しない。",x,,分岐なし（xのみ）,,x,,分岐なし（xのみ）,,99,手術なし,,x,処置等1の分岐なし,0,トリガーにマッチする処置コードなし,x,副傷病の分岐なし,,x,重症度の分岐なし (全 x),,110290xx99x0xx,"入院期間I:6日/3190点
入院期間II:12日/2154点
入院期間III:30日/1831点","入院日数29日
入院期間I:3190×6日=19140
入院期間II:2154×6日=12924
入院期間III:1831×17日=31127
合計:63191",63191,rejected,点数が低い (差 6169),,,,,,,,,,,
2489715,2026-05-26,2026-06-04,ok,59.6,K565,癒着性腸閉塞（絞扼性腸閉塞疑い解除後）,癒着性イレウス,0.86,060210,ヘルニアの記載のない腸閉塞,"1. 入院目的: 腹痛に対する精査加療として入院し、「癒着性腸閉塞」「絞扼性イレウス自然解除後疑い」として保存的治療目的で管理。
2. 主病名: カルテの診断名は「癒着性腸閉塞」「絞扼性腸閉塞疑い　解除後」であり、癒着性イレウス(K565)が最も近いICD-10。
3. 中心治療: 絶食・点滴(G004)、ドレーン/イレウス管による減圧と思われるJ002、酸素投与(J024)、連日の血液検査・画像検査(腹部単純Xp, CT)など保存的イレウス管理が入院全期間で継続。
- EFに手術Kコードはなく、絞扼性が疑われたが自然解除と判断され開腹術は行われていないため、癒着性による腸閉塞を原因とする保存的治療入院と解釈できる。
- 検査・モニタリング(D007系血液検査、D005末梢血、D208心電図、D220モニター、D223 SpO2)はイレウスの全身状態評価のために行われており、本病態が医療資源投入の中心。
- ICD-10選択理由: 既往の虫垂炎術後瘢痕があり、他にヘルニア等の原因記載がなく「癒着性腸閉塞」と明記されていることから、K56.5(癒着性イレウス)が適合。絞扼性腸閉塞(K562)は疑い・解除後で壊死や手術所見はなく主病名としては一段抽象度を下げた癒着性腸閉塞とするのが妥当。
- DPC6マッピング理由: K565はDPC6「060210 ヘルニアの記載のない腸閉塞」に対応し、保存的治療のみ(該当Kコードなし)で経過した今回入院の実態と整合する。
- 競合候補のK560(腸麻痺)などと比べ、カルテ上「癒着性」および「絞扼性イレウス疑い」の明記があり、機能的麻痺より器質的・機械的腸閉塞の記載が優位である。",x,,分岐なし（xのみ）,,x,,分岐なし（xのみ）,,99,手術なし,,0,トリガーにマッチする処置コードなし,0,トリガーにマッチする処置コードなし,0,トリガーに該当する副傷病なし,,x,重症度の分岐なし (全 x),,060210xx99000x,"入院期間I:4日/3293点
入院期間II:8日/2336点
入院期間III:30日/1985点","入院日数10日
入院期間I:3293×4日=13172
入院期間II:2336×4日=9344
入院期間III:1985×2日=3970
合計:26486",26486,selected,,,,,,,,,,,,
2508604,2026-05-18,2026-06-04,ok,105.9,I21.9,左主幹部ST上昇型急性心筋梗塞,ＳＴ上昇型急性心筋梗塞,0.92,050030,急性心筋梗塞（続発性合併症を含む。）、再発性心筋梗塞,"1. 入院目的: 「PCI」「LM-STEMI」に対するemCAG・emPCI目的で救急搬送・入院。
2. 主病名: カルテ記載「LM-STEMI」「ST上昇型心筋梗塞」→ 心筋梗塞部位詳細は前壁/下壁など確定記載なく、ST上昇型急性心筋梗塞の詳細不明としてI21.9を選択。
3. 中心治療: 緊急CAG＋経皮的冠動脈ステント留置術（K549）, 心大血管リハビリ, 抗血小板薬・DOAC併用, 各種検査・モニタリング。
・EF記載のK549（経皮的冠動脈ステント留置術）は急性冠症候群/心筋梗塞に対する治療であり、本疾患が明確な手術対象疾患。
・救急搬送、心電図ST変化、高CK/トロポニン上昇、NT-proBNP高値などから急性心筋梗塞が今回入院の契機かつ最大のイベントであり、入院前半の医療資源（緊急カテ、集中管理、リハ開始）の中心。
・I21.9はST上昇型急性心筋梗塞（部位詳細不明）として、部位記載が明確でない本症例に最も整合する4桁コード。
・DPC6は050030で、surgery_k_codesにK5493を含み、EF上のK549と整合しており、急性心筋梗塞のDPC群として妥当。
・心不全や不整脈などの続発病態は本疾患に続発しており、原病変としての資源集中度が最も高いため、最資源投入病名候補として極めて有力。",x,,分岐なし（xのみ）,,x,,分岐なし（xのみ）,,97,その他の手術（2件のKコードが他パターンに非該当）,"K549(経皮的冠動脈ステント留置術（不安定狭心症に対するもの）), K597(ペースメーカー移植術（リードレスペースメーカーの場合）)",x,処置等1の分岐なし,0,"処置等2=0: H000(心大血管疾患リハビリテーション料（１）（１単位）（理学療法士による場合）)[レセ電=180744210, 実施日=2026-05-20;2026-05-21;2026-05-25;2026-05-27;2026-06-03], H000(心大血管疾患リハビリテーション料（１）（１単位）（看護師による場合）)[レセ電=180744510, 実施日=2026-05-23;2026-05-24;2026-05-26;2026-05-27;2026-05-28;2026-05-29;2026-05-30;2026-05-31;2026-06-01;2026-06-02]",x,副傷病の分岐なし,,x,重症度の分岐なし (全 x),,050030xx97x0xx,"入院期間I:3日/4151点
入院期間II:12日/2457点
入院期間III:60日/2088点","入院日数18日
入院期間I:4151×3日=12453
入院期間II:2457×9日=22113
入院期間III:2088×6日=12528
合計:47094",47094,rejected,点数が低い (差 1542),,,,,,,,,,,
2508604,2026-05-18,2026-06-04,ok,105.9,I50.1,HFrEF（左室駆出率低下心不全）,左室駆出率の低下した心不全,0.78,050130,心不全,"1. 入院目的: 急性心筋梗塞に対するPCI目的だが、初診時より心不全ありと記載され胸部X線で肺うっ血、NT-proBNP高値で入院時から心不全治療も並行する方針。
2. 主病名: カルテで「急性心不全」「HFrEF」と繰り返し記載され、EF 41〜43％と左室駆出率低下が明記→左室駆出率の低下した心不全（I50.1）が最も整合。
3. 中心治療: 酸素吸入（J024）、点滴、心不全薬物療法、心大血管リハビリ、バイタル・SpO2モニタリング（D220, D223, J024）。
・入院当初から肺うっ血、NT-proBNP高値、EF低下があり、PCI後も心不全として継続的な管理・リハの対象になっているため、入院期間全体にわたり医療資源投入が継続。
・I50.1はHFrEFに対応するコードであり、カルテ表現と心エコー所見（EF低下）に一致。
・DPC6は050130（心不全）で、surgery_k_codesにK597（ペースメーカー関連）やK549等が含まれ、不整脈・徐脈治療やPCIを併せ持つ心不全症例としての分類とも整合。
・急性心筋梗塞に続発した心不全であるが、高齢でNT-proBNPの治療・リハビリなど入院後半まで管理が続いており、主資源投入病名としても十分成立しうる。",x,,分岐なし（xのみ）,,x,,分岐なし（xのみ）,,97,その他の手術（2件のKコードが他パターンに非該当）,"K549(経皮的冠動脈ステント留置術（不安定狭心症に対するもの）), K597(ペースメーカー移植術（リードレスペースメーカーの場合）)",0,トリガーにマッチする処置コードなし,0,"処置等2=0: H000(心大血管疾患リハビリテーション料（１）（１単位）（理学療法士による場合）)[レセ電=180744210, 実施日=2026-05-20;2026-05-21;2026-05-25;2026-05-27;2026-06-03], H000(心大血管疾患リハビリテーション料（１）（１単位）（看護師による場合）)[レセ電=180744510, 実施日=2026-05-23;2026-05-24;2026-05-26;2026-05-27;2026-05-28;2026-05-29;2026-05-30;2026-05-31;2026-06-01;2026-06-02]",0,トリガーに該当する副傷病なし,,x,重症度の分岐なし (全 x),,050130xx97000x,"入院期間I:9日/3140点
入院期間II:18日/2264点
入院期間III:60日/1924点","入院日数18日
入院期間I:3140×9日=28260
入院期間II:2264×9日=20376
合計:48636",48636,selected,,false,false,,050130xx97000x,,050130xx97000x,1000,同点候補なし,,,
2508604,2026-05-18,2026-06-04,ok,105.9,I49.5,徐脈頻脈症候群（洞不全症候群）,徐脈頻脈症候群,0.76,050210,徐脈性不整脈,"1. 入院目的: 当初はPCI目的だが、入院後にpAF発症と洞停止・pauseが問題となり、徐脈頻脈症候群としてペースメーカー植え込み（リードレス）を行う方針に転じている。
2. 主病名: カルテで「徐脈頻脈症候群」「SSS, Pafに対して Leadless PM留置」と明記されており、I49.5（徐脈頻脈症候群）が該当。
3. 中心治療: リードレスペースメーカー移植術 K597, モニタリング（D220）, 抗凝固・レートコントロール薬調整など、不整脈管理に関連した手術・処置が多い。
・入院中盤以降は徐脈頻脈症候群に対するペースメーカー植え込みが大きなイベントとなり、K597という高侵襲手術Kコードが投入されているため、これ自体を対象疾患とするDPC群（050210）の主病名候補となりうる。
・I49.5に対応するDPC6 050210ではsurgery_k_codesにK597が含まれており、EF上のK597と完全に整合。
・急性心筋梗塞とは別軸の手術ターゲットであり、入院後の方針変更によって追加の医療資源が集中しているため、最資源投入病名としても有力な競合候補。",x,,分岐なし（xのみ）,,x,,分岐なし（xのみ）,,97,その他の手術（2件のKコードが他パターンに非該当）,"K549(経皮的冠動脈ステント留置術（不安定狭心症に対するもの）), K597(ペースメーカー移植術（リードレスペースメーカーの場合）)",0,トリガーにマッチする処置コードなし,0,トリガーにマッチする処置コードなし,x,副傷病の分岐なし,,x,重症度の分岐なし (全 x),,050210xx9700xx,"入院期間I:4日/3063点
入院期間II:9日/2173点
入院期間III:30日/1847点","入院日数18日
入院期間I:3063×4日=12252
入院期間II:2173×5日=10865
入院期間III:1847×9日=16623
合計:39740",39740,rejected,点数が低い (差 8896),,,,,,,,,,,
2508604,2026-05-18,2026-06-04,ok,105.9,I48.0,発作性心房細動,発作性心房細動,0.6,050070,頻脈性不整脈,"1. 入院目的: LM-STEMIの治療目的で入院後、早期からpAFを発症し、コール対応・薬剤調整・抗凝固導入が行われた。
2. 主病名: カルテで「pAF（CHADS:2）」「18日夜間にpAF認め」と記載され、発作性心房細動に相当→I48.0が適切。
3. 中心治療: レートコントロール（ビソプロロール/ビソノテープ）調整、DOAC（リクシアナ15mg→以降も継続予定）、モニタリング等。
・pAF自体はペースメーカー留置の背景の一部であり、徐脈頻脈症候群（I49.5）と同じ不整脈軸の病態として資源投入がある。
・しかし、実際の手術K597の対象診断は徐脈頻脈症候群/SSSと明記されており、pAF単独に対するアブレーション等は行われていないため、資源量は主として薬物・モニタリングにとどまる。
・それでも、入院中の抗凝固導入・レートコントロールのために継続管理されており、頻脈性不整脈としてのDPC6(050070)で主病名となりうる補助候補として保持する価値がある。",x,,分岐なし（xのみ）,,x,,分岐なし（xのみ）,,97,その他の手術（2件のKコードが他パターンに非該当）,"K549(経皮的冠動脈ステント留置術（不安定狭心症に対するもの）), K597(ペースメーカー移植術（リードレスペースメーカーの場合）)",0,トリガーにマッチする処置コードなし,0,トリガーにマッチする処置コードなし,x,副傷病の分岐なし,,x,重症度の分岐なし (全 x),,050070xx9700xx,"入院期間I:5日/3160点
入院期間II:9日/2242点
入院期間III:30日/1905点","入院日数18日
入院期間I:3160×5日=15800
入院期間II:2242×4日=8968
入院期間III:1905×9日=17145
合計:41913",41913,rejected,点数が低い (差 6723),,,,,,,,,,,
2508604,2026-05-18,2026-06-04,ok,105.9,E11.9,２型糖尿病,２型糖尿病,0.45,10007x,２型糖尿病（糖尿病性ケトアシドーシスを除く。）,"1. 入院目的: 主目的は心筋梗塞・不整脈だが、既往歴として糖尿病があり、入院中もHbA1cが測定され代謝管理が行われている。
2. 主病名: カルテに「T2DM（HbA1c:6.7%）」と記載される２型糖尿病で、特定の急性代謝合併症（DKA, 昏睡等）の記載なし→合併症詳細不明のE11.9が妥当。
3. 中心治療: 血糖管理（血糖測定、HbA1c検査）、内服・食事指導など主に慢性管理レベルでの資源投入。
・急性の入院理由ではないが、高齢かつ冠動脈疾患・CKD合併例であり、心血管リスク因子として血糖・脂質などの代謝管理が入院中の評価対象となっている。
・search結果ではE11配下の4桁が多数あるが、カルテに網膜症・腎症・神経障害など特定合併症の記載がなく、E11.9（合併症なし／詳細不明）が最も無難。
・DPC6では２型糖尿病群（10004x/10007x）に分類され、心血管疾患とは別の代謝疾患DPCとして主病名化されうるが、本入院では相対的に資源投入は小さいため、補助的候補として保持する。",x,,分岐なし（xのみ）,,x,,分岐なし（xのみ）,,xx,パターン xx,,x,処置等1の分岐なし,0,トリガーにマッチする処置コードなし,x,副傷病の分岐なし,,x,重症度の分岐なし (全 x),,10007xxxxxx0xx,"入院期間I:5日/2868点
入院期間II:9日/2035点
入院期間III:30日/1729点","入院日数18日
入院期間I:2868×5日=14340
入院期間II:2035×4日=8140
入院期間III:1729×9日=15561
合計:38041",38041,rejected,点数が低い (差 10595),,,,,,,,,,,
2581999,2026-06-18,2026-06-21,ok,105.8,I256,無症候性心筋虚血（右冠動脈CTO）,無症候性心筋虚血,0.86,050050,狭心症、慢性虚血性心疾患,"1. 入院目的: 「虚血性心疾患に対する治療介入目的」「今回、RCAへの血行再建目的に6/18に当科再入院」と明記。
2. 主病名: カルテ診断名「無症候性心筋虚血（RCA CTO）」より I256 無症候性心筋虚血が最も整合。
3. 中心治療: 6/19 RCAへのPCI（経皮的冠動脈形成術）が計画され実施された前提での短期入院。
4. 本入院は前回LADへのPCI後のステージ治療として、残存RCA CTOに対する血行再建が主目的であり、医療資源（カテ室、造影、PCI関連処置）の中心的対象が本疾患。
5. 無症候であっても高度狭窄/CTO病変に対するPCI入院はDPC上「狭心症、慢性虚血性心疾患」群で扱われ、I256→DPC6:050050の対応が明瞭。
6. DPC6マッピング: I256に対し050050が紐づき、surgery_k_codesに冠動脈ステント留置術等（K5493ほか）が列挙されており、「RCAへのPCI」というEF外の主要Kコードと高い整合性。
7. 他候補（心不全など）は今回入院時には代償化されており、入院資源の主対象ではない点で一段劣後。",x,,分岐なし（xのみ）,,x,,分岐なし（xのみ）,,99,手術なし,,0,トリガーにマッチする処置コードなし,0,トリガーにマッチする処置コードなし,x,副傷病の分岐なし,,0,"sev_transfer の値を取得できず → デフォルト (当科への再入院とは記載されるが、入院元（自宅・外来・他院病棟など）の直接記載がなく、他院病棟からの転院でないとまでは言い切れない。 (verifier 不整合あり, best-effort 採用: ['should_infer_not_transfer']))",[2026-06-18]今回、RCAへの血行再建目的に6/18に当科再入院となった。,050050xx9900x0,"入院期間I:2日/4271点
入院期間II:4日/2380点
入院期間III:30日/2023点","入院日数4日
入院期間I:4271×2日=8542
入院期間II:2380×2日=4760
合計:13302",13302,selected,,false,false,,050050xx9900x0,,050050xx9900x0,1000,同点候補なし,,,
2581999,2026-06-18,2026-06-21,ok,105.8,E11.9,2型糖尿病（インスリン使用中）,２型糖尿病,0.55,10007x,２型糖尿病（糖尿病性ケトアシドーシスを除く。）,"1. 入院目的: 主目的は虚血性心疾患だが、「コントロール不良の２型糖尿病も併存」と明記され、糖尿病科と協議のうえインスリン+経口薬で管理されている。
2. 主病名: 診断名「2型糖尿病（インスリンユーザー）」より、合併症記載なしの一般的2型糖尿病としてE11.9（詳細不明/特記合併症なし）が妥当。
3. 中心治療: インスリン（ライゾデグ）、SGLT2/DPP4合剤（トラディアンスAP）の継続、血糖検査（D007の血糖）、点滴や心疾患治療との兼ね合いで血糖調整が必要であり、短期入院でも継続的管理資源を要する。
4. 糖尿病の存在はPCIや造影検査時のリスク・管理方針に大きく影響し、全身管理の重要な軸であるため、入院全体でみた資源投入の一因として主傷病候補となりうる。
5. 低血糖・ケトアシドーシス等の急性合併症は記載されておらず、DPC上は10007x（２型糖尿病）群として扱うのが妥当。
6. DPC6マッピング: E11.xには10007xが紐づき、入院中の血糖測定・インスリン管理と整合する糖尿病入院として別視点の候補を提供する。",x,,分岐なし（xのみ）,,x,,分岐なし（xのみ）,,xx,パターン xx,,x,処置等1の分岐なし,0,トリガーにマッチする処置コードなし,x,副傷病の分岐なし,,x,重症度の分岐なし (全 x),,10007xxxxxx0xx,"入院期間I:5日/2868点
入院期間II:9日/2035点
入院期間III:30日/1729点","入院日数4日
入院期間I:2868×4日=11472
合計:11472",11472,rejected,点数が低い (差 1830),,,,,,,,,,,
2581999,2026-06-18,2026-06-21,ok,105.8,I7020,下肢閉塞性動脈硬化症（両側BK高度狭窄）,下肢閉塞性動脈硬化症,0.48,050170,閉塞性動脈疾患,"1. 入院目的: 直接の目的は冠動脈血行再建だが、既往歴に「下肢動脈閉塞性疾患」、検査に「下肢動脈エコー：両側BK高度狭窄」とあり、重度PADが併存している。
2. 主病名: BK（膝下）高度狭窄を伴う閉塞性動脈硬化症としてI7020下肢閉塞性動脈硬化症が最も整合する。
3. 中心治療: 今回入院中にPADへの血行再建KコードはEFにはないが、PADは長期的には血管拡張術やバイパス術など高侵襲治療の対象となり得る疾患であり、全身血管病としてのリスク評価・管理に資源を要する。
4. リマプロスト内服など、慢性的に治療が継続されており、PAD自体も別入院で最資源投入病名となりうるポテンシャルが高い病態であるため、今回の入院エピソード群のなかで候補として保持する価値がある。
5. DPC6マッピング: I7020→050170閉塞性動脈疾患であり、下肢血管拡張術（K616系等）が必須Kコードとして列挙されている。現入院EFには該当Kコードはみられないが、病態とマッピングは良好。",x,,分岐なし（xのみ）,,x,,分岐なし（xのみ）,,99,手術なし,,0,トリガーにマッチする処置コードなし,0,トリガーにマッチする処置コードなし,0,副傷病なし（AI/EF探索で該当なし）,,x,重症度の分岐なし (全 x),,050170xx99000x,"入院期間I:3日/3695点
入院期間II:9日/2340点
入院期間III:30日/1989点","入院日数4日
入院期間I:3695×3日=11085
入院期間II:2340×1日=2340
合計:13425",13425,rejected,上位候補に劣る,,,,,,,,,,,
2581999,2026-06-18,2026-06-21,ok,105.8,D509,鉄欠乏性貧血,鉄欠乏性貧血,0.42,130090,貧血（その他）,"1. 入院目的: 虚血性心疾患の治療が主目的だが、既往歴に鉄欠乏性貧血が明記されている。
2. 主病名: 「鉄欠乏性貧血」の記載より、D509鉄欠乏性貧血が最も直接的に一致する。
3. 中心治療: フェロミア50mg 2錠の内服が継続されており、心疾患・慢性心不全の背景として貧血補正が重要な管理要素となっている可能性がある。入院中も血算（D005）、鉄欠乏のフォローが行われていると推定される。
4. 貧血自体に対する輸血や内視鏡的精査など高侵襲資源の記載はないものの、慢性心不全患者の治療において貧血矯正は治療戦略の一部を占めるため、条件によってはDPC上「貧血（その他）」群として主病名選択される余地がある。
5. DPC6マッピング: D509→130090（貧血（その他））であり、輸血関連Kコードが列挙されている。現時点で輸血実施記載はなく資源集中度は低いが、補助候補として保持する。",x,,分岐なし（xのみ）,,x,,分岐なし（xのみ）,,99,手術なし,,x,処置等1の分岐なし,0,トリガーにマッチする処置コードなし,x,副傷病の分岐なし,,x,重症度の分岐なし (全 x),,130090xx99x0xx,"入院期間I:3日/3389点
入院期間II:8日/2219点
入院期間III:30日/1886点","入院日数4日
入院期間I:3389×3日=10167
入院期間II:2219×1日=2219
合計:12386",12386,rejected,点数が低い (差 916),,,,,,,,,,,
2638813,2026-06-29,2026-07-14,ok,167.9,I63.4,右小脳半球・中脳右側の心原性脳塞栓症による脳梗塞（脳底動脈系）,心原性脳塞栓症,0.8,010060,脳梗塞,"1. 入院目的: 「脳梗塞の精査加療」を目的に救急搬送され入院。
2. 主病名: 入院時診断「＃1：脳梗塞（病型未同定，脳底動脈）」「＃2：亜急性期脳梗塞（病型未同定，右前下小脳動脈）」、評価として「脳塞栓症として、ヘパリン…で治療を開始」とあり、心原性塞栓を含む塞栓性脳梗塞が想定されるため I63.4（心原性脳塞栓症）を候補とした。
3. 中心治療: ヘパリン持続静注、アスピリン、エダラボン、精密持続点滴、血液ガス・凝固系・Dダイマー・tPA/PAI-1、脳・心・血管の各種画像（頭部CT/MRI/MRA、心エコー、下肢血管エコー）、呼吸心拍モニタリング、脳血管疾患リハビリ（PT/OT/ST）、摂食機能療法。
4. 本候補は急性期～亜急性期の後方循環系（脳底動脈～前下小脳動脈系）脳梗塞として、入院全期間の治療・評価・リハビリの中心であり、最資源投入病名として十分成立する。
5. 病型はカルテ上「病型未同定」だが、治療計画に「脳塞栓症として…ヘパリン」と明記されており、塞栓性（特に心原性）を念頭に置いているため、塞栓性脳梗塞コード群のうち I63.4 を選択した（塞栓源精査目的の心エコー等も実施）。
6. DPC6「010060 脳梗塞」は脳梗塞急性期の標準分類であり、本症例の画像所見（DWI高信号、FLAIRで既に明瞭）・神経症状（左不全片麻痺、右動眼神経麻痺等）、急性期治療・脳血管リハとの整合性が高い。
7. 競合する I63.5～I63.9 等との比較では、カルテが塞栓症としての治療方針を強調している点から、単なる血栓性や詳細不明梗塞より本候補を優先候補として保持する。",x,,分岐なし（xのみ）,,x,,分岐なし（xのみ）,,99,手術なし,,x,処置等1の分岐なし,4,"処置等2=4: 0049(エダラボン), (エダラボン点滴静注液３０㎎バッグ「ＮＰ」　１００ｍｌ)[レセ電=622079601, 実施日=2026-06-29;2026-06-30;2026-07-01;2026-07-02;2026-07-03;2026-07-04;2026-07-05]",0,副傷病なし（AI/EF探索で該当なし）,,x,重症度の分岐なし (全 x),,010060xx99x40x,"入院期間I:7日/3497点
入院期間II:14日/2400点
入院期間III:60日/1921点","入院日数16日
入院期間I:3497×7日=24479
入院期間II:2400×7日=16800
入院期間III:1921×2日=3842
合計:45121",45121,selected,,false,false,,010060xx99x40x,,010060xx99x40x,1000,同点候補なし,,,
2638813,2026-06-29,2026-07-14,ok,167.9,E11.9,既往糖尿病（合併症記載なし）,２型糖尿病（合併症なし）,0.45,10007x,２型糖尿病（糖尿病性ケトアシドーシスを除く。）,"1. 入院目的: 主目的は脳梗塞だが、既往として糖尿病があり、入院中も血糖・HbA1c 等の評価が行われている。
2. 主病名: 「既往歴：糖尿病」とのみ記載され、合併症・型の詳細な記載はないが、内服テネリア（DPP-4阻害薬）から２型糖尿病が示唆され、明らかな合併症の記載がないため E11.9（２型糖尿病・合併症なし）を候補とした。
3. 中心治療: 入院時検査として血糖、HbA1c、脂質、腎機能など糖尿病関連検査が多数実施されているが、インスリン導入やDKA治療など大きな治療資源投入は記載されていない。
4. 糖尿病は今回脳梗塞発症の重要な背景因子であり、動脈硬化リスク管理として長期的には治療対象だが、当該入院の資源投入の中心は急性期脳梗塞管理であり、糖尿病自体への治療資源は相対的に小さいため、最資源投入病名としての優先度は低めと判断するが、慢性疾患として検査・評価資源が一定量投入されているので補助候補として保持する。
5. ICD-10 選択では、１型糖尿病（E10.x）や合併症ありコードを示す根拠がカルテから読み取れないため、２型・合併症なしの代表コード E11.9 を採用した。
6. DPC6「10007x ２型糖尿病」は今回の検査内容と整合するが、主要なK/Jコードは脳梗塞管理に紐づいており、糖尿病単独での入院とは言い難い。",x,,分岐なし（xのみ）,,x,,分岐なし（xのみ）,,xx,パターン xx,,x,処置等1の分岐なし,0,トリガーにマッチする処置コードなし,x,副傷病の分岐なし,,x,重症度の分岐なし (全 x),,10007xxxxxx0xx,"入院期間I:5日/2868点
入院期間II:9日/2035点
入院期間III:30日/1729点","入院日数16日
入院期間I:2868×5日=14340
入院期間II:2035×4日=8140
入院期間III:1729×7日=12103
合計:34583",34583,rejected,点数が低い (差 10538),,,,,,,,,,,
2638813,2026-06-29,2026-07-14,ok,167.9,J47,両側気管支拡張を伴う慢性気道感染症疑い（結核除外目的）,慢性気管支拡張症,0.4,040210,気管支拡張症,"1. 入院目的: 主目的は脳梗塞だが、入院同日 CT で「右上葉、左上下葉空洞性病変、気管支拡張 その周囲には粒状影あり」と指摘され、「慢性気道感染による空洞性病変を考える。結核の除外は必要」とされている。
2. 主病名: 画像所見から慢性気道感染＋気管支拡張症が疑われ、明確な最終診断名は付いていないが、構造的基盤としての気管支拡張症を代表し J47（慢性気管支拡張症）を候補とした。
3. 中心治療: 三連痰提出、結核菌塗抹・培養（D017, D020, D023）、結核菌特異的IFN-γ（D015）など、結核除外と慢性気道感染の評価に関する検査資源が一定量投入されている。ただし抗結核薬や長期抗菌薬投与の記載はなく、入院全体の資源投入量としてはサブテーマにとどまる。
4. 空洞性病変・気管支拡張の精査は、結核等の重篤感染症の有無確認として重要であり、脳梗塞とは独立の病態として診療リソースが割かれているため、条件次第で最資源投入病名候補となりうる補助候補として保持する。
5. ICD-10 選択では、結核（A15～A16）を支持する確定所見がまだなく、「結核の除外は必要」との段階であること、また CT 所見に「気管支拡張」と明記されていることから、基礎疾患としての J47 気管支拡張症を代表コードとした。
6. DPC6「040210 気管支拡張症」は気管支拡張を基盤とする慢性気道感染症を含み、今回実施された結核関連検査とも整合するが、Kコードによる侵襲的処置は行われておらず、脳梗塞関連DPCに比べると資源投入は小さい。",x,,分岐なし（xのみ）,,x,,分岐なし（xのみ）,,99,手術なし,,x,処置等1の分岐なし,x,処置等2の分岐なし,x,副傷病の分岐なし,,x,重症度の分岐なし (全 x),,040210xx99xxxx,"入院期間I:5日/3343点
入院期間II:11日/2260点
入院期間III:30日/1921点","入院日数16日
入院期間I:3343×5日=16715
入院期間II:2260×6日=13560
入院期間III:1921×5日=9605
合計:39880",39880,rejected,点数が低い (差 5241),,,,,,,,,,,
2727963,2026-06-03,2026-06-24,ok,124.2,J18.9,右中葉肺炎（肺膿瘍疑いを含む）,急性肺炎,0.8,040080,肺炎等,"1. 入院目的: 胸痛と画像上の右中葉無気肺様浸潤影・左舌区陰影を認め、慢性気管支炎を背景とした肺炎として加療目的入院。
2. 主病名: カルテで一貫して「肺炎 d/d 肺膿瘍」と記載されており、原因菌や病型の特定なく市中肺炎として J18.9（急性肺炎, 詳細不明）が最も整合。
3. 中心治療: 入院全期間を通じて複数回の胸部CT・X線、入院直後からのマクロライド系・キノロン系抗菌薬の継続投与、呼吸リハビリなど、最大の医療資源がこの病変評価と治療に投入。
4. 本候補は入院契機（胸痛・浸潤影）の直接原因であり、陰影残存のため入院期間も延長されている点から最資源投入病名として強く成立。
5. 肺膿瘍は鑑別に留まり、侵襲的ドレナージや外科手術は行われていないため、包括的な急性肺炎コードを優先。
6. DPC6 は肺炎等(040080)で、抗菌薬治療・画像フォロー・呼吸リハビリという資源投入内容と整合する。",0,病態等分類（年齢・肺炎種別）,年齢不明、デフォルト分岐 '0' を使用,,x,,分岐なし（xのみ）,,99,手術なし,,x,処置等1の分岐なし,0,トリガーにマッチする処置コードなし,x,副傷病の分岐なし,,x,重症度の分岐なし (全 x),,0400800x99x0xx,"入院期間I:7日/3424点
入院期間II:15日/2308点
入院期間III:60日/1961点","入院日数22日
入院期間I:3424×7日=23968
入院期間II:2308×8日=18464
入院期間III:1961×7日=13727
合計:56159",56159,selected,,false,false,,0400800x99x0xx,,0400800x99x0xx,1000,同点候補なし,,,
2727963,2026-06-03,2026-06-24,ok,124.2,J47,慢性気管支炎・気管支拡張症（ムコイド型緑膿菌定着）,慢性気管支拡張症,0.7,040210,気管支拡張症,"1. 入院目的: 背景として長期フォローされている慢性気管支炎・気管支拡張症があり、その慢性気道感染の増悪上に今回の肺炎が乗ったと主治医が明記。
2. 主病名: 「慢性気管支炎、気管支拡張」「慢性気管支炎（ムコイド型緑膿菌定着）」と繰り返し記載され、構造的気道拡張と緑膿菌定着を伴う病態として、構造異常を表す J47（慢性気管支拡張症）が背景疾患として最も適合。
3. 中心治療: 既に少量マクロライド内服継続、入院中もマクロライド・キノロンの長期投与方針や呼吸機能検査、呼吸リハビリ等が行われ、急性肺炎だけでなく慢性気道病変の管理にも相当な資源が投下。
4. この慢性病変があるため陰影が遷延・再燃し、抗菌薬を長めに継続せざるを得ないなど、入院長期化・治療複雑化の根本要因となっており、最資源投入病名としても成立しうる。
5. DPC6 は気管支拡張症(040210)で、慢性気道感染に対する長期抗菌薬・呼吸リハビリの組合せと良好に整合する。",x,,分岐なし（xのみ）,,x,,分岐なし（xのみ）,,99,手術なし,,x,処置等1の分岐なし,x,処置等2の分岐なし,x,副傷病の分岐なし,,x,重症度の分岐なし (全 x),,040210xx99xxxx,"入院期間I:5日/3343点
入院期間II:11日/2260点
入院期間III:30日/1921点","入院日数22日
入院期間I:3343×5日=16715
入院期間II:2260×6日=13560
入院期間III:1921×11日=21131
合計:51406",51406,rejected,点数が低い (差 4753),,,,,,,,,,,
2727963,2026-06-03,2026-06-24,ok,124.2,J44.9,"慢性閉塞性肺疾患（閉塞性障害, 低肺機能）",慢性閉塞性肺疾患,0.55,040120,慢性閉塞性肺疾患,"1. 入院目的: 背景の慢性気道疾患に加え、入院中に施行した肺機能検査で FEV1 45%, FEV1% 51% と明らかな閉塞性障害が判明し、アミオダロン継続可否をめぐる評価が行われた。
2. 主病名: カルテ上「＃閉塞性障害 フローは閉塞性パターン 肺機能は低値」と記載され、慢性経過の閉塞性換気障害として記述されており、下気道感染を背景とした慢性閉塞性肺疾患全体を示す J44.9 が妥当（急性増悪の明確な表現はない）。
3. 中心治療: 閉塞性障害の存在がアミオダロン中止という大きな薬物治療変更を招き、呼吸リハビリ実施や退院後管理方針の再構築など、薬物・人的資源の投入対象となっている。
4. 慢性閉塞性肺疾患は急性肺炎・慢性気管支炎と一体となって呼吸機能を制限し、入院中の評価と長期管理方針決定に相応の資源が投下されているため、最資源投入病名候補として保持する価値がある。
5. DPC6 は慢性閉塞性肺疾患(040120)であり、肺機能検査・呼吸リハビリ・薬物調整といった今回の介入内容と整合する。",x,,分岐なし（xのみ）,,x,,分岐なし（xのみ）,,99,手術なし,,0,トリガーにマッチする処置コードなし,0,トリガーにマッチする処置コードなし,x,副傷病の分岐なし,,x,重症度の分岐なし (全 x),,040120xx9900xx,"入院期間I:6日/3300点
入院期間II:11日/2227点
入院期間III:30日/1893点","入院日数22日
入院期間I:3300×6日=19800
入院期間II:2227×5日=11135
入院期間III:1893×11日=20823
合計:51758",51758,rejected,点数が低い (差 4401),,,,,,,,,,,
2727963,2026-06-03,2026-06-24,ok,124.2,E11.9,コントロール不良の2型糖尿病,２型糖尿病,0.5,10007x,２型糖尿病（糖尿病性ケトアシドーシスを除く。）,"1. 入院目的: 主目的は肺炎加療だが、入院初診時血糖307 mg/dL, HbA1c 9.2% と高度高血糖が判明し、「高血糖/糖尿病」として入院当初から評価対象。
2. 主病名: 既往に糖尿病がありインスリン依存や合併症の記載はなく、ケトアシドーシス・昏睡もないことから、合併症記載なしの2型糖尿病として E11.9 が最も妥当。
3. 中心治療: 入院全期間を通じて頻回血糖測定、内服継続と調整、専門医コンサルトが行われ、肺炎治療と並行して継続的な管理資源が投入されている。
4. 肺炎治療そのものにも高血糖が悪影響を与え得るため、血糖管理は入院経過全体に影響する重要な軸であり、医療資源消費も一定量あるため、最資源投入病名候補として保持。
5. DPC6 は２型糖尿病(10007x)で、頻回血液検査・血糖管理という今回の介入内容と整合するが、侵襲的治療やICU管理には至っていない点から優先度は肺炎群より低め。",x,,分岐なし（xのみ）,,x,,分岐なし（xのみ）,,xx,パターン xx,,x,処置等1の分岐なし,1,"処置等2=1: 0169(インスリン製剤（注射薬に限る。）), (ノボラピッド注　１００単位／ｍｌ)[レセ電=620008895, 実施日=2026-06-04;2026-06-05;2026-06-06;2026-06-07;2026-06-08;2026-06-09;2026-06-10;2026-06-11;2026-06-12;2026-06-13;2026-06-14;2026-06-15;2026-06-16;2026-06-17;2026-06-18;2026-06-19;2026-06-20;2026-06-21;2026-06-22;2026-06-24]",x,副傷病の分岐なし,,x,重症度の分岐なし (全 x),,10007xxxxxx1xx,"入院期間I:6日/2871点
入院期間II:12日/2037点
入院期間III:30日/1731点","入院日数22日
入院期間I:2871×6日=17226
入院期間II:2037×6日=12222
入院期間III:1731×10日=17310
合計:46758",46758,rejected,点数が低い (差 9401),,,,,,,,,,,
2727963,2026-06-03,2026-06-24,ok,124.2,I47.2,多形性心室頻拍（既往の頻脈性不整脈）,心室頻拍,0.4,050070,頻脈性不整脈,"1. 入院目的: 主訴・入院契機は肺炎であり、不整脈は既往歴として記載されているが、入院中もQT延長やアミオダロン中止など不整脈管理が再評価されている。
2. 主病名: 「多形性心室頻拍」の既往があり、ICD-10 では心室頻拍の包括コード I47.2 が最も近似する（多形性の表現も同コード群に含まれる）。
3. 中心治療: 直接の頻拍発作は本入院中に記録されていないものの、心電図・NT-proBNP 測定、QTc評価、アミオダロン中止決定など薬物療法の大きな変更が行われており、専門的判断資源が投入されている。
4. ただし今回の入院は不整脈精査・治療目的ではなく、心室頻拍は肺機能低下や閉塞性障害を踏まえた薬剤調整の文脈で扱われているため、最資源投入病名としての位置づけは補助的。
5. DPC6 は頻脈性不整脈(050070)であり、心電図検査・薬物調整という介入内容と整合するが、手技や集中治療が行われていないため相対的な優先度は低い。",x,,分岐なし（xのみ）,,x,,分岐なし（xのみ）,,99,手術なし,,0,トリガーにマッチする処置コードなし,0,トリガーにマッチする処置コードなし,0,副傷病なし（AI/EF探索で該当なし）,,x,重症度の分岐なし (全 x),,050070xx99000x,"入院期間I:2日/3635点
入院期間II:4日/2374点
入院期間III:30日/2018点","入院日数22日
入院期間I:3635×2日=7270
入院期間II:2374×2日=4748
入院期間III:2018×18日=36324
合計:48342",48342,rejected,点数が低い (差 7817),,,,,,,,,,,
2786082,2026-07-14,2026-07-27,ok,97.5,J123,ヒトメタニューモウイルスによる肺炎,ヒトメタニューモウイルス肺炎,0.9,040070,インフルエンザ、ウイルス性肺炎,"1. 入院目的: 血痰と呼吸困難・発熱を伴う肺炎疑いに対する加療目的で緊急入院。
2. 主病名: 入院後の検査でヒトメタニューモウイルス陽性、画像で右下葉〜両側下肺野すりガラス陰影を認め、「ヒトメタニューモウイルス感染症による肺炎」と明記されており、J123が最も適合。
3. 中心治療: CTRX＋AZMによる静注抗菌薬投与、ウイルス同定検査一式、酸素吸入（数L持続）、各種血液ガス検査・画像検査、呼吸リハビリ等、入院中の医療資源の大半がこの肺炎とそれに伴う呼吸不全管理に投下。
4. 急性経過（7/11発症→7/14緊急入院）、局在する浸潤影とCRP高値から急性ウイルス性肺炎として矛盾なく、他の病因（細菌性、結核、真菌）の証拠は乏しい。
5. 酸素需要増加や血痰など症状のピークに対してステロイドも導入され、入院期間の大半で病状評価と治療調整の中心となっている。
6. ICD-10→DPC6 はJ123→040070（インフルエンザ、ウイルス性肺炎）であり、EF上の酸素吸入、点滴注射、呼吸モニタリング、画像・ウイルス核酸検査などと整合し、最資源投入病名候補として非常に強い。",x,,分岐なし（xのみ）,,x,,分岐なし（xのみ）,,xx,パターン xx,,x,処置等1の分岐なし,0,トリガーにマッチする処置コードなし,0,トリガーに該当する副傷病なし,,x,重症度の分岐なし (全 x),,040070xxxxx00x,"入院期間I:3日/3025点
入院期間II:5日/2170点
入院期間III:30日/1845点","入院日数14日
入院期間I:3025×3日=9075
入院期間II:2170×2日=4340
入院期間III:1845×9日=16605
合計:30020",30020,rejected,点数が低い (差 9054),,,,,,,,,,,
2786082,2026-07-14,2026-07-27,ok,97.5,J841,肺炎後器質化肺炎,特発性器質化肺炎,0.78,040110,間質性肺炎,"1. 入院目的: 血痰と呼吸困難を伴う肺炎疑いで入院後も酸素需要増加と陰影遷延があり、経過中に「肺炎後器質化肺炎」と診断されステロイド治療の主対象となった。
2. 主病名: 画像で右下肺野すりガラス陰影の収縮・残存があり、「肺炎後器質化肺炎と診断し、ステロイドを開始」と明記されており、器質化肺炎としてJ841（特発性器質化肺炎）の包括コードを用いるのが実務的。
3. 中心治療: PSL 20mgを5日間（7/17-7/21）投与し、その開始とともに食事摂取・酸素需要の改善が得られており、入院後半の治療戦略と評価の中心となっている。
4. 器質化パターンを示す陰影遷延のため、単純な急性ウイルス性肺炎から病態が移行しており、この病態に対しては抗菌薬ではなくステロイドが主治療となっている点で独立した資源投入対象とみなせる。
5. ICD-10→DPC6 はJ841→040110（間質性肺炎）であり、CT・胸部X線の反復、ステロイド全身投与、呼吸リハビリ等の資源と整合し、ウイルス性肺炎とは異なるDPC群として主傷病候補となりうる。",x,,分岐なし（xのみ）,,x,,分岐なし（xのみ）,,xx,パターン xx,,0,トリガーにマッチする処置コードなし,0,トリガーにマッチする処置コードなし,x,副傷病の分岐なし,,x,重症度の分岐なし (全 x),,040110xxxx00xx,"入院期間I:8日/3193点
入院期間II:15日/2255点
入院期間III:60日/1917点","入院日数14日
入院期間I:3193×8日=25544
入院期間II:2255×6日=13530
合計:39074",39074,selected,,false,false,,040110xxxx00xx,,040110xxxx00xx,1000,同点候補なし,,,
2786082,2026-07-14,2026-07-27,ok,97.5,J441,COPD急性増悪（肺炎・呼吸不全を伴う）,慢性閉塞性肺疾患の急性増悪,0.6,040120,慢性閉塞性肺疾患,"1. 入院目的: 血痰と労作時呼吸困難を主訴とし、既往としてCOPDがあり、入院後も呼吸不全遷延の背景にCOPDの存在が繰り返し示唆されている。
2. 主病名: カルテに「＃COPD」「呼吸不全遷延 (COPDによる)」と記載があり、ウイルス性肺炎を契機としたCOPD急性増悪としてJ441（慢性閉塞性肺疾患の急性増悪）が臨床的に適合。
3. 中心治療: 酸素2〜6L投与の持続、呼吸器リハビリテーション、呼吸心拍監視、SpO2モニタリングなど、基礎COPDを背景とした換気障害の管理に相当の資源が投入されている。
4. 特に7/17以降、CRP改善にもかかわらず呼吸不全が遷延し、「呼吸不全遷延(COPDによる)」と明示されており、感染そのもの以上にCOPD増悪が酸素・リハビリ等の長期管理の原因となっている。
5. ICD-10→DPC6 はJ441→040120（慢性閉塞性肺疾患）であり、EF上の酸素療法、呼吸リハ（H003）、呼吸心拍監視（D220）、継続したSpO2測定（D223）との整合がよく、ウイルス性肺炎とは別の主傷病候補として成立しうる。",x,,分岐なし（xのみ）,,x,,分岐なし（xのみ）,,99,手術なし,,0,トリガーにマッチする処置コードなし,0,トリガーにマッチする処置コードなし,x,副傷病の分岐なし,,x,重症度の分岐なし (全 x),,040120xx9900xx,"入院期間I:6日/3300点
入院期間II:11日/2227点
入院期間III:30日/1893点","入院日数14日
入院期間I:3300×6日=19800
入院期間II:2227×5日=11135
入院期間III:1893×3日=5679
合計:36614",36614,rejected,点数が低い (差 2460),,,,,,,,,,,
2786082,2026-07-14,2026-07-27,ok,97.5,R042,喀血（肺炎・抗凝固療法中）,喀血,0.5,040140,気道出血（その他）,"1. 入院目的: 主訴として「血痰」が明記され、喀血は入院契機症状の一つであり、抗凝固療法中の安全管理と止血が重要な入院目的となっている。
2. 主病名: カルテ上「＃喀血」として独立して列挙され、遷延する喀血に対してアドナ＋トランサミン、ワーファリン休薬・再開調整が行われており、R042（喀血）が症状診断として最も適合。
3. 中心治療: 止血剤点滴・内服の継続、抗凝固薬（ワーファリン）の休薬とPT-INRモニタリング、喀血量の経時観察が行われており、特に出血リスク管理に一定の医療資源が投入されている。
4. 本質的には肺炎や基礎肺アスペルギルス症に伴う症状だが、抗凝固療法中であり喀血自体が治療内容（抗凝固中止・再開判断）と入院期間に影響しうる重大合併症として扱われているため、症状コードながら最資源投入病名候補として保持。
5. ICD-10→DPC6 はR042→040140（気道出血（その他））であり、EFの止血剤点滴（G004）や酸素管理・モニタリングと組み合わせて、肺炎ではなく出血管理を主とするコーディングが選択される可能性も考慮する必要がある。",x,,分岐なし（xのみ）,,x,,分岐なし（xのみ）,,99,手術なし,,x,処置等1の分岐なし,x,処置等2の分岐なし,0,トリガーに該当する副傷病なし,,x,重症度の分岐なし (全 x),,040140xx99xx0x,"入院期間I:3日/3837点
入院期間II:6日/2328点
入院期間III:30日/1979点","入院日数14日
入院期間I:3837×3日=11511
入院期間II:2328×3日=6984
入院期間III:1979×8日=15832
合計:34327",34327,rejected,点数が低い (差 4747),,,,,,,,,,,
2786082,2026-07-14,2026-07-27,ok,97.5,I480,発作性心房細動（ワーファリン内服中）,発作性心房細動,0.45,050070,頻脈性不整脈,"1. 入院目的: 直接の入院契機ではないが、発作性心房細動に対する長期ワーファリン療法があるため、喀血発生時に抗凝固調整が入院管理の重要項目となっている。
2. 主病名: カルテに「＃発作性心房細動」と記載され、現在は洞調律であるが、ワーファリン中止・再開やPT-INRモニタリングが一貫して行われており、I480（発作性心房細動）が典型。
3. 中心治療: ワーファリン休薬→再開（2.5mg）と複数回のPT-INR測定、心電図検査、心拍数・リズムモニタリングが実施されているが、今回は洞調律維持でアブレーション等の高侵襲手技は行われていない。
4. 入院の主資源は肺炎・呼吸不全に向いているが、抗凝固療法中の喀血という状況で心房細動の既往が出血リスク管理と在宅復帰計画に少なからず影響しており、頻脈性不整脈としてのDPC6（050070）を主病名に選択する運用も理論上ありうるため補助候補として保持。
5. ICD-10→DPC6 はI480→050070（頻脈性不整脈）であり、EF上のD208心電図検査、D220呼吸心拍監視、D006凝固検査などとも整合するが、今回はそれら検査の主な契機は肺炎・出血リスク評価と考えられ、主病名としての優先度はやや低い。",x,,分岐なし（xのみ）,,x,,分岐なし（xのみ）,,99,手術なし,,0,トリガーにマッチする処置コードなし,0,トリガーにマッチする処置コードなし,1,副傷病あり（value=1）,[EF] J024(酸素吸入（１日につき）) レセ電=140005610 → J96$(呼吸不全)とみなす 判断: EF上の酸素吸入の算定により呼吸不全相当と判定,x,重症度の分岐なし (全 x),,050070xx99001x,"入院期間I:5日/3315点
入院期間II:12日/2240点
入院期間III:30日/1904点","入院日数14日
入院期間I:3315×5日=16575
入院期間II:2240×7日=15680
入院期間III:1904×2日=3808
合計:36063",36063,rejected,点数が低い (差 3011),,,,,,,,,,,
2862933,2026-06-10,2026-06-24,ok,192.4,I499,頻拍誘発性心筋症による心不全増悪（HFrEF）,頻拍誘発性心筋症,0.68,050340,その他の循環器の障害,"1. 入院目的: 「心不全加療」。AF tachy を契機にEF64%→35%とびまん性低下し「TIC疑い」と明記されている。
2. 主病名: 頻脈性心房細動により心機能が低下した頻拍誘発性心筋症→I499（頻拍誘発性心筋症）と解釈可能。
3. 中心治療: 利尿薬、β遮断薬、ACE阻害薬、SGLT2阻害薬、MRA、アミオダロン点滴・内服、心大血管疾患リハビリなど、心不全・心機能改善目的の包括的治療。
・EFが短期間で著明低下し、「慢性心不全（HFrEF） TIC疑い」と繰り返し記載され、心不全入院・リハの主因として管理されている。
・単なる既存心不全よりも、「頻脈による心筋障害」が今回入院で新たに顕在化・評価された病態であり、資源（心エコー、造影CT計画、心リハ、薬物最適化）が集中。
・ICD-10上、頻拍誘発性心筋症 I499 がこの病態に最も近く、うっ血像や肺水腫・胸水も心機能低下に起因する。
・DPC6は050340（その他の循環器の障害）で、EF低下心筋症としての扱いになりうる点で、心大血管リハや薬物治療との整合がある。
・単純なI509「心不全」やI500「うっ血性心不全」と比べ、病態をより具体的に表現しうるため、原疾患的な候補として保持する。",x,,分岐なし（xのみ）,,x,,分岐なし（xのみ）,,xx,パターン xx,,x,処置等1の分岐なし,x,処置等2の分岐なし,x,副傷病の分岐なし,,x,重症度の分岐なし (全 x),,050340xxxxxxxx,"入院期間I:4日/3744点
入院期間II:10日/2475点
入院期間III:30日/2104点","入院日数15日
入院期間I:3744×4日=14976
入院期間II:2475×6日=14850
入院期間III:2104×5日=10520
合計:40346",40346,rejected,上位候補に劣る,,,,,,,,,,,
2862933,2026-06-10,2026-06-24,ok,192.4,I509,慢性心不全（HFrEF）の急性増悪,心不全,0.82,050130,心不全,"1. 入院目的: 「心不全加療」、ER紹介時も「頻脈性心房細動と心不全が疑われ当院ERへ紹介」と明記されている。
2. 主病名: 既往に心不全があり、「慢性心不全（HFrEF） TIC疑い」「うっ血性心不全」と繰り返し記載され、今回AF tachyにより急性増悪した慢性心不全→I509（急性・慢性心不全の包括）とするのが妥当。
3. 中心治療: ループ・サイアザイド利尿薬、β遮断薬、ACE阻害薬、MRA、SGLT2阻害薬、アミオダロン持続点滴→内服、精密持続点滴、心大血管リハ、持続モニタリング、胸部CT等、心不全コントロールに集中。
・胸部Xp・CTで両側胸水・肺水腫、NT-proBNP高値、体重減少など典型的なうっ血性心不全像があり、入院中ずっと病態評価・加療の中心となっている。
・「レートコントロールで心不全改善すれば一度退院」と日々のプランに記載され、退院基準も心不全コントロールに依存。
・ICD-10候補のうちI509「心不全」は急性/慢性・左右心を包括し、本症例の「慢性HFrEF＋急性増悪」を総括できる。
・DPC6は050130（心不全）で、EF低下・うっ血像、アミオダロンや心リハ等の心不全関連資源と完全に整合し、最資源投入病名候補として最も強い。",x,,分岐なし（xのみ）,,x,,分岐なし（xのみ）,,99,手術なし,,0,トリガーにマッチする処置コードなし,0,"処置等2=0: H000(心大血管疾患リハビリテーション料（１）（１単位）（作業療法士による場合）)[レセ電=180744310, 実施日=2026-06-23], H000(心大血管疾患リハビリテーション料（１）（１単位）（看護師による場合）)[レセ電=180744510, 実施日=2026-06-14;2026-06-15;2026-06-21;2026-06-22], H000(心大血管疾患リハビリテーション料（１）（１単位）（集団療法による場合）)[レセ電=180744610, 実施日=2026-06-13;2026-06-16]",x,副傷病の分岐なし,,0,"branch=0 numeric=0 label=他の病院・診療所の病棟からの転院以外 / 他院外来（おがた胃腸科内科）から当院ERへ紹介後に直接入院しており、他院“病棟”からの転院とは言えない。 (verifier 不整合あり, best-effort 採用: ['conclusion_label_mismatch'])",[2026-06-10]2026年6月6日頃から労作時呼吸苦、心窩部痛を認めたためおがた胃腸科内科を受診された。頻脈性心房細動と心不全が疑われ当院ERへ紹介となった。; [2026-06-10]当初は入院拒否されたが、家族の説得によりなんとか入院いただけることに。,050130xx9900x0,"入院期間I:7日/3150点
入院期間II:14日/2242点
入院期間III:60日/1906点","入院日数15日
入院期間I:3150×7日=22050
入院期間II:2242×7日=15694
入院期間III:1906×1日=1906
合計:39650",39650,selected,,false,false,,050130xx9900x0,,050130xx9900x0,1000,同点候補なし,,,
2862933,2026-06-10,2026-06-24,ok,192.4,I480,発作性頻脈性心房細動,発作性頻脈性心房細動,0.78,050070,頻脈性不整脈,"1. 入院目的: ER紹介時から「頻脈性心房細動、心不全」で、AF tachyが心不全増悪の直接契機とされている。
2. 主病名: 2023年からの発作性AF既往があり、今回もAF tachy再燃→洞調律復帰→再発を繰り返しており、発作性頻脈性心房細動→I480が適切。
3. 中心治療: ビソノテープ→ビソプロロール増量、アミオダロン点滴・内服、抗凝固薬リクシアナ、心拍監視D220、心電図D208など、頻脈性AF自体への薬物治療とモニタリングに相当な資源投入。
・経過中、AF再燃に対してアミオダロン持続点滴開始・調整など、リソース集中的な対応がなされている。
・退院後も「待機的にアブレーションの方針」とされ、今後の侵襲的治療計画の主対象疾患でもある。
・ICD-10上、発作性の経過・頻拍性であることからI480が最もフィットし、DPC6は050070（頻脈性不整脈）。本DPC群はカテアブレーション等K594系を含み、今回入院でもその準備目的で造影CTが計画されている点で整合。
・心不全（I509）と並んで入院ストーリーの二大軸であり、頻脈制御自体にも多くの医療資源が投入されているため、独立候補として保持する。",x,,分岐なし（xのみ）,,x,,分岐なし（xのみ）,,99,手術なし,,0,トリガーにマッチする処置コードなし,0,トリガーにマッチする処置コードなし,1,副傷病あり（value=1）,"[放射線レポート] J90(胸水，他に分類されないもの) 根拠: 入院時胸部XpとCTで両側胸水・右優位の胸水が明瞭で、胸部Xpで経過観察され心不全治療により「胸水ほぼ消失」と記載されている。 引用: ▼胸部Xp
  CTR 63.3% CP angle dull 両側胸水、肺水腫あり; 所見: 右優位の胸水貯留・葉間胸水、心拡大、少量心嚢液があります。 判断: 胸水が画像で確認され、心不全治療に伴い経過が追われており、今回入院で管理対象となっている。",x,重症度の分岐なし (全 x),,050070xx99001x,"入院期間I:5日/3315点
入院期間II:12日/2240点
入院期間III:30日/1904点","入院日数15日
入院期間I:3315×5日=16575
入院期間II:2240×7日=15680
入院期間III:1904×3日=5712
合計:37967",37967,rejected,点数が低い (差 1683),,,,,,,,,,,
2862933,2026-06-10,2026-06-24,ok,192.4,C349,右上葉肺腺癌疑い,肺癌,0.55,040040,肺の悪性腫瘍,"1. 入院目的: 主目的は心不全であったが、胸部CTで偶発的に肺のpart solid noduleが見つかり「高分化型腺癌の疑い」とされ、退院時説明の中心テーマの一つになっている。
2. 主病名: 右上葉part solid noduleで高分化型腺癌疑い、両側すりガラス影も「早期肺癌もしくは肺水腫陰影の消退経過」と記載され、原発性肺癌疑い→C349（肺癌、部位詳細不明）を包括候補とする。
3. 中心治療: 今回入院中は確定診断や手術は未実施だが、造影CTで陰影フォローが行われ、退院計画・専門科への紹介など、検査・説明・外来フォロー体制構築に相応の資源が投入。
・心不全改善後にもCTを再施行しており、単なる偶発所見以上に、今後の治療方針決定に直結する病態として重点的に評価されている。
・ICD-10では「肺癌疑い」に対しC349が代表コード。早期／高分化の詳細はDPC分類上のサブではなく、まず「肺の悪性腫瘍」を示す包括コードとする。
・DPC6は040040（肺の悪性腫瘍）で、将来の肺切除・生検（K514系、K510等）を含む典型的なDPC群。今回入院での直接治療はないものの、検査・説明に資源投入があり、将来の治療準備としての意味が大きい。
・主目的は心不全であるためprimary_likelihoodは低めだが、肺癌疑いそのものにも検査・説明資源が投下されており、別候補として保持する価値がある。",x,,分岐なし（xのみ）,,x,,分岐なし（xのみ）,,99,手術なし,,0,トリガーにマッチする処置コードなし,0,トリガーにマッチする処置コードなし,x,副傷病の分岐なし,,x,重症度の分岐なし (全 x),,040040xx9900xx,"入院期間I:5日/3170点
入院期間II:11日/2320点
入院期間III:30日/1972点","入院日数15日
入院期間I:3170×5日=15850
入院期間II:2320×6日=13920
入院期間III:1972×4日=7888
合計:37658",37658,rejected,点数が低い (差 1992),,,,,,,,,,,
2915405,2026-06-15,2026-07-02,ok,116.2,I500,拡張相肥大型心筋症による慢性うっ血性心不全増悪（LOS）,うっ血性心不全,0.86,050130,心不全,"1. 入院目的: 「心不全加療」、外来でのラシックスivでも改善せずLOS症状増悪のため入院と記載。
2. 主病名: 慢性心不全増悪LOS → 器質的背景として拡張相肥大型心筋症（LVEF 18〜22%）が明記されており、ICD-10はうっ血性心不全I500とした。
3. 中心治療: DOB持続静注による循環サポート、フロセミドIV、頻回の血液検査・CRP/PT-INR・心エコー・CXR、心大血管リハビリ、長期モニタリングD220。
- 入院期間を通じてA/Pで「#1 慢性心不全増悪 LOS」が繰り返し主病態として記載され、DOBテーパリングと心不全症状の改善が退院ゴールとされている。
- LOS症状・BNP高値・胸水・TTEでの著明な収縮不全など、急性増悪を伴う慢性うっ血性心不全像が中心で、最も医療資源（昇圧性強心薬、点滴管理、心リハ）が投下されている。
- 心不全そのものに対する手術Kコードはないが、DPC6「050130 心不全」と心大血管リハH000・呼吸心拍監視D220などのEFがよく整合する。
- 競合しうる「拡張相肥大型心筋症」自体よりも、今回入院で実際に管理したのはその結果としての心不全増悪であり、資源投入先として本候補がより直接的。",x,,分岐なし（xのみ）,,x,,分岐なし（xのみ）,,99,手術なし,,0,トリガーにマッチする処置コードなし,0,"処置等2=0: H000(心大血管疾患リハビリテーション料（１）（１単位）（理学療法士による場合）)[レセ電=180744210, 実施日=2026-06-16;2026-06-18;2026-06-20;2026-06-21;2026-06-22;2026-06-24;2026-06-25;2026-06-27;2026-06-28;2026-06-29;2026-07-01], H000(心大血管疾患リハビリテーション料（１）（１単位）（看護師による場合）)[レセ電=180744510, 実施日=2026-06-30]",x,副傷病の分岐なし,,0,"branch=0 label=他の病院・診療所の病棟からの転院以外 / 入院は当院外来受診からの入院であり、他院病棟からの転院を示す記載はない。 (verifier 不整合あり, best-effort 採用: ['conclusion_label_mismatch'])",[2026-06-15]山田先生外来にて定期通院中．6/11に受診して入院勧められたが外来治療の希望あり帰宅となっていた．その後も症状改善なく，増悪するため入院希望で受診．,050130xx9900x0,"入院期間I:7日/3150点
入院期間II:14日/2242点
入院期間III:60日/1906点","入院日数18日
入院期間I:3150×7日=22050
入院期間II:2242×7日=15694
入院期間III:1906×4日=7624
合計:45368",45368,selected,,false,false,,050130xx9900x0,,050130xx9900x0,1000,同点候補なし,,,
2915405,2026-06-15,2026-07-02,ok,116.2,I420,拡張相肥大型心筋症,拡張相肥大型心筋症,0.78,050060,心筋症（拡張型心筋症を含む。）,"1. 入院目的: 心不全加療だが、その背景として拡張相肥大型心筋症（LVEF 22%、TTEでEF 18%、左室著明拡大）が詳細に記載されている。
2. 主病名: 拡張相肥大型心筋症 → ICD-10はI420（拡張相肥大型心筋症）とマスターに合致。
3. 中心治療: DOB・利尿薬・ベリキューボ追加・長期的心不全内服調整など、全てこの進行性心筋症に起因する低心機能を標的とした治療。
- 本症は長期の心不全入退院歴・CRT-D植込み歴・進行するMR/TR・EF低下を伴い、今回入院時にもEF18%と高度の器質的心疾患として入院全体を規定している。
- 心不全増悪という急性エピソードはこの心筋症の病期の1場面であり、DPC6「050060 心筋症」として包括評価することも臨床的に妥当で、手術Kコード群（CRT-D等）とも整合する分類である。
- 今回入院中も心機能評価（TTE）、CRT-Dの遠隔モニタリング継続、心リハなど、基礎心筋症に対する資源投入の側面が大きい。
- ただし、急性期資源投入の直接原因は心不全増悪であるため、主傷病としてはそちらとの比較検討が必要。",x,,分岐なし（xのみ）,,x,,分岐なし（xのみ）,,99,手術なし,,0,トリガーにマッチする処置コードなし,0,"処置等2=0: H000(心大血管疾患リハビリテーション料（１）（１単位）（理学療法士による場合）)[レセ電=180744210, 実施日=2026-06-16;2026-06-18;2026-06-20;2026-06-21;2026-06-22;2026-06-24;2026-06-25;2026-06-27;2026-06-28;2026-06-29;2026-07-01], H000(心大血管疾患リハビリテーション料（１）（１単位）（看護師による場合）)[レセ電=180744510, 実施日=2026-06-30]",x,副傷病の分岐なし,,x,重症度の分岐なし (全 x),,050060xx9900xx,"入院期間I:4日/3248点
入院期間II:10日/2325点
入院期間III:30日/1976点","入院日数18日
入院期間I:3248×4日=12992
入院期間II:2325×6日=13950
入院期間III:1976×8日=15808
合計:42750",42750,rejected,点数が低い (差 2618),,,,,,,,,,,
2915405,2026-06-15,2026-07-02,ok,116.2,I472,心室頻拍,心室頻拍,0.55,050070,頻脈性不整脈,"1. 入院目的: 直近は心不全加療だが、2024/1/18以降VT頻度上昇・ATP作動歴があり、ICD/CRT-D管理下の致死性不整脈が基礎心疾患の重要な病態として記載されている。
2. 主病名: 心室頻拍（VT）（2006年RFCA、以後もVT頻度上昇あり）→ ICD-10はI472（心室頻拍）。
3. 中心治療: ICD/CRT-D植込み・アップグレード、本体交換（過去入院）、アミオダロン再開・VT抑制、継続的遠隔モニタリング。今回入院中も不整脈リスクを前提としたモニタリングと薬剤調整が行われている。
- 直接の今回入院契機ではないものの、致死性不整脈として長期的に大量の医療資源（RFCA, ICD/CRT-D施行・交換、抗不整脈薬調整、遠隔モニタリング）が投入されている疾患であり、心不全と並ぶ循環器主病態。
- DPC6「050070 頻脈性不整脈」は心室頻拍・心房粗動/細動等の不整脈に対応し、高度のデバイス治療が紐づくグループであり、EFファイルの心大血管リハ・モニタリングとも臨床的に矛盾しない。
- 今回入院中の資源投入の主因は心不全であるため相対的には劣るが、同一入院エピソードでも不整脈管理・抗凝固管理（ワーファリン調整）が継続しており、別候補として保持する価値がある。",x,,分岐なし（xのみ）,,x,,分岐なし（xのみ）,,99,手術なし,,0,トリガーにマッチする処置コードなし,0,トリガーにマッチする処置コードなし,0,副傷病なし（AI/EF探索で該当なし）,,x,重症度の分岐なし (全 x),,050070xx99000x,"入院期間I:2日/3635点
入院期間II:4日/2374点
入院期間III:30日/2018点","入院日数18日
入院期間I:3635×2日=7270
入院期間II:2374×2日=4748
入院期間III:2018×14日=28252
合計:40270",40270,rejected,点数が低い (差 5098),,,,,,,,,,,
2915405,2026-06-15,2026-07-02,ok,116.2,N183,慢性腎臓病（CKD G3相当）,慢性腎臓病ステージＧ３,0.48,110280,慢性腎炎症候群・慢性間質性腎炎・慢性腎不全,"1. 入院目的: 心不全加療だが、「慢性腎臓病」が診断名として併記され、以前から心不全治療と一体で管理されている。
2. 主病名: 慢性腎臓病 → eGFR 40〜50mL/min台でG3程度と推定できるためICD-10はN183（CKD G3）。
3. 中心治療: 利尿薬調整、MRA減量、ACEi/ARNI変更、フォシーガ中止など、腎機能と電解質（特にK）を考慮した薬剤調整、多数の血液検査（BUN/CRE/eGFR, 電解質）によるモニタリング。
- 心不全治療経過中に「腎機能悪化」「腎不全増悪あり」などが繰り返し言及され、今回入院時もBUN, CRE軽度上昇・eGFR低下を伴う心腎連関として管理されている。
- EFファイルでも血液化学D007が頻回に算定されており、腎機能・電解質管理は入院中の資源投入の一部を占める。
- ただし透析導入や急性腎不全での集中管理までは至っておらず、主資源投入の中心はあくまで心不全であるため、補助的だが保持すべき候補として中等度以下のconfidenceとした。",x,,分岐なし（xのみ）,,x,,分岐なし（xのみ）,,99,手術なし,,0,トリガーにマッチする処置コードなし,0,トリガーにマッチする処置コードなし,0,副傷病なし（AI/EF探索で該当なし）,,x,重症度の分岐なし (全 x),,110280xx99000x,"入院期間I:4日/3055点
入院期間II:9日/2285点
入院期間III:30日/1942点","入院日数18日
入院期間I:3055×4日=12220
入院期間II:2285×5日=11425
入院期間III:1942×9日=17478
合計:41123",41123,rejected,点数が低い (差 4245),,,,,,,,,,,
2959572,2026-07-17,2026-07-30,ok,98.1,M1125,右股関節偽痛風,股関節偽痛風,0.8,070510,痛風、関節の障害（その他）,"1. 入院目的: 当初は呼吸不全精査目的だが、入院中に発熱・炎症高値と右股関節痛が出現し、その精査・治療が入院後半の中心となった。
2. 主病名: 右股関節偽痛風 → M1125（股関節偽痛風）。
3. 中心治療: 股関節穿刺による診断、NSAIDs（セレコックス）投与、発熱・炎症マーカーフォロー、リハ・ADL対応、転院調整。
- 関節液でピロリン酸Ca結晶・細胞数約2万と典型的所見があり、整形外科が「みぎ股関節 偽痛風」と明記している。
- 7/21以降の発熱・CRP高値の主因と判断され、抗菌薬は短期で中止されNSAIDs中心の加療に切り替えられているため、炎症・疼痛に対する医療資源の主な投下先となっている。
- 呼吸不全は比較的早期に落ち着き、その後は偽痛風に伴う炎症・疼痛コントロールとそれに伴うADL低下への対応が入院延長の主因。
- ICD-10は股関節部の偽痛風であり、部位特異的コードとしてM1125が適合。
- DPC6は「痛風、関節の障害（その他）」で、本症例のように関節炎主体・NSAIDsなど内科的管理中心のケースと整合。
- 競合する呼吸不全や肺炎/無気肺よりも、入院中盤以降の発熱・炎症高値の主要原因と明確に位置づけられている点で、最資源投入病名候補として強い根拠がある。",x,,分岐なし（xのみ）,,x,,分岐なし（xのみ）,,99,手術なし,,x,処置等1の分岐なし,x,処置等2の分岐なし,x,副傷病の分岐なし,,x,重症度の分岐なし (全 x),,070510xx99xxxx,"入院期間I:5日/3246点
入院期間II:9日/2056点
入院期間III:30日/1748点","入院日数14日
入院期間I:3246×5日=16230
入院期間II:2056×4日=8224
入院期間III:1748×5日=8740
合計:33194",33194,selected,,true,false,0.78,070510xx99xxxx,070510xx99xxxx,070510xx99xxxx,1000,同点候補あり,入院契機は低酸素血症だが、心不全・肺塞栓・明らかな肺炎像は否定的で、原因不明のまま酸素は比較的早期に離脱し得ており、その後は大きな追加検査や処置は少ない。一方、右股関節偽痛風は整形外科コンサルトと穿刺で確定診断され、発熱・CRP高値の主因としてNSAIDs治療や炎症フォローが行われ、入院後半の資源投入と転院調整の中心となっている。Kコードはないが、関節穿刺と継続治療を要した偽痛風を主病名とするのがDPC原則に合致する。,,
2959572,2026-07-17,2026-07-30,ok,98.1,J9609,急性呼吸不全,急性呼吸不全,0.7,040130,呼吸不全（その他）,"1. 入院目的: 下腿浮腫を契機に受診し、SpO2 86〜88%(room air)と低酸素血症のため酸素投与を要し、呼吸不全精査・管理目的に入院。
2. 主病名: 急性呼吸不全 → J9609（急性呼吸不全）。
3. 中心治療: 持続酸素投与（J024）、SpO2モニタリング（D223）、呼吸心拍監視（D220）、心エコー・CT・胸部X線・リハビリテーション(H003)など。
- 入院時から長期間にわたり酸素投与が必要であり、体動でSpO2が80％台に低下するなど明らかな呼吸不全像がある。
- 循環器評価（心不全否定）、肺塞栓除外CT、胸腹部CT、各種血液検査など、原因検索にかなりの医療資源が投入されている。
- 入院目的・ゴールも「酸素投与終了」とされており、呼吸不全管理が全入院を通じた主要テーマの一つ。
- 心不全や肺塞栓、明らかな肺炎像が否定的であり、原因未特定の急性低酸素血症としてJ9609（急性呼吸不全）が最も包括的なコード。
- DPC6「呼吸不全（その他）」は酸素療法・モニタリング中心の本症例の資源投入実態と適合する。
- 入院初期〜中期における酸素療法・画像検査・リハなどの集中的管理の原因であり、最資源投入病名として十分成立しうる。",x,,分岐なし（xのみ）,,x,,分岐なし（xのみ）,,99,手術なし,,x,処置等1の分岐なし,0,トリガーにマッチする処置コードなし,x,副傷病の分岐なし,,x,重症度の分岐なし (全 x),,040130xx99x0xx,"入院期間I:4日/3127点
入院期間II:9日/2236点
入院期間III:30日/1900点","入院日数14日
入院期間I:3127×4日=12508
入院期間II:2236×5日=11180
入院期間III:1900×5日=9500
合計:33188",33188,rejected,点数が低い (差 6),,,,,,,,,,,
2959572,2026-07-17,2026-07-30,ok,98.1,J181,左肺底区浸潤影による肺炎／無気肺（疑い）,肺炎、部位詳細不明,0.45,040080,肺炎等,"1. 入院目的: 当初は呼吸不全精査目的で入院し、その後発熱と炎症高値が出現し、胸腹部CTで左肺底区の新規浸潤影を認め肺炎/無気肺疑いとして抗菌薬治療を開始。
2. 主病名: 左肺底区浸潤影による肺炎疑い → J181（肺炎、部位詳細不明）を包括コードとして使用。
3. 中心治療: 抗菌薬セフトリアキソン静注（7/22–7/23）、胸部X線・胸腹部CT再検査、感染症関連検査（レジオネラ・肺炎球菌抗原、β-Dグルカン等）。
- 7/22 CTで「左肺底区に新規の浸潤影あり」とされ、7/23には「ひだり下葉浸潤影 s/o無気肺、肺炎」と記載されセフトリアキソンが開始されている。
- 最終的には偽痛風が主な熱源と判断され抗菌薬は短期で中止されているが、その間は肺炎の可能性として抗菌薬投与や画像フォローなどの医療資源が実際に投入されている。
- 無気肺としてJ981も鑑別だが、臨床的には「肺炎として抗生剤を開始」と明記されており、DPC上も肺炎群（040080）の方が実際の処方に整合しやすい。
- DPC6「肺炎等」は本例のように入院途中発症の肺炎疑いで抗菌薬点滴を行った症例と整合し、呼吸不全や偽痛風に次ぐ資源投入先として候補に残す価値がある。",0,病態等分類（年齢・肺炎種別）,年齢不明、デフォルト分岐 '0' を使用,,x,,分岐なし（xのみ）,,99,手術なし,,x,処置等1の分岐なし,0,トリガーにマッチする処置コードなし,x,副傷病の分岐なし,,x,重症度の分岐なし (全 x),,0400800x99x0xx,"入院期間I:7日/3424点
入院期間II:15日/2308点
入院期間III:60日/1961点","入院日数14日
入院期間I:3424×7日=23968
入院期間II:2308×7日=16156
合計:40124",40124,rejected,上位候補に劣る,,,,,,,,,,,
2959572,2026-07-17,2026-07-30,ok,98.1,A162,結核腫疑いを伴う右肺門部浸潤影,肺結核腫,0.4,040160,呼吸器の結核,"1. 入院目的: CTで偶発的に発見された右肺門部腫瘤影について、既往結核との関連が検討され、入院中継続的に結核腫疑いとして評価・フォローされた。
2. 主病名: 結核腫疑いを伴う右肺門部浸潤影 → A162（肺結核腫）。
3. 中心治療: 喀痰LAMP検査・抗酸菌塗抹/培養、胸部CT・胸部X線の比較読影、結核としての活動性評価（しかし抗結核薬は未開始）。
- 右肺門部腫瘤は入院時CTで指摘され、「右肺門部浸潤影」「結核既往 #結核腫疑い」と繰り返し記載されている。
- 2006年CTとの比較でわずかな増大あるものの長期経過から悪性は否定的と判断され、活動性評価のための結核検査が行われている。
- 最終的に活動性結核は否定的となり、直接の治療対象とはなっていないが、画像検査や結核関連検査など一定の資源が投入されている。
- ICD-10は肺の結核腫としてA162が最も近い。DPC6「呼吸器の結核」は喀痰検査・CT評価など本症例の精査内容と合致するが、治療介入が少ないため資源投入量は呼吸不全・偽痛風より少ない。
- しかし結核腫の可能性を前提とした長期的方針決定が行われており、鑑別上の重要疾患として候補に保持する。",x,,分岐なし（xのみ）,,x,,分岐なし（xのみ）,,xx,パターン xx,,x,処置等1の分岐なし,x,処置等2の分岐なし,x,副傷病の分岐なし,,x,重症度の分岐なし (全 x),,040160xxxxxxxx,,14日 包括対象外,,rejected,包括対象外,,,,,,,,,,,
2959572,2026-07-17,2026-07-30,ok,98.1,E876,低カリウム血症,低カリウム血症,0.35,10039x,体液・電解質・酸塩基平衡障害,"1. 入院目的: 主目的ではないが、入院中7/19に低K血症が判明し、補正治療と電解質モニタリングが行われた。
2. 主病名: 低カリウム血症 → E876。
3. 中心治療: グルコン酸K内服による補正、連日の電解質採血（Na/K/Cl）、腎機能評価。
- 7/19にK 3.49と低下し「#低K血症 グルコンサンK処方開始」と記載され、その後も電解質フォローが行われている。
- 生命予後に直結しうる異常としてモニタリング・補正に一定の医療資源が割かれているが、偽痛風や呼吸不全と比べると入院全体に占める比重は小さい。
- ICD-10は電解質異常としてE876が該当し、DPC6「体液・電解質・酸塩基平衡障害」として包括管理されうる病態。
- 主病名とするには弱いが、検査・内服治療が継続された合併症として、条件次第で最資源投入病名に選ばれる可能性も完全には否定できないため補助候補として保持する。",x,,分岐なし（xのみ）,,x,,分岐なし（xのみ）,,99,手術なし,,x,処置等1の分岐なし,x,処置等2の分岐なし,x,副傷病の分岐なし,,x,重症度の分岐なし (全 x),,10039xxx99xxxx,"入院期間I:4日/3332点
入院期間II:9日/2222点
入院期間III:30日/1889点","入院日数14日
入院期間I:3332×4日=13328
入院期間II:2222×5日=11110
入院期間III:1889×5日=9445
合計:33883",33883,rejected,上位候補に劣る,,,,,,,,,,,
2960032,2026-07-20,2026-07-31,ok,83.5,L031,左下肢蜂窩織炎,下肢蜂巣炎,0.78,080010,膿皮症,"1. 入院目的: 当初は尿路感染症疑いで入院したが、経過中に左下腿〜足関節の発赤・腫脹・熱感が出現し、これが発熱・炎症の主座と判断された。
2. 主病名: カルテ上「左下肢蜂窩織炎疑い」。部位が下肢であり、皮膚・皮下の蜂窩織炎としてICD-10 L031（下肢蜂巣炎）と解釈するのが妥当。
3. 中心治療: 全身状態評価（採血・血培・尿培・画像）、入院下での抗菌薬静注（CMZ→SBT/ABPC継続）、下肢CT・下肢静脈エコー、リハビリ等。
- 7/23に左下肢の腫脹・熱感・把握痛と画像所見から蜂窩織炎を疑い、その後の記録では繰り返し「左下肢蜂窩織炎疑い」と明記され、発熱原因としても説明されている。
- 血液培養でStreptococcus dys. equisimilisが検出されており、皮膚・軟部組織感染に矛盾しない菌種であることから、蜂窩織炎を感染源とする菌血症として全身管理・抗菌薬加療が行われている。
- 当初の尿路感染症像は治療により早期に改善し、その後も抗菌薬継続と経過観察の主眼は左下肢蜂窩織炎に置かれているため、入院全体としての医療資源投入の中心病態と評価できる。
- DPC6はL03xに対応する080010「膿皮症」となり、本症例の皮膚・皮下蜂窩織炎に整合する。手術Kコードはなく内科的治療中心である点も齟齬なし。
- 競合候補である尿路感染症（N390）に比べ、入院中盤以降の治療方針説明・申し送りで蜂窩織炎が主たる感染源として繰り返し強調されていることから、本候補を最資源投入病名として強く保持する。",x,,分岐なし（xのみ）,,x,,分岐なし（xのみ）,,xx,パターン xx,,0,トリガーにマッチする処置コードなし,x,処置等2の分岐なし,x,副傷病の分岐なし,,x,重症度の分岐なし (全 x),,080010xxxx0xxx,"入院期間I:5日/3133点
入院期間II:10日/2247点
入院期間III:30日/1910点","入院日数12日
入院期間I:3133×5日=15665
入院期間II:2247×5日=11235
入院期間III:1910×2日=3820
合計:30720",30720,rejected,点数が低い (差 1875),,,,,,,,,,,
2960032,2026-07-20,2026-07-31,ok,83.5,N390,複雑性尿路感染症（尿路感染症）,複雑性尿路感染症,0.7,110310,腎臓又は尿路の感染症,"1. 入院目的: 救急搬送後の精査で「膿尿・細菌尿および炎症所見上昇を認めたため、尿路感染症の診断で同日当科入院」と明記されており、入院契機は尿路感染症。
2. 主病名: カルテ上の診断「#1：尿路感染症」。上部・下部の明確な鑑別や腎盂腎炎像はなく、尿路全体の感染としてN390（尿路感染症）のうち背景に膀胱憩室・肉柱形成などあり複雑性尿路感染症が妥当。
3. 中心治療: 入院当初からの補液、抗菌薬静注（7/20 CMZ開始→7/21 SBT/ABPCへ変更）、頻回な血液・尿検査、尿・血液培養、膀胱評価（残尿測定、腹部US）など。
- 7/20入院時点で発熱・膿尿・細菌尿があり、炎症所見も上昇しており、尿培でGNR、のちにE.coliも検出されていることから、大腸菌を主体とする尿路感染症と考えられる。
- 画像で膀胱憩室・肉柱形成があり、残尿もみられたことから、単純な下部尿路炎ではなく構造的異常を伴う複雑性尿路感染として扱うのが現実的で、N390のサブタイプ「複雑性尿路感染症」が最も近い。
- 入院初期〜中期にかけて抗菌薬・補液・モニタリングなど多くの医療資源が尿路感染症の評価と治療に投入されており、その後蜂窩織炎が判明するまでの期間は本疾患が主要管理対象であった。
- DPC6は110310「腎臓又は尿路の感染症」にマップされ、本症例の内科的管理・検査内容と整合する。手術Kコードはなく、感染症内科的治療中心という点にも矛盾はない。
- 途中から蜂窩織炎が主な感染源と再評価されているものの、入院契機かつ当初の資源投入対象であり、入院全体としても依然として最資源投入病名候補として十分成立する。",x,,分岐なし（xのみ）,,x,,分岐なし（xのみ）,,99,手術なし,,x,処置等1の分岐なし,x,処置等2の分岐なし,x,副傷病の分岐なし,,x,重症度の分岐なし (全 x),,110310xx99xxxx,"入院期間I:6日/3232点
入院期間II:11日/2257点
入院期間III:30日/1918点","入院日数12日
入院期間I:3232×6日=19392
入院期間II:2257×5日=11285
入院期間III:1918×1日=1918
合計:32595",32595,selected,,false,false,,110310xx99xxxx,,110310xx99xxxx,1000,同点候補なし,,,
2960032,2026-07-20,2026-07-31,ok,83.5,A409,Streptococcusによる菌血症,レンサ球菌敗血症，詳細不明,0.6,180010,敗血症,"1. 入院目的: 初期は尿路感染症疑いでの入院だが、血液培養からGPC陽性→Streptococcus dys.equisimilisが検出され、全身感染（菌血症／敗血症）の評価・管理も目的となっている。
2. 主病名: カルテでは明示的に「菌血症」「敗血症」とは書かれていないが、「血培GPC（+）」および同定されたStreptococcusに対して抗菌薬が変更され、感染の主座として下肢蜂窩織炎が想定されていることから、レンサ球菌による菌血症としてA409（レンサ球菌敗血症，詳細不明）を候補とする。
3. 中心治療: 血培採取・培養同定・感受性検査、SBT/ABPCなど広域抗菌薬の静注、バイタルモニタリング、頻回採血、画像検査を含む全身評価。
- 血液培養陽性のレンサ球菌は全身性の血流感染を示し、単なる局所感染を超える病態として管理されている。心エコーで心内膜炎を除外しており、菌血症評価が実際に行われた点も、全身感染としての扱いを裏付ける。
- 明確なショックやICU管理までは至っていないが、高齢・発熱・炎症高値・血小板減少など、全身性感染症としての重症度評価が必要な状況であり、入院を通じてモニタリング・抗菌薬調整という医療資源が投下されている。
- DPC6は180010「敗血症」となり、菌血症〜敗血症の全身感染としてのカテゴリーに該当する。皮膚蜂窩織炎（080010）や尿路感染症（110310）を原発巣としつつ、全身性感染として別軸で資源投入された病態として候補に含める意義がある。
- ただしカルテ上の主診断ラベルは原発巣側（蜂窩織炎・尿路感染症）であり、明示的に敗血症と記載されていないため、confidenceはやや抑えめとする。",x,,分岐なし（xのみ）,,x,年齢,年齢 の値を取得できず,,,,,,,,,,,,,,,,,,,,,,,,,,,,,,,
2960032,2026-07-20,2026-07-31,ok,83.5,T679,熱中症疑い,熱による詳細不明の作用,0.42,161020,体温異常,"1. 入院目的: 当初救急搬送時には「自宅で転倒」「部屋は高温であった」と記載され、「熱中症を疑い冷やしソルアセトF投与開始したが解熱無し」となっており、熱中症が重要な鑑別として扱われた。
2. 主病名: 最終的には尿路感染症／左下肢蜂窩織炎が感染源と判断されているが、来院時高熱・脱水所見に対して熱中症疑いとして初期治療（冷却・補液）が行われているため、外因性高体温としてT679（熱による詳細不明の作用）を候補とすることが可能。
3. 中心治療: 冷却、ソルアセトFによる補液、バイタルモニタリング、血液ガス・電解質・乳酸などの緊急血液検査。
- 初期評価においては熱源不明であり、「総胆管結石はあるが、血液検査などからは明らかな熱源とは考えにくい」「熱中症を疑い冷やしソルアセトF投与開始したが解熱無し」と明記されている。
- 実際には感染症が主要因と判明したため、熱中症は最終診断としては後退しているが、初期の補液・冷却・検査など一定の医療資源が熱中症の可能性に対して投下されている。
- DPC6は160990「その他の外因の影響」であり、感染症DPC群とは異なる分類軸となるため、外因性疾患としての別候補を保持する価値がある。
- ただし解熱が得られず、感染合併が主体と再評価されている点から、最資源投入病名としての確からしさは限定的であり、補助的候補として扱う。",x,,分岐なし（xのみ）,,x,,分岐なし（xのみ）,,xx,パターン xx,,x,処置等1の分岐なし,0,トリガーにマッチする処置コードなし,x,副傷病の分岐なし,,x,重症度の分岐なし (全 x),,161020xxxxx0xx,"入院期間I:2日/3921点
入院期間II:5日/2266点
入院期間III:30日/1926点","入院日数12日
入院期間I:3921×2日=7842
入院期間II:2266×3日=6798
入院期間III:1926×7日=13482
合計:28122",28122,rejected,点数が低い (差 4473),,,,,,,,,,,
2984892,2026-06-15,2026-07-08,ok,102.6,S7210,ひだり大腿骨転子部骨折（3-part）,大腿骨転子部骨折,0.95,160800,股関節・大腿近位の骨折,"1. 入院目的: 施設での転倒後の左股関節痛に対する精査加療目的入院。救外・入院記録で「ひだり大腿骨転子部骨折」と明記。
2. 主病名: 左大腿骨転子部骨折（外傷性）→ 大腿骨転子部骨折 S7210。
3. 中心治療: K046 大腿骨骨折観血的手術（Targon PF）、全身麻酔、周術期管理、複数回の輸血、長期入院と運動器リハ。
- 本骨折が唯一のK046手術の直接対象であり、手術・麻酔・輸血・リハビリなど最も大きな医療資源が集中的に投入されている。
- 外傷性で開放の記載なく「転子部骨折」とあるため、開放骨折 S7211 ではなく S7210 が妥当。
- 受傷から早期に観血的骨接合術を施行しており、股関節・大腿近位骨折としてDPC160800の典型像。
- 心不全増悪や呼吸不全などは本骨折周術期の合併症として重要だが、K046手術に比べ対象となる処置量は相対的に小さく、原疾患として本骨折を主候補に保持する必要がある。",x,,分岐なし（xのみ）,,x,,分岐なし（xのみ）,,97,その他の手術（1件のKコードが他パターンに非該当）,K046(骨折観血的手術（大腿骨骨折観血的手術）),x,処置等1の分岐なし,x,処置等2の分岐なし,x,副傷病の分岐なし,,x,重症度の分岐なし (全 x),,160800xx97xxxx,"入院期間I:4日/3082点
入院期間II:13日/2119点
入院期間III:60日/1801点","入院日数24日
入院期間I:3082×4日=12328
入院期間II:2119×9日=19071
入院期間III:1801×11日=19811
合計:51210",51210,rejected,点数が低い (差 19667),,,,,,,,,,,
2984892,2026-06-15,2026-07-08,ok,102.6,I500,"急性増悪した慢性うっ血性心不全（HFpEF, ADHF）",慢性うっ血性心不全,0.88,050130,心不全,"1. 入院目的: 当初は骨折加療目的だが、術後に頻脈性心房細動と心不全増悪によりHCU転棟・集中治療を要した。
2. 主病名: 既往として慢性うっ血性心不全あり、術後にADHF/HFpEFとして急性増悪→ 心不全カテゴリー I50x。記載「慢性うっ血性心不全」から I500 が最も整合的。
3. 中心治療: 循環器併診下でビソノテープ・アミオダロン投与、フロセミド静注・アゾセミド等での集中的除水、HCU管理、CO2ナルコーシスに対するNIPPV、持続モニタリングなど高度医療資源を要した。
- SOAPに「＃ADHF」「＃HFpEF」「＃慢性うっ血性心不全」と連続して記載され、心不全治療が入院中盤の主テーマとなっている。
- eGFR低下、胸水・間質性肺水腫、酸素需要増大、体重変動と利尿反応など、うっ血性心不全像が明確。
- ICD上、慢性うっ血性心不全に対する急性増悪を I500（慢性うっ血性心不全）で表現するのが妥当であり、急性心不全 I509 も近接するが、カルテ表現を優先し I500 を選択。
- DPC6は050130心不全となり、HCU入室・利尿・NIPPVなど高コスト治療内容と整合し、本入院で骨折と並ぶ最資源投入候補。",x,,分岐なし（xのみ）,,x,,分岐なし（xのみ）,,97,その他の手術（1件のKコードが他パターンに非該当）,K046(骨折観血的手術（大腿骨骨折観血的手術）),0,トリガーにマッチする処置コードなし,1,"処置等2=1: J045(人工呼吸（５時間を超えた場合）（１日につき）（１４日目まで）)[レセ電=140023510, 実施日=2026-06-24;2026-06-25;2026-06-26]",x,副傷病の分岐なし,,x,重症度の分岐なし (全 x),,050130xx9701xx,"入院期間I:10日/3260点
入院期間II:20日/2330点
入院期間III:60日/1980点","入院日数24日
入院期間I:3260×10日=32600
入院期間II:2330×10日=23300
入院期間III:1980×4日=7920
合計:63820",63820,rejected,点数が低い (差 7057),,,,,,,,,,,
2984892,2026-06-15,2026-07-08,ok,102.6,I480,頻脈性発作性心房細動,発作性心房細動,0.7,050070,頻脈性不整脈,"1. 入院目的: 骨折手術後、HR140〜160台の頻脈性心房細動・心房粗動の持続が問題となり、循環器へコンサルト・併診依頼。
2. 主病名: SOAPに「＃.発作性心房細動」「頻脈性心房細動」と明記され、既往の心房細動（イグザレルト内服）に対し術後に頻脈性発作が出現→ 発作性心房細動 I480 が整合。
3. 中心治療: ビソノテープ4mg貼付、アミオダロン点滴、心電図・心拍監視、HCU入室など不整脈制御のための集中管理を実施。
- 心房細動が心不全悪化とCO2ナルコーシスの誘因となり、循環器主治医による治療計画の大きな焦点だった。
- EFに心房細動に対するアブレーション等Kコードはないが、ビソノテープやアミオダロン、モニタリングなど薬物・管理資源は多い。
- 心不全 I500 と同じ循環器領域の病態だが、リズム異常自体に相応の資源が割かれており、心不全と並ぶ候補として保持する価値がある。
- DPC6では050070頻脈性不整脈となり、心不全050130とは別のグルーピングであるため、後段でどちらを主とするかの検討余地を残せる。",x,,分岐なし（xのみ）,,x,,分岐なし（xのみ）,,97,その他の手術（1件のKコードが他パターンに非該当）,K046(骨折観血的手術（大腿骨骨折観血的手術）),0,トリガーにマッチする処置コードなし,1,"処置等2=1: J045(人工呼吸（５時間を超えた場合）（１日につき）（１４日目まで）)[レセ電=140023510, 実施日=2026-06-24;2026-06-25;2026-06-26]",x,副傷病の分岐なし,,x,重症度の分岐なし (全 x),,050070xx9701xx,"入院期間I:11日/3602点
入院期間II:22日/2461点
入院期間III:60日/2092点","入院日数24日
入院期間I:3602×11日=39622
入院期間II:2461×11日=27071
入院期間III:2092×2日=4184
合計:70877",70877,selected,,false,false,,050070xx9701xx,,050070xx9701xx,1000,同点候補なし,,,
2984892,2026-06-15,2026-07-08,ok,102.6,J9609,CO2ナルコーシスを伴う急性呼吸不全,急性呼吸不全,0.65,040130,呼吸不全（その他）,"1. 入院目的: 中盤以降、意識レベル低下と酸素化低下からCO2ナルコーシスが疑われ、NIPPV導入・ABGフォローが必要となった。
2. 主病名: SOAPに「＃意識レベル低下」「＃CO2ナルコーシス」「NIPPV装着」と記載があり、原因として心不全・換気障害が想定される急性呼吸不全像→ 急性呼吸不全 J9609 が包括的で適切。
3. 中心治療: 人工呼吸管理（J045 人工呼吸、NIPPV）、酸素吸入、血液ガス分析（D007/D419）、呼吸心拍監視（D220）、HCUでの集中管理など多くの呼吸管理資源が投入された。
- EF に J045（5時間超の人工呼吸）、J024酸素吸入、D007血液ガス、D220モニタリングが計上されており、呼吸不全としてDPC040130に整合。
- 病名としてはCO2ナルコーシス単独コードが適切にマッピングされず、呼吸不全 J960x 群で代表させるのが現実的。
- 心不全 I500 と密接に関連する合併症だが、呼吸管理という別軸の高コスト資源が投入されており、最資源投入病名候補として独立に評価すべき。",x,,分岐なし（xのみ）,,x,,分岐なし（xのみ）,,97,その他の手術（1件のKコードが他パターンに非該当）,K046(骨折観血的手術（大腿骨骨折観血的手術）),x,処置等1の分岐なし,1,"処置等2=1: J045(人工呼吸（５時間を超えた場合）（１日につき）（１４日目まで）)[レセ電=140023510, 実施日=2026-06-24;2026-06-25;2026-06-26]",x,副傷病の分岐なし,,x,重症度の分岐なし (全 x),,040130xx97x1xx,"入院期間I:20日/3842点
入院期間II:45日/2761点
入院期間III:120日/2347点","入院日数24日
入院期間I:3842×20日=76840
入院期間II:2761×4日=11044
合計:87884",87884,rejected,上位候補に劣る,,,,,,,,,,,
3024546,2026-06-05,2026-06-15,ok,82.7,T821,ペースメーカー不全に対するリードレスペースメーカー植込み,ペースメーカ不全,0.86,050210,徐脈性不整脈,"1. 入院目的: 「ペーシング不全あり リードレスペースメーカー留置予定」と明記され、これが今回入院の主目的。
2. 主病名: 既存デバイスのペーシング不全（ペースメーカー不全）→ T821 ペースメーカ不全。
3. 中心治療: K597 リードレスペースメーカー移植術（Micra VR）、心電図・モニタリングなどの周術期管理。
- もっとも侵襲度と資源投入が大きいのはリードレスペースメーカー植込み手術であり、その直接対象がペースメーカー不全。
- ICD-10 T821 は既植込みペースメーカーの機能不全（電池消耗・リード断線等を含む）を表し、「ペーシング不全」の臨床記載と整合。
- DPC6 050210（徐脈性不整脈）は T821 に対応し、surgery_k_codes に K597-2・K5971〜3 などペースメーカー関連Kコードが列挙されており、今回の K597 と整合。
- もともとの徐脈性不整脈（洞不全症候群など）は背景にあるが、今回入院では既設デバイス不全の是正が主目的であるため、合併症コード T821 を主候補とする根拠が強い。",x,,分岐なし（xのみ）,,x,,分岐なし（xのみ）,,97,その他の手術（1件のKコードが他パターンに非該当）,K597(ペースメーカー移植術（リードレスペースメーカーの場合）),0,トリガーにマッチする処置コードなし,0,トリガーにマッチする処置コードなし,x,副傷病の分岐なし,,x,重症度の分岐なし (全 x),,050210xx9700xx,"入院期間I:4日/3063点
入院期間II:9日/2173点
入院期間III:30日/1847点","入院日数11日
入院期間I:3063×4日=12252
入院期間II:2173×5日=10865
入院期間III:1847×2日=3694
合計:26811",26811,rejected,点数が低い (差 1868),,,,,,,,,,,
3024546,2026-06-05,2026-06-15,ok,82.7,N185,慢性腎不全・維持透析中,慢性腎不全・維持透析中,0.8,110280,慢性腎炎症候群・慢性間質性腎炎・慢性腎不全,"1. 入院目的: 入院透析指示に「初回・透析再開 維持透析」と記載され、慢性維持透析患者であることが明示。
2. 主病名: 慢性腎不全で維持透析中の状態→ N185 慢性腎不全・維持透析中。
3. 中心治療: J038 人工腎臓（慢性維持透析）および各種加算を入院中複数回施行。
- 透析そのものは既存治療の継続だが、今回入院中も複数日のJ038施行・各種加算・検査（電解質・BUN・Cr 等）が継続的に投下されている。
- N185 は維持透析中の慢性腎不全を明示するコードであり、「維持透析」「DW」「QB150ml/min」などの記載と整合。
- DPC6 110280（慢性腎炎症候群・慢性間質性腎炎・慢性腎不全）は長期透析管理症例を含み、関連Kコードにシャント・アクセス手術が列挙されており、透析患者として妥当。
- 今回入院の主たるイベントはK597だが、入院期間全体を通じての安定した資源投入（J038反復、リハビリH001等）は慢性腎不全に起因しており、最資源投入病名候補として十分成立する。",x,,分岐なし（xのみ）,,x,,分岐なし（xのみ）,,97,その他の手術（1件のKコードが他パターンに非該当）,K597(ペースメーカー移植術（リードレスペースメーカーの場合）),x,処置等1の分岐なし,0,トリガーにマッチする処置コードなし,0,副傷病なし（AI/EF探索で該当なし）,,x,重症度の分岐なし (全 x),,110280xx97x00x,"入院期間I:6日/3004点
入院期間II:11日/2131点
入院期間III:30日/1811点","入院日数11日
入院期間I:3004×6日=18024
入院期間II:2131×5日=10655
合計:28679",28679,selected,,false,false,,110280xx97x00x,,110280xx97x00x,1000,同点候補なし,,,
3024546,2026-06-05,2026-06-15,ok,82.7,I489,徐脈性不整脈（ペースメーカー植込み適応となった基礎不整脈）,心房細動及び心房粗動,0.45,050070,頻脈性不整脈,"1. 入院目的: 「ペーシング不全あり」と記載され、背景にペースメーカー適応となる徐脈性不整脈（洞不全症候群・房室ブロックなど）を有することが前提。
2. 主病名: 具体的な名称は本文にないが、ペースメーカー植込み適応となる徐脈性不整脈全般を代表して徐脈性不整脈群に属する不整脈コードを候補とする（例示として I489 を用い、同じ DPC6 に属する）。
3. 中心治療: K597 リードレスペースメーカー植込みは基礎の徐脈性不整脈の恒久的治療であり、その長期管理自体が医療資源投入対象。
- 実際のK597はT821（デバイス不全）に対する再介入の性格が強いが、根底には徐脈性不整脈という慢性心疾患があり、入院の循環器管理（HR60設定、心電図、NT-proBNP等）の背景をなす。
- DPC6 050210 徐脈性不整脈は T821 と同じ手術群（K597-2, K5971〜3）を持ち、今回施行されたK597と整合。
- カルテに具体的な診断名（洞不全症候群・房室ブロック等）が記載されていないため本候補の確定度は低いが、K597の適応疾患として最資源投入病名候補に残す価値がある。",x,,分岐なし（xのみ）,,x,,分岐なし（xのみ）,,97,その他の手術（1件のKコードが他パターンに非該当）,K597(ペースメーカー移植術（リードレスペースメーカーの場合）),0,トリガーにマッチする処置コードなし,0,トリガーにマッチする処置コードなし,x,副傷病の分岐なし,,x,重症度の分岐なし (全 x),,050070xx9700xx,"入院期間I:5日/3160点
入院期間II:9日/2242点
入院期間III:30日/1905点","入院日数11日
入院期間I:3160×5日=15800
入院期間II:2242×4日=8968
入院期間III:1905×2日=3810
合計:28578",28578,rejected,点数が低い (差 101),,,,,,,,,,,
3046984,2026-06-17,2026-07-15,ok,120.9,C182,"上行結腸癌（sT4aN1aM0, Stage IIIb）",上行結腸癌,0.95,060035,結腸（虫垂を含む。）の悪性腫瘍,"1. 入院目的: 上行結腸腫瘍による腸重積に対する精査・加療目的で緊急入院、その後sT4aN1aM0の上行結腸癌と診断。
2. 主病名: 上行結腸癌 → 結腸の部位特異的悪性腫瘍としてC182が最も整合。
3. 中心治療: 7/7に腹腔鏡下回盲部切除術（K719）＋全身麻酔＋ドレーン管理、周術期栄養管理、多数の検査・CT・内視鏡精査。
4. 入院期間の大半が大腸癌の診断確定・出血・炎症コントロール・手術待機と術後管理に費やされており、医療資源投入の主軸。
5. 大量の検査、連日のHbフォロー、鉄剤投与、輸血、抗菌薬投与、PETや術式検討なども全てこの癌に起因。
6. ICD-10は上行結腸の原発進行癌で転移明らかでないためC182が妥当。D010等の上皮内病変ではなく、進行癌と明記。
7. DPC6はC182→060035（結腸悪性腫瘍）となり、EF記載のK719（腹腔鏡下結腸悪性腫瘍切除術）をsurgery_k_codesとして含んでおり、手術コードとの整合性が高い。",x,,分岐なし（xのみ）,,x,,分岐なし（xのみ）,,97,その他の手術（6件のKコードが他パターンに非該当）,"K719(腹腔鏡下結腸悪性腫瘍切除術), K000(外科医療確保特別加算), K931(超音波凝固切開装置等加算), K000(周術期栄養管理実施加算), K936(自動縫合器（４個）使用加算), K939(術中血管等描出撮影加算)",x,処置等1の分岐なし,0,トリガーにマッチする処置コードなし,x,副傷病の分岐なし,,x,重症度の分岐なし (全 x),,060035xx97x0xx,"入院期間I:6日/3165点
入院期間II:13日/2289点
入院期間III:30日/1946点","入院日数29日
入院期間I:3165×6日=18990
入院期間II:2289×7日=16023
入院期間III:1946×16日=31136
合計:66149",66149,rejected,点数が低い (差 5607),,,,,,,,,,,
3046984,2026-06-17,2026-07-15,ok,120.9,K561,成人腸重積症（上行結腸腫瘍による）,腸重積症,0.7,140420,腸重積,"1. 入院目的: 「上行結腸腫瘍による腸重積に対する精査・加療」と明記され、腸重積が緊急入院契機。
2. 主病名: 腸重積 → 成人の上行結腸病変に伴う腸重積としてK561（腸重積症）が適合。
3. 中心治療: 絶食管理、血便・イレウス評価のためのCF・大腸CT・CT再検、痛みや通過障害の監視、手術時期検討など、入院初期は腸重積による腸閉塞リスク管理が中心。
4. 腸重積自体が緊急入院理由であり、イレウスや嵌頓反復のリスクが高いため、多数の画像検査・モニタリングという資源投入がなされている。
5. 最終的には原疾患である上行結腸癌切除により改善しているものの、「腸重積」を主訴として扱う入院像であり、DPC上も腸重積（140420）は独立した主病候補となり得る。
6. ICD-10は腸重積一般としてK561が大腸重積/回盲部腸重積等を包含し、本症例の上行結腸癌による腸重積に合致する。
7. DPC6はK561→140420（腸重積）に対応し、結腸切除系K719も同グループのsurgery_k_codesに含まれており（K719-21等）、腸重積を主因としての外科的治療というストーリーとも矛盾しない。",x,,分岐なし（xのみ）,,x,,分岐なし（xのみ）,,97,その他の手術（6件のKコードが他パターンに非該当）,"K719(腹腔鏡下結腸悪性腫瘍切除術), K000(外科医療確保特別加算), K931(超音波凝固切開装置等加算), K000(周術期栄養管理実施加算), K936(自動縫合器（４個）使用加算), K939(術中血管等描出撮影加算)",x,処置等1の分岐なし,x,処置等2の分岐なし,x,副傷病の分岐なし,,x,重症度の分岐なし (全 x),,140420xx97xxxx,"入院期間I:6日/3475点
入院期間II:12日/2489点
入院期間III:30日/2116点","入院日数29日
入院期間I:3475×6日=20850
入院期間II:2489×6日=14934
入院期間III:2116×17日=35972
合計:71756",71756,selected,,false,false,,140420xx97xxxx,,140420xx97xxxx,1000,同点候補なし,,,
3046984,2026-06-17,2026-07-15,ok,120.9,N185,多発嚢胞腎による末期腎不全（維持透析中）,慢性腎不全・維持透析中,0.65,110280,慢性腎炎症候群・慢性間質性腎炎・慢性腎不全,"1. 入院目的: 大腸癌精査・加療目的だが、既往として「多発嚢胞腎による腎不全（火・木・土透析）」があり、入院中もJ038で連日人工腎臓を実施。
2. 主病名: 多発嚢胞腎に起因する末期慢性腎不全で維持透析中 → ICD-10として透析状態を表すN185が最も直接的。
3. 中心治療: 入院中も複数回の血液透析（J038関連加算多数）、低K・体液管理のための頻回検査、透析スケジュール調整、透析困難な全身麻酔下手術への対応（L008の麻酔困難・透析患者加算）。
4. 透析は高頻度高コストの資源投入であり、大腸癌手術とは別軸で入院全期間を通じて継続している点から、最資源投入病名としても独立候補になり得る。
5. ICD-10としては原疾患Q613も存在するが、今回入院で実際に管理・処置（透析）の中心となっているのは腎不全終末期状態であり、維持透析中を明示するN185がDPC上も実態に即す。
6. DPC6はN185→110280（慢性腎不全）で、EFの人工腎臓J038や透析関連加算と整合し、慢性維持透析入院としての資源投入を反映し得る。",x,,分岐なし（xのみ）,,x,,分岐なし（xのみ）,,97,その他の手術（6件のKコードが他パターンに非該当）,"K719(腹腔鏡下結腸悪性腫瘍切除術), K000(外科医療確保特別加算), K931(超音波凝固切開装置等加算), K000(周術期栄養管理実施加算), K936(自動縫合器（４個）使用加算), K939(術中血管等描出撮影加算)",x,処置等1の分岐なし,0,トリガーにマッチする処置コードなし,0,副傷病なし（AI/EF探索で該当なし）,,x,重症度の分岐なし (全 x),,110280xx97x00x,"入院期間I:6日/3004点
入院期間II:11日/2131点
入院期間III:30日/1811点","入院日数29日
入院期間I:3004×6日=18024
入院期間II:2131×5日=10655
入院期間III:1811×18日=32598
合計:61277",61277,rejected,点数が低い (差 10479),,,,,,,,,,,
3046984,2026-06-17,2026-07-15,ok,120.9,D509,大腸癌に伴う鉄欠乏性貧血,鉄欠乏性貧血,0.6,130090,貧血（その他）,"1. 入院目的: 上行結腸腫瘍精査の背景として2026年3月頃から貧血が進行し、血便持続とHb低下で輸血・鉄剤が必要な状態。
2. 主病名: 大腸癌からの慢性的出血に伴う鉄欠乏性貧血 → D509（鉄欠乏性貧血）が最も適切。
3. 中心治療: 繰り返しの血液検査、鉄測定と鉄剤処方、7/2にHb6.5で輸血（K920・輸血管理料等）、透析患者での出血リスク調整など、多くの資源が貧血是正に投下されている。
4. 貧血は手術タイミングや周術期リスク評価にも大きく影響し、輸血管理・モニタリングは高コストであることから、原疾患癌とは別に最資源投入病名候補となりうる。
5. ICD-10としてC809「悪性腫瘍に伴う貧血」も候補だが、便潜血・鉄剤投与などから鉄欠乏性の機序が明らかであり、より具体的なD509を採用。
6. DPC6はD509→130090（貧血その他）で、EFに記載された輸血関連K920群と整合し、貧血是正のための医療資源投入を反映可能。",x,,分岐なし（xのみ）,,x,,分岐なし（xのみ）,,97,その他の手術（6件のKコードが他パターンに非該当）,"K719(腹腔鏡下結腸悪性腫瘍切除術), K000(外科医療確保特別加算), K931(超音波凝固切開装置等加算), K000(周術期栄養管理実施加算), K936(自動縫合器（４個）使用加算), K939(術中血管等描出撮影加算)",x,処置等1の分岐なし,0,トリガーにマッチする処置コードなし,x,副傷病の分岐なし,,x,重症度の分岐なし (全 x),,130090xx97x0xx,"入院期間I:4日/3362点
入院期間II:9日/2226点
入院期間III:30日/1892点","入院日数29日
入院期間I:3362×4日=13448
入院期間II:2226×5日=11130
入院期間III:1892×20日=37840
合計:62418",62418,rejected,点数が低い (差 9338),,,,,,,,,,,
3131543,2026-05-30,2026-06-23,ok,226.5,J690,誤嚥性肺炎による急性呼吸不全,誤嚥性肺炎,0.86,040081,誤嚥性肺炎,"- 入院目的: 発熱と呼吸困難・意識障害で救急搬送され、左下葉肺炎として入院、のち「誤嚥性肺炎」「急性呼吸不全」と一貫して記載。
- 主病名: 誤嚥性肺炎（左下葉肺炎像、喀痰多量、ADL低下と嚥下障害を背景）→ ICD-10 J690 誤嚥性肺炎。
- 中心治療: 持続的酸素投与、CT・CXPを含む頻回画像評価、喀痰吸引、長期にわたる抗菌薬投与（CTRX→PIPC）、呼吸・バイタルモニタリング。
- 呼吸不全（酸素 4–5Lから開始しその後も酸素投与とSpO2モニタリング継続）は肺炎に直接起因しており、肺炎治療（抗菌薬・酸素療法・喀痰吸引）が入院前半〜中盤の資源投入の中心となっている。
- 喀痰培養から緑膿菌検出があり、広域抗菌薬への切替と炎症マーカー（CRP）の推移を追って治療期間が延長されており、入院期間の相当部分で管理・治療の焦点となっている。
- 誤嚥性肺炎は慢性の嚥下障害・認知症・脳梗塞に続発したが、今回入院の急性増悪イベントとして肺炎＋呼吸不全に多くの検査・処置が集中しており、最資源投入病名候補として成立する。
- ICD-10 J690 は誤嚥による肺炎を示し、嚥下困難・痰多量・誤嚥リスク高い高齢・認知症患者像と整合する。
- DPC6 040081（誤嚥性肺炎）は、今回の酸素療法・抗菌薬治療・喀痰吸引・呼吸モニタリングなどの内容と矛盾せず、肺炎主体の管理という臨床経過とよく対応する。",x,,分岐なし（xのみ）,,x,,分岐なし（xのみ）,,99,手術なし,,x,処置等1の分岐なし,0,トリガーにマッチする処置コードなし,x,副傷病の分岐なし,,x,重症度の分岐なし (全 x),,040081xx99x0xx,"入院期間I:9日/3320点
入院期間II:17日/2169点
入院期間III:60日/1844点","入院日数25日
入院期間I:3320×9日=29880
入院期間II:2169×8日=17352
入院期間III:1844×8日=14752
合計:61984",61984,rejected,点数が低い (差 5841),,,,,,,,,,,
3131543,2026-05-30,2026-06-23,ok,226.5,I634,右中大脳動脈領域の心原性脳塞栓症（急性期）,心原性脳塞栓症,0.84,010060,脳梗塞,"- 入院目的: 当初は肺炎・呼吸不全目的入院だが、入院早期から持続する意識障害と左片麻痺が判明し、頭部CTで右MCA領域の広範な脳梗塞と評価され、以後経過の大きな軸となっている。
- 主病名: 右MCA領域の急性脳梗塞で、経過記録にて「急性脳梗塞」「心原性脳塞栓症が疑われる」と明記 → 填塞性・心原性脳梗塞として ICD-10 I634 心原性脳塞栓症が最も近い。
- 中心治療: 急性期脳梗塞としての連日の神経学的評価、複数回の頭部CTフォロー、ホルターECG・心エコー・頸動脈エコーなど塞栓源精査、血圧管理ポリシー、脳血管疾患等リハビリテーション（PT/OT/ST、急性期・早期リハ加算）を集中的に実施。
- 広範な右MCA梗塞により嚥下障害・左片麻痺・持続的意識障害・ADL全介助となり、経鼻経管栄養・摂食機能療法・長期リハビリが必要で、入院全体を通じた管理負荷が極めて大きい。
- 心房細動はホルターで明確には検出されていないが、左房拡大・虚血性心疾患の既往などから、臨床医が一貫して「心原性脳塞栓症疑い」と判断しており、塞栓性MCA梗塞の臨床像にも合致するため I634 を選択した。
- DPC6 010060（脳梗塞）は、今回実施された頭部CTの反復、心・頸動脈エコー、ホルター心電図、脳血管疾患等リハビリテーション、摂食機能療法などの組み合わせと典型的に整合し、脳梗塞を主とする急性期管理として妥当である。",x,,分岐なし（xのみ）,,x,,分岐なし（xのみ）,,99,手術なし,,x,処置等1の分岐なし,2,"処置等2=2: H001(脳血管疾患等リハビリテーション料（１）（１単位）（理学療法士による場合）)[レセ電=180745310, 実施日=2026-06-08;2026-06-14], H001(脳血管疾患等リハビリテーション料（１）（１単位）（言語聴覚士による場合）)[レセ電=180745510, 実施日=2026-06-15;2026-06-17;2026-06-19], H001(脳血管疾患等リハビリテーション料（１）（１単位）（作業療法士による場合）)[レセ電=180745410, 実施日=2026-06-09;2026-06-11;2026-06-12;2026-06-15;2026-06-16;2026-06-17;2026-06-19;2026-06-21]",1,副傷病あり（value=1）,"[カルテ記事] J15.1(緑膿菌による肺炎) 根拠: 入院時より左下葉肺炎・細菌性肺炎として加療され、喀痰培養で緑膿菌が検出されており、緑膿菌肺炎（細菌性肺炎）として管理されている。 引用: SOAP_A:＃左下葉肺炎
SOAP_P:入院、酸素投与、抗菌薬加療; 【診断名】
  ＃1：細菌性肺炎 判断: 細菌性肺炎として抗菌薬治療が行われ、喀痰から緑膿菌検出があり、J15の緑膿菌肺炎として今回入院で管理されている。 | [カルテ記事] J69.0(誤嚥性肺炎) 根拠: 入院2日目以降『＃誤嚥性肺炎』『急性呼吸不全→誤嚥性肺炎』と明記され、抗菌薬CTRX・PIPCで治療されており、誤嚥性肺炎として管理されている。 引用: SOAP_A:#誤嚥性肺炎
#呼吸不全
5/30-　CTRX2g/day; ＃１　急性呼吸不全→誤嚥性肺炎
　左下葉に誤嚥性肺炎像あり。CTRXでの加療で入院後酸素化は改善傾向。 判断: 誤嚥性肺炎と診断され、酸素投与と抗菌薬治療が継続されているため、J69誤嚥性肺炎は今回入院の副傷病に該当する。",x,重症度の分岐なし (全 x),,010060xx99x21x,"入院期間I:13日/3169点
入院期間II:25日/2219点
入院期間III:60日/1886点","入院日数25日
入院期間I:3169×13日=41197
入院期間II:2219×12日=26628
合計:67825",67825,selected,,false,false,,010060xx99x21x,,010060xx99x21x,1000,同点候補なし,,,
3131543,2026-05-30,2026-06-23,ok,226.5,N185,末期腎不全（維持透析中）,慢性腎不全・維持透析中,0.72,110280,慢性腎炎症候群・慢性間質性腎炎・慢性腎不全,"- 入院目的: もともと透析クリニック通院中の慢性腎不全患者で、今回入院中も透析継続が前提とされ、病態評価・治療方針の重要な制約条件となっている。
- 主病名: 慢性腎不全/維持透析中と繰り返し記載され、eGFR 5–7 mL/min、BUN/Cr高度上昇、HD施行歴から末期腎不全と判断 → ICD-10 N185 末期腎不全（慢性腎不全・維持透析中）。
- 中心治療: 人工腎臓（J038）による維持透析を複数回施行し、障害者等加算・水質確保・診療体制加算など HD 関連加算が多数算定されている。加えて、電解質・BUN/Cr・P・Ca・鉄、フェリチンなど CKD/透析管理に直結する血液検査、貧血に対するESA増量が行われている。
- 脳梗塞急性期や肺炎治療にあたっても「意識障害や呼吸不全悪化時は透析中断方針」との申し送りが繰り返され、透析継続の可否が全治療計画の中心テーマとなっており、人的・時間的資源を継続的に要している。
- 今回入院は肺炎・脳梗塞を契機としたが、約1か月にわたり定期的なHDとその周辺管理（栄養・水分制限、腎性貧血治療強化）が行われており、慢性疾患としても相当な医療資源を消費しているため、最資源投入病名候補として保持すべきである。
- ICD-10 N185 は維持透析を要する末期腎不全を示し、J038 人工腎臓やESA治療、CKD関連検査群と整合性が高い。
- DPC6 110280（慢性腎炎症候群・慢性間質性腎炎・慢性腎不全）は、維持透析入院や腎性貧血治療強化を含む慢性腎不全管理のDPCとして適切であり、今回のHD継続・調整内容と矛盾しない。",x,,分岐なし（xのみ）,,x,,分岐なし（xのみ）,,99,手術なし,,0,トリガーにマッチする処置コードなし,0,トリガーにマッチする処置コードなし,0,トリガーに該当する副傷病なし,,x,重症度の分岐なし (全 x),,110280xx99000x,"入院期間I:4日/3055点
入院期間II:9日/2285点
入院期間III:30日/1942点","入院日数25日
入院期間I:3055×4日=12220
入院期間II:2285×5日=11425
入院期間III:1942×16日=31072
合計:54717",54717,rejected,点数が低い (差 13108),,,,,,,,,,,
3131543,2026-05-30,2026-06-23,ok,226.5,F019,進行した認知症（ADL低下）（誤嚥リスク要因）,血管性認知症,0.55,01021x,認知症,"- 入院目的: 認知症自体が直接の入院契機ではないが、もともと透析中も安静保持できず、ADL低下・嚥下障害があり、誤嚥性肺炎や透析困難の重要な背景として記載されている。
- 主病名: 記録上は単に「認知症」とされ、具体的な型は明記されていないが、虚血性心疾患・慢性心不全・脳血管病変を背景とした高齢者であり、脳梗塞の既往も示唆されることから、F019 血管性認知症を包括的コードとして選択した（アルツハイマー型などの記載なし）。
- 中心治療: 認知症そのものへの新規薬物療法はないが、ADL全介助・行動管理・透析時の対応、摂食機能療法・リハビリテーション総合計画など、多職種によるケア資源が継続的に投入されている。またDNAR・侵襲的治療制限などの方針決定にも大きく影響している。
- 誤嚥性肺炎や急性脳梗塞後の嚥下障害に対して、認知症・ADL低下は誤嚥リスクとリハビリ効率に強く影響し、長期的な入院や転院調整の要因となっているため、入院全体の資源投入量に寄与している。
- ICD-10 F019 は具体的病型が確定していない血管性認知症の包括コードであり、脳血管障害を伴う高齢者の認知機能低下として妥当。
- DPC6 01021x（認知症）は、H003 リハビリテーション総合計画評価料、H001 脳血管疾患等リハ加算、H004 摂食機能療法等により、認知機能・ADL低下に対する多職種介入が行われている今回入院の内容と整合する。",x,,分岐なし（xのみ）,,x,,分岐なし（xのみ）,,xx,パターン xx,,0,トリガーにマッチする処置コードなし,1,"処置等2=1: 0007(リハビリテーション), A301(早期離床・リハビリテーション加算)[レセ電=190245810, 実施日=2026-05-30;2026-05-31;2026-06-01;2026-06-02;2026-06-03;2026-06-04;2026-06-05;2026-06-06;2026-06-07], H001(脳血管疾患等リハビリテーション料（１）（１単位）（理学療法士による場合）)[レセ電=180745310, 実施日=2026-06-08;2026-06-14], H001(早期リハビリテーション加算（４日目以降）（脳血管疾患等リハビリテーション料（１単位））)[レセ電=180763970, 実施日=2026-06-08;2026-06-09;2026-06-11;2026-06-12], H001(脳血管疾患等リハビリテーション料（１）（１単位）（作業療法士による場合）)[レセ電=180745410, 実施日=2026-06-09;2026-06-11;2026-06-12;2026-06-15;2026-06-16;2026-06-17;2026-06-19;2026-06-21], H001(急性期リハビリテーション加算（脳血管疾患等リハビリテーション料（１単位））)[レセ電=180764170, 実施日=2026-06-09;2026-06-11;2026-06-12], H003(リハビリテーション総合計画評価料１（初回の場合）)[レセ電=180024710, 実施日=2026-06-11], H001(休日リハビリテーション加算（脳血管疾患等リハビリテーション料（１単位））)[レセ電=180764270, 実施日=2026-06-14;2026-06-21], H001(脳血管疾患等リハビリテーション料（１）（１単位）（言語聴覚士による場合）)[レセ電=180745510, 実施日=2026-06-15;2026-06-17;2026-06-19], A233(リハビリテーション・栄養・口腔連携体制加算１)[レセ電=190833710, 実施日=2026-06-08;2026-06-09;2026-06-10;2026-06-11;2026-06-12;2026-06-13;2026-06-14;2026-06-15;2026-06-16;2026-06-17;2026-06-18;2026-06-19;2026-06-20;2026-06-21]",x,副傷病の分岐なし,,x,重症度の分岐なし (全 x),,01021xxxxx01xx,"入院期間I:9日/2737点
入院期間II:20日/1898点
入院期間III:60日/1613点","入院日数25日
入院期間I:2737×9日=24633
入院期間II:1898×11日=20878
入院期間III:1613×5日=8065
合計:53576",53576,rejected,点数が低い (差 14249),,,,,,,,,,,
3131543,2026-05-30,2026-06-23,ok,226.5,E11,2型糖尿病（インスリン治療中）,２型糖尿病,0.45,100040,糖尿病性ケトアシドーシス、非ケトン昏睡,"- 入院目的: 直接の入院契機ではないが、既往歴として糖尿病が明記されており、入院中も血糖コントロール不良に対して持続的な管理が必要とされている。
- 主病名: 「DM」「糖尿病」「コントロール不良」「スケール対応」「R3→R6」とインスリンスケール使用が繰り返し記載されており、日本の一般的背景から2型糖尿病と判断 → ICD-10 E11 ２型糖尿病の包括コードを採用。
- 中心治療: 血糖自己測定（D007 血糖）、HbA1c測定、インスリンスケールによる血糖管理（R3〜R6へ段階的増量）、経管栄養量の調整を血糖変動に合わせて繰り返しており、日々の治療計画に一定の負荷を与えている。
- 糖尿病は慢性腎不全・心不全・脳梗塞の基礎疾患であり、かつ透析加算でも「糖尿病の患者」として加算項目が算定されているため、今回入院中の全身管理において医療資源消費に寄与している。
- ケトアシドーシスや昏睡の所見はなく、急性代謝合併症は認めないため、合併症詳細を特定しないE11包括（もしくはE11.9相当）が適切と考え E11 を選択した。
- DPC6 10007x（２型糖尿病）は、糖尿病性急性代謝合併症を伴わない入院で、血糖コントロールと合併症管理が主となる症例に対応し、今回の透析患者におけるインスリン調整・血糖モニタリングと矛盾しない。",x,,分岐なし（xのみ）,,x,,分岐なし（xのみ）,,xx,パターン xx,,x,処置等1の分岐なし,0,トリガーにマッチする処置コードなし,1,副傷病あり（value=1）,"[カルテ記事] J69.0(誤嚥性肺炎) 根拠: 入院2日目以降『＃誤嚥性肺炎』『急性呼吸不全→誤嚥性肺炎』と明記され、抗菌薬CTRX・PIPCで治療されており、誤嚥性肺炎として管理されている。 引用: SOAP_A:#誤嚥性肺炎
#呼吸不全
5/30-　CTRX2g/day; ＃１　急性呼吸不全→誤嚥性肺炎
　左下葉に誤嚥性肺炎像あり。CTRXでの加療で入院後酸素化は改善傾向。 判断: 誤嚥性肺炎と診断され、酸素投与と抗菌薬治療が継続されているため、J69誤嚥性肺炎は今回入院の副傷病に該当する。",x,重症度の分岐なし (全 x),,100040xxxxx01x,"入院期間I:9日/3216点
入院期間II:18日/2301点
入院期間III:60日/1956点","入院日数25日
入院期間I:3216×9日=28944
入院期間II:2301×9日=20709
入院期間III:1956×7日=13692
合計:63345",63345,rejected,点数が低い (差 4480),,,,,,,,,,,
3131543,2026-05-30,2026-06-23,ok,226.5,E11,2型糖尿病（インスリン治療中）,２型糖尿病,0.45,10007x,２型糖尿病（糖尿病性ケトアシドーシスを除く。）,"- 入院目的: 直接の入院契機ではないが、既往歴として糖尿病が明記されており、入院中も血糖コントロール不良に対して持続的な管理が必要とされている。
- 主病名: 「DM」「糖尿病」「コントロール不良」「スケール対応」「R3→R6」とインスリンスケール使用が繰り返し記載されており、日本の一般的背景から2型糖尿病と判断 → ICD-10 E11 ２型糖尿病の包括コードを採用。
- 中心治療: 血糖自己測定（D007 血糖）、HbA1c測定、インスリンスケールによる血糖管理（R3〜R6へ段階的増量）、経管栄養量の調整を血糖変動に合わせて繰り返しており、日々の治療計画に一定の負荷を与えている。
- 糖尿病は慢性腎不全・心不全・脳梗塞の基礎疾患であり、かつ透析加算でも「糖尿病の患者」として加算項目が算定されているため、今回入院中の全身管理において医療資源消費に寄与している。
- ケトアシドーシスや昏睡の所見はなく、急性代謝合併症は認めないため、合併症詳細を特定しないE11包括（もしくはE11.9相当）が適切と考え E11 を選択した。
- DPC6 10007x（２型糖尿病）は、糖尿病性急性代謝合併症を伴わない入院で、血糖コントロールと合併症管理が主となる症例に対応し、今回の透析患者におけるインスリン調整・血糖モニタリングと矛盾しない。",x,,分岐なし（xのみ）,,x,,分岐なし（xのみ）,,xx,パターン xx,,x,処置等1の分岐なし,1,"処置等2=1: 0169(インスリン製剤（注射薬に限る。）), (ノボラピッド注　１００単位／ｍｌ)[レセ電=620008895, 実施日=2026-05-30;2026-05-31;2026-06-01;2026-06-03;2026-06-05;2026-06-06;2026-06-07;2026-06-08;2026-06-09;2026-06-10;2026-06-11;2026-06-12;2026-06-13;2026-06-14;2026-06-15;2026-06-16;2026-06-17;2026-06-18;2026-06-19;2026-06-20;2026-06-21;2026-06-22;2026-06-23]",x,副傷病の分岐なし,,x,重症度の分岐なし (全 x),,10007xxxxxx1xx,"入院期間I:6日/2871点
入院期間II:12日/2037点
入院期間III:30日/1731点","入院日数25日
入院期間I:2871×6日=17226
入院期間II:2037×6日=12222
入院期間III:1731×13日=22503
合計:51951",51951,rejected,点数が低い (差 15874),,,,,,,,,,,
3197022,2026-05-31,2026-06-25,ok,146.5,S7200,右大腿骨頚部骨折,大腿骨頚部骨折,0.95,160800,股関節・大腿近位の骨折,"1. 入院目的: 2026/5/31転倒し右大腿骨頚部骨折を認め搬送、骨折に対する手術目的で入院および転科調整。
2. 主病名: カルテ記載「みぎ大腿骨頚部骨折」より、外傷性の大腿骨頚部骨折としてS7200（大腿骨頚部骨折）を選択。
3. 中心治療: 6/15にK081 股関節人工骨頭挿入術、大量の運動器急性期リハビリ、持続点滴・心拍呼吸モニタリング、画像検査等。
・本入院で唯一の大きな手術K081が実施されており、その直接対象が右大腿骨頚部骨折であるため、手術・リハ・疼痛管理など最大の医療資源が集中。
・骨折は新鮮外傷として記載され、「陳旧性も考えるが…過去に転倒歴無し」とあり、外傷性急性骨折に合致。
・ICD-10 S7200はDPC6「160800 股関節・大腿近位の骨折」に対応し、そのsurgery_k_codesにK0811/K0812（股関節人工骨頭）が含まれており、実施K081と整合。
・心不全で一時的な循環・呼吸管理が行われているが、その後の大手術と周術期管理・急性期リハの資源量を総合すると、骨折が全入院を通して最も医療資源を要した傷病名と評価できる。
・他候補（急性心不全）は入院前半の管理の中心だが、侵襲的治療は行われておらず、DPC的資源量では骨折＋人工骨頭置換に劣る。",x,,分岐なし（xのみ）,,x,,分岐なし（xのみ）,,97,その他の手術（1件のKコードが他パターンに非該当）,K081(人工骨頭挿入術（股関節人工骨頭挿入術）),x,処置等1の分岐なし,x,処置等2の分岐なし,x,副傷病の分岐なし,,x,重症度の分岐なし (全 x),,160800xx97xxxx,"入院期間I:4日/3082点
入院期間II:13日/2119点
入院期間III:60日/1801点","入院日数26日
入院期間I:3082×4日=12328
入院期間II:2119×9日=19071
入院期間III:1801×13日=23413
合計:54812",54812,rejected,点数が低い (差 9216),,,,,,,,,,,
3197022,2026-05-31,2026-06-25,ok,146.5,I509,急性非代償性心不全（HFpEF）,急性心不全,0.8,050130,心不全,"1. 入院目的: 右大腿骨頚部骨折搬送時に肺うっ血・酸素需要・Dダイマー高値を認め、まず循環器内科で急性非代償性心不全として加療する目的で当科入院。
2. 主病名: 「＃急性非代償性心不全（wet-warm, N-BNP 741）」と繰り返し明記され、急性増悪エピソードであるためI509（急性心不全）を選択。
3. 中心治療: 酸素投与（J024）、心拍呼吸モニタリング（D220, D223）、心エコー・血液ガス・NT-proBNP等の検査、利尿薬・hANP持続投与による集中的心不全管理。
・入院契機の骨折に対し、まず心不全の安定化を優先して当科で管理され、手術は心不全コントロール後に先送りされていることから、入院前半の医療資源（モニタリング、点滴、酸素・薬剤調整）の主な対象。
・EF 61%でHFpEF表現があるが、記載は「急性非代償性心不全」であり、急性エピソードとしてI509が最も妥当。
・DPC6「050130 心不全」は心不全急性増悪の典型であり、心不全目的入院・hANPや利尿薬調整・酸素管理と整合。
・最終的には手術関連資源が上回る可能性があるが、ICUこそないものの、入院開始時数日間は心不全管理が治療の中心であり、臨床的には最資源投入候補として十分成立する。",x,,分岐なし（xのみ）,,x,,分岐なし（xのみ）,,97,その他の手術（1件のKコードが他パターンに非該当）,K081(人工骨頭挿入術（股関節人工骨頭挿入術）),0,トリガーにマッチする処置コードなし,0,トリガーにマッチする処置コードなし,0,トリガーに該当する副傷病なし,,x,重症度の分岐なし (全 x),,050130xx97000x,"入院期間I:9日/3140点
入院期間II:18日/2264点
入院期間III:60日/1924点","入院日数26日
入院期間I:3140×9日=28260
入院期間II:2264×9日=20376
入院期間III:1924×8日=15392
合計:64028",64028,selected,,false,false,,050130xx97000x,,050130xx97000x,1000,同点候補なし,,,
3197022,2026-05-31,2026-06-25,ok,146.5,N184,慢性腎臓病 G4,慢性腎臓病ステージＧ４,0.55,110280,慢性腎炎症候群・慢性間質性腎炎・慢性腎不全,"1. 入院目的: 主目的は骨折と急性心不全だが、既往として「慢性腎臓病G4」が挙げられ、本入院中も腎機能・電解質の精査・管理が継続された。
2. 主病名: カルテに明確に「＃慢性腎臓病G4」と記載されており、eGFR40前後で推移していることからN184（慢性腎臓病ステージG4）を選択。
3. 中心治療: 頻回の血液・尿検査（電解質・シスタチンCなど包括D007/D008）、利尿薬・RAS阻害薬やケレンディア等の薬剤調整検討、腎機能を踏まえた周術期管理。
・hANP投与や利尿薬調整など心不全治療はCKDステージG4を前提に行われており、シスタチンCやEPO、PTH、ビタミンDなどCKD関連精査も多く実施され、腎疾患に対する継続的医療資源投入が認められる。
・透析は行われておらず、直接のKコード治療はないが、検査と薬剤調整、人員リソースを要する慢性疾患管理として、入院全体で一定の比重がある。
・ICD-10 N184はDPC6「110280 慢性腎炎症候群・慢性間質性腎炎・慢性腎不全」に対応し、腎機能精査に用いられるK6105等がマッピングされており、CKDの高度な管理対象として妥当。
・ただし主資源は骨折手術と心不全に向かっており、CKD単独が最資源投入病名となる可能性はやや低いため、候補として中等度の位置付け。",x,,分岐なし（xのみ）,,x,,分岐なし（xのみ）,,97,その他の手術（1件のKコードが他パターンに非該当）,K081(人工骨頭挿入術（股関節人工骨頭挿入術）),x,処置等1の分岐なし,0,トリガーにマッチする処置コードなし,0,トリガーに該当する副傷病なし,,x,重症度の分岐なし (全 x),,110280xx97x00x,"入院期間I:6日/3004点
入院期間II:11日/2131点
入院期間III:30日/1811点","入院日数26日
入院期間I:3004×6日=18024
入院期間II:2131×5日=10655
入院期間III:1811×15日=27165
合計:55844",55844,rejected,点数が低い (差 8184),,,,,,,,,,,
3197022,2026-05-31,2026-06-25,ok,146.5,J449,慢性閉塞性肺疾患（Ⅱ型呼吸不全合併の疑い）,慢性閉塞性肺疾患,0.5,040120,慢性閉塞性肺疾患,"1. 入院目的: 骨折搬送時に肺うっ血と酸素需要があり、慢性閉塞性肺疾患の既往とⅡ型呼吸不全様のABG所見から呼吸状態の評価と酸素管理も必要となった。
2. 主病名: カルテで「＃慢性閉塞性肺疾患の疑い LABA吸入中」「Ⅱ型呼吸不全の様相」と記載があり、長期LABA使用・肺気腫疑いからCOPDとしてJ449（慢性閉塞性肺疾患）を選択（感染や急性増悪の明確な記載はなく、単純なCOPDと判断）。
3. 中心治療: 酸素投与（J024）、連日SpO2モニタ（D223）、長期呼吸心拍モニタ（D220）、呼吸機能検査、吸入治療継続。
・入院初期の酸素需要と血液ガスでⅡ型呼吸不全像が示され、「SpO2：90％前半目標」と管理方針が明記されており、心不全だけでなく基礎COPD・呼吸不全が呼吸管理の背景疾患。
・DPC6「040120 慢性閉塞性肺疾患」は慢性呼吸不全管理を含み、酸素療法・呼吸機能検査・吸入治療が典型であり、本症例の管理内容と整合。
・ただし、COPD自体に対する新規侵襲的処置や急性増悪としての集中治療は行われておらず、入院の主役は骨折と心不全であるため、最資源投入病名としての可能性は限定的。疑い表現である点も考慮しconfidenceは中程度以下とした。",x,,分岐なし（xのみ）,,x,,分岐なし（xのみ）,,97,その他の手術（1件のKコードが他パターンに非該当）,K081(人工骨頭挿入術（股関節人工骨頭挿入術）),x,処置等1の分岐なし,0,トリガーにマッチする処置コードなし,x,副傷病の分岐なし,,x,重症度の分岐なし (全 x),,040120xx97x0xx,"入院期間I:11日/3198点
入院期間II:22日/2222点
入院期間III:60日/1889点","入院日数26日
入院期間I:3198×11日=35178
入院期間II:2222×11日=24442
入院期間III:1889×4日=7556
合計:67176",67176,rejected,上位候補に劣る,,,,,,,,,,,
3197022,2026-05-31,2026-06-25,ok,146.5,I480,発作性心房細動,発作性心房細動,0.45,050070,頻脈性不整脈,"1. 入院目的: 直接の契機ではないが、既往としてPAFがあり、今回入院中にDOAC（リクシアナ）の再導入など抗凝固管理が調整された。
2. 主病名: 問題リストに「＃発作性心房細動」と明記され、再入院歴でもPAF検出・DOAC導入の記載があるためI480（発作性心房細動）を選択。
3. 中心治療: 抗凝固薬リクシアナの再導入と周術期休薬・再開計画、心電図検査D208、頻回の凝固・Dダイマー測定など血栓リスク管理。
・PAFは高齢・骨折・心不全合併例において脳梗塞予防上きわめて重要であり、今回も「PACも多く、リクシアナ15mg/日で再導入」「周術期1週間程度は休薬し術後再開」と具体的な調整が行われている。
・EFファイルにはD208心電図、PT/APTT、Dダイマー検査が並び、抗凝固療法の安全性評価に医療資源が投じられている。
・ICD-10 I480はDPC6「050070 頻脈性不整脈」に対応し、カテーテルアブレーション等のKコードもマッピングされるが、本症例では手術は未実施で薬物・周術期管理中心。
・骨折や心不全に比べれば資源投入量は劣るものの、高齢PAFでの抗凝固調整は入院全体のリスク管理で一定の比重があり、条件次第では最資源投入になりうる補助候補と位置付けた。",x,,分岐なし（xのみ）,,x,,分岐なし（xのみ）,,97,その他の手術（1件のKコードが他パターンに非該当）,K081(人工骨頭挿入術（股関節人工骨頭挿入術）),0,トリガーにマッチする処置コードなし,0,トリガーにマッチする処置コードなし,x,副傷病の分岐なし,,x,重症度の分岐なし (全 x),,050070xx9700xx,"入院期間I:5日/3160点
入院期間II:9日/2242点
入院期間III:30日/1905点","入院日数26日
入院期間I:3160×5日=15800
入院期間II:2242×4日=8968
入院期間III:1905×17日=32385
合計:57153",57153,rejected,点数が低い (差 6875),,,,,,,,,,,
3289279,2026-06-26,2026-07-16,ok,138.2,I610,左被殻出血（高血圧性脳内出血）,被殻出血,0.9,010040,非外傷性頭蓋内血腫（非外傷性硬膜下血腫以外）,"1. 入院目的: 頭部CTで左被殻から放線冠の出血を認め，脳出血に対する保存加療目的で緊急入院。
2. 主病名: カルテで一貫して「左被殻出血」と記載されており，部位特異的脳内出血として I610 が最も整合。
3. 中心治療: 血圧管理（sBP＜160）、点滴・補液、脳血管疾患等リハビリテーション（PT/OT/ST）、頻回の頭部CT・モニタリング。
- 入院全期間を通じて評価・治療の中心であり，リハビリや転院調整もこの出血による右片麻痺を前提として行われている。
- CTで血腫量約2mL，保存的加療方針で外科的止血術は行われていないが，急性期管理とリハビリに相当量の医療資源が投下されている。
- 部位記載（被殻）から，特発性・高血圧性脳内出血のうち被殻出血 I610 が臨床像と合致。
- DPC6は I610→010040（非外傷性頭蓋内血腫）となり，脳血管疾患等リハビリ料や頭部CT反復など今回の資源投入と整合する。
- 同一入院中に急性期脳梗塞も発症しているが，入院契機かつ経過全体の主病態である点から，本候補を主要候補として保持する。",x,,分岐なし（xのみ）,,0,ＪＣＳ,"ＪＣＳ=2 が条件 [0, 10) に該当","4.現症
  意識：JCS：2-
  GCS：E(4)V(4)M(6)  計14",99,手術なし,,0,トリガーにマッチする処置コードなし,0,トリガーにマッチする処置コードなし,0,副傷病なし（AI/EF探索で該当なし）,,x,重症度の分岐なし (全 x),,010040x099000x,"入院期間I:8日/3093点
入院期間II:16日/2001点
入院期間III:60日/1701点","入院日数21日
入院期間I:3093×8日=24744
入院期間II:2001×8日=16008
入院期間III:1701×5日=8505
合計:49257",49257,rejected,点数が低い (差 5469),,,,,,,,,,,
3289279,2026-06-26,2026-07-16,ok,138.2,I639,左内包後脚の急性期脳梗塞（基底核領域の小梗塞）,脳梗塞・急性期,0.8,010060,脳梗塞,"1. 入院目的: 当初は脳出血目的入院だが，入院13日目に右上下肢麻痺増悪を契機に急性期脳梗塞が新規発症し，その精査加療のため画像検査・薬物治療が追加された。
2. 主病名: MRIで「左内包後脚に点状の急性期梗塞巣あり」「脳梗塞急性期病変と考えられる」と明記され，病型未同定の急性期脳梗塞として I639 が妥当。
3. 中心治療: 抗血小板薬の強化（クロピドグレル→エフィエント＋バイアスピリンのDAPT），脳保護薬エダラボン投与，塞栓源精査，各種心エコー・ホルター心電図等。
- 7/8以降，右不全片麻痺の悪化に対して再度画像検査（頭部CT/MRI）、薬剤変更，DAPT導入など集中的な医療資源が投下されている。
- 病型（AChA？）と記載されているのみで塞栓性・血栓性の確定がなく，脳主幹動脈病変も明らかでないため，特定サブタイプではなく I639（脳梗塞・急性期）とするのが整合的。
- DPC6は I639→010060（脳梗塞）であり，脳血管疾患等リハビリや各種脳血管検査との組み合わせが典型像に合致し，今回の追加資源投入をよく反映する。
- 入院契機は被殻出血だが，入院中に新たな急性イベントとして重要であり，薬物・検査リソースが集中しているため，最資源投入病名の競合候補として高く評価した。",x,,分岐なし（xのみ）,,x,,分岐なし（xのみ）,,99,手術なし,,x,処置等1の分岐なし,4,"処置等2=4: 0049(エダラボン), (エダラボン点滴静注液３０㎎バッグ「ＮＰ」　１００ｍｌ)[レセ電=622079601, 実施日=2026-07-08;2026-07-09;2026-07-10;2026-07-11;2026-07-12;2026-07-13]",0,副傷病なし（AI/EF探索で該当なし）,,x,重症度の分岐なし (全 x),,010060xx99x40x,"入院期間I:7日/3497点
入院期間II:14日/2400点
入院期間III:60日/1921点","入院日数21日
入院期間I:3497×7日=24479
入院期間II:2400×7日=16800
入院期間III:1921×7日=13447
合計:54726",54726,selected,,false,false,,010060xx99x40x,,010060xx99x40x,1000,同点候補なし,,,
3289279,2026-06-26,2026-07-16,ok,138.2,E876,低カリウム血症,低カリウム血症,0.45,10039x,体液・電解質・酸塩基平衡障害,"1. 入院目的: 主目的は脳出血であるが，入院経過中に低K血症が指摘され，補正治療が行われている。
2. 主病名: カルテで「低K血症」と繰り返し記載されており，電解質異常としての低カリウム血症 E876 が対応。
3. 中心治療: 電解質補正（カリウム補正）と連日の血液検査・血液ガス検査によるモニタリング。
- 低K血症は『適宜補正し経過観察。改善傾向。』とあり，点滴補正と検査資源は投入されているが，入院全体の主な資源投入先ではない。
- 電解質異常としてはDPC6「体液・電解質・酸塩基平衡障害（10039x）」に対応しうるが，本症例ではリハビリ・神経学的管理に比べると付随的病態である。
- それでも，日常的な検査・補液管理の一部資源は本異常の是正に割かれており，条件次第では主病名として検討されうる補助候補として保持する。",x,,分岐なし（xのみ）,,x,,分岐なし（xのみ）,,99,手術なし,,x,処置等1の分岐なし,x,処置等2の分岐なし,x,副傷病の分岐なし,,x,重症度の分岐なし (全 x),,10039xxx99xxxx,"入院期間I:4日/3332点
入院期間II:9日/2222点
入院期間III:30日/1889点","入院日数21日
入院期間I:3332×4日=13328
入院期間II:2222×5日=11110
入院期間III:1889×12日=22668
合計:47106",47106,rejected,点数が低い (差 7620),,,,,,,,,,,
3289926,2026-05-15,2026-06-01,ok,176.5,I509,虚血性心筋症によるHFrEFの慢性心不全増悪（急性増悪した慢性心不全）,心不全,0.86,050130,心不全,"1. 入院目的: 心不全加療目的に、下腿浮腫・体重増加・労作時息切れで救急受診し入院。
2. 主病名: ICMに基づくHFrEFの慢性心不全がAfを契機にCS2レベルで増悪した急性増悪として記載。
3. 中心治療: hANP持続静注、DOB持続静注、ループ利尿薬調整、心大血管リハビリ、継続的モニタリング等。
- 心不全増悪（ADHF/CS2）が入院理由であり、入院経過でも浮腫・体重・BNP・DOB漸減など心不全コントロールが治療の中心となっている。
- 虚血性心筋症によるHFrEF（EF28%）と明記され、背景の慢性心不全の急性増悪像であるため、ICD-10上は心不全（I509）で包括的に表現するのが妥当。
- 高用量輸液・昇圧薬（DOB）、hANP、頻回の血液検査・心エコー、心リハなど医療資源投入量が大きく、DPC上も心不全050130が典型。
- DPC6「050130 心不全」はI509に対応し、EFコードには心不全関連のKコードはないが、薬物治療主体の心不全入院として整合。
- 競合する心房細動や虚血性心疾患よりも、実際の入院時の管理対象は心不全本体であり、最資源投入病名として最有力と判断。",x,,分岐なし（xのみ）,,x,,分岐なし（xのみ）,,99,手術なし,,0,トリガーにマッチする処置コードなし,0,"処置等2=0: H000(心大血管疾患リハビリテーション料（１）（１単位）（理学療法士による場合）)[レセ電=180744210, 実施日=2026-05-16;2026-05-17;2026-05-22;2026-05-25], H000(心大血管疾患リハビリテーション料（１）（１単位）（看護師による場合）)[レセ電=180744510, 実施日=2026-05-21;2026-05-23;2026-05-24], H000(心大血管疾患リハビリテーション料（１）（１単位）（集団療法による場合）)[レセ電=180744610, 実施日=2026-05-18;2026-05-19;2026-05-20;2026-05-21;2026-05-23;2026-05-24;2026-05-26;2026-05-27;2026-05-28;2026-05-29;2026-05-30;2026-05-31]",x,副傷病の分岐なし,,0,"branch=0 label=他の病院・診療所の病棟からの転院以外 / 一般・自家用車で当院救急外来を直接受診しており、他院病棟からの転院とは読み取れない。 (verifier 不整合あり, best-effort 採用: ['conclusion_label_mismatch'])",[2026-05-15]1.来院手段：一般…本日21時頃…心不全など心配で受診。; [2026-05-15]体重増加(64→66kg)認め、自家用車にて来院。,050130xx9900x0,"入院期間I:7日/3150点
入院期間II:14日/2242点
入院期間III:60日/1906点","入院日数18日
入院期間I:3150×7日=22050
入院期間II:2242×7日=15694
入院期間III:1906×4日=7624
合計:45368",45368,selected,,false,false,,050130xx9900x0,,050130xx9900x0,1000,同点候補なし,,,
3289926,2026-05-15,2026-06-01,ok,176.5,I481,持続性心房細動（Af持続により心不全増悪の契機となった状態）,持続性心房細動,0.72,050070,頻脈性不整脈,"1. 入院目的: 心不全加療目的だが、デバイス記録上Afの割合増加・5/13から持続性心房細動へ移行し心不全契機と評価。
2. 主病名: 診断に「Af post RFCA」「発作性心房細動」、経過で「5/13から持続性心房細動に移行」と記載あり。
3. 中心治療: アミオダロン静注から内服への切り替え、DOAC用量調整、TEE施行、DC（カウンターショックJ047・静脈麻酔L001）実施。
- Afが4月末から増加し、5/13以降持続性となって心不全増悪の直接契機と明記されており、心不全と並ぶ主病態。
- 経食道心エコー（経食D215）＋DC（J047）という侵襲的処置がAfコントロールのために実施されており、相応の資源投入あり。
- ICD-10としては持続性心房細動I481が最も具体的で、DPC6は050070頻脈性不整脈に対応し、カテーテルアブレーション歴やDC施行と整合。
- 今回入院で再アブレーションKコードはないが、DCと抗不整脈薬管理により入院期間中のリソース消費が一定以上あるため、最資源投入病名候補として保持する。",x,,分岐なし（xのみ）,,x,,分岐なし（xのみ）,,99,手術なし,,0,トリガーにマッチする処置コードなし,0,トリガーにマッチする処置コードなし,1,副傷病あり（value=1）,[EF] J024(酸素吸入（１日につき）) レセ電=140005610 → J96$(呼吸不全)とみなす 判断: EF上の酸素吸入の算定により呼吸不全相当と判定,x,重症度の分岐なし (全 x),,050070xx99001x,"入院期間I:5日/3315点
入院期間II:12日/2240点
入院期間III:30日/1904点","入院日数18日
入院期間I:3315×5日=16575
入院期間II:2240×7日=15680
入院期間III:1904×6日=11424
合計:43679",43679,rejected,点数が低い (差 1689),,,,,,,,,,,
3289926,2026-05-15,2026-06-01,ok,176.5,I252,虚血性心疾患／陳旧性心筋梗塞を背景とする慢性虚血性心疾患,陳旧性心筋梗塞,0.55,050050,狭心症、慢性虚血性心疾患,"1. 入院目的: 直接の目的は心不全加療だが、背景に長年の冠動脈疾患・PCI歴を有する虚血性心疾患がある。
2. 主病名: 記録に「ICM」「虚血性心疾患、陳旧性心筋梗塞」「post PCI」と明記されている。
3. 中心治療: 今回入院中に新規PCIやCAGはないが、抗血小板薬、SGLT2i、β遮断薬、ACE-I、ベルイシグアトなど虚血性心疾患・心筋症に対する包括的薬物治療が継続。
- ICM（虚血性心筋症）の原因としての陳旧性心筋梗塞／慢性虚血性心疾患は、慢性心不全の基礎疾患であり、長期的な医療資源投入の中心疾患。
- EF上は今回冠動脈インターベンションはないが、心不全・Af管理は虚血性心疾患に二次的な病態であり、DPC上050050との組み合わせも理論的候補。
- ICD-10としては、明示された「陳旧性心筋梗塞」に対応するI252が最も具体的で、DPC6「狭心症、慢性虚血性心疾患」と整合。
- 今回入院単独でみると心不全/不整脈に比べ相対的に資源投入は間接的だが、原疾患としてのウェイトを考慮し補助候補として保持する。",x,,分岐なし（xのみ）,,x,,分岐なし（xのみ）,,99,手術なし,,0,トリガーにマッチする処置コードなし,0,トリガーにマッチする処置コードなし,x,副傷病の分岐なし,,0,"branch=0 numeric=1 label=他の病院・診療所の病棟からの転院以外 / 自家用車による一般来院と明記され、他院病棟からの転院を示す記載はない。 (verifier 不整合あり, best-effort 採用: ['conclusion_label_mismatch'])",[2026-05-15]本日21時頃…息切れを自覚(30分程度)…体重増加(64→66kg)認め、自家用車にて来院。; [2026-05-15]1.来院手段：一般; [2026-05-16]ICM s/p CRTDにて当科外来加療中のPt。…5/15　21時頃…自家用車にて来院。,050050xx9900x0,"入院期間I:2日/4271点
入院期間II:4日/2380点
入院期間III:30日/2023点","入院日数18日
入院期間I:4271×2日=8542
入院期間II:2380×2日=4760
入院期間III:2023×14日=28322
合計:41624",41624,rejected,点数が低い (差 3744),,,,,,,,,,,
3289926,2026-05-15,2026-06-01,ok,176.5,E11,２型糖尿病（コントロール不良）,２型糖尿病,0.42,100040,糖尿病性ケトアシドーシス、非ケトン昏睡,"1. 入院目的: 主目的は心不全だが、入院中のSOAPでDMコントロール不良（HbA1c 8.6%）が問題視されている。
2. 主病名: 「DM (HbA1c 8.6%)」と記載され、内服内容から２型糖尿病と判断される。
3. 中心治療: メトホルミン増量（1000→1500mg）、血糖モニタリング（BS 150-170-147）、インスリン分泌再評価、HbA1c測定など。
- 糖尿病自体は今回の急性入院契機ではないが、入院中に治療調整・再評価が行われ、継続的な検査・内服調整という医療資源が投入されている。
- ケトアシドーシスや昏睡の記載はなく、２型糖尿病の慢性管理としてE11（下位分岐の具体的合併症記載なし）相当が妥当。
- DPC6マッピングとしては10007x「２型糖尿病（糖尿病性ケトアシドーシスを除く。）」が該当しうるが、心不全に比べれば資源投入の相対度は低く、補助的な主傷病候補として位置づける。",x,,分岐なし（xのみ）,,x,,分岐なし（xのみ）,,xx,パターン xx,,x,処置等1の分岐なし,0,トリガーにマッチする処置コードなし,0,トリガーに該当する副傷病なし,,x,重症度の分岐なし (全 x),,100040xxxxx00x,"入院期間I:6日/3120点
入院期間II:11日/2213点
入院期間III:30日/1881点","入院日数18日
入院期間I:3120×6日=18720
入院期間II:2213×5日=11065
入院期間III:1881×7日=13167
合計:42952",42952,rejected,点数が低い (差 2416),,,,,,,,,,,
3289926,2026-05-15,2026-06-01,ok,176.5,E11,２型糖尿病（コントロール不良）,２型糖尿病,0.42,10007x,２型糖尿病（糖尿病性ケトアシドーシスを除く。）,"1. 入院目的: 主目的は心不全だが、入院中のSOAPでDMコントロール不良（HbA1c 8.6%）が問題視されている。
2. 主病名: 「DM (HbA1c 8.6%)」と記載され、内服内容から２型糖尿病と判断される。
3. 中心治療: メトホルミン増量（1000→1500mg）、血糖モニタリング（BS 150-170-147）、インスリン分泌再評価、HbA1c測定など。
- 糖尿病自体は今回の急性入院契機ではないが、入院中に治療調整・再評価が行われ、継続的な検査・内服調整という医療資源が投入されている。
- ケトアシドーシスや昏睡の記載はなく、２型糖尿病の慢性管理としてE11（下位分岐の具体的合併症記載なし）相当が妥当。
- DPC6マッピングとしては10007x「２型糖尿病（糖尿病性ケトアシドーシスを除く。）」が該当しうるが、心不全に比べれば資源投入の相対度は低く、補助的な主傷病候補として位置づける。",x,,分岐なし（xのみ）,,x,,分岐なし（xのみ）,,xx,パターン xx,,x,処置等1の分岐なし,1,"処置等2=1: 0169(インスリン製剤（注射薬に限る。）), (ノボラピッド注　１００単位／ｍｌ)[レセ電=620008895, 実施日=2026-05-17;2026-05-26]",x,副傷病の分岐なし,,x,重症度の分岐なし (全 x),,10007xxxxxx1xx,"入院期間I:6日/2871点
入院期間II:12日/2037点
入院期間III:30日/1731点","入院日数18日
入院期間I:2871×6日=17226
入院期間II:2037×6日=12222
入院期間III:1731×6日=10386
合計:39834",39834,rejected,点数が低い (差 5534),,,,,,,,,,,
3306936,2026-06-03,2026-06-18,ok,88.7,C79.3,肺癌の多発性転移性脳腫瘍,転移性脳腫瘍,0.9,010010,脳腫瘍,"1. 入院目的: 右下肢麻痺で紹介入院し、「転移性脳腫瘍に対する治療模索」、ガンマナイフ治療目的と明記。
2. 主病名: カルテでは当初「転移性脳腫瘍（原発不明）」、その後「転移性脳腫瘍（肺癌）」と一貫して記載されており、ICD-10は原発肺癌からの転移として C79.3（転移性脳腫瘍）が最も適合。
3. 中心治療: ガンマナイフによる定位放射線治療（M001）、頭部造影MRI・CT、多数の画像診断、脳血管疾患リハビリ、グリセオール投与、ステロイド投与など、脳転移に対する集中的治療と機能回復リハビリが今回入院の主な資源投入。
・ガンマナイフ治療は高額かつ専門的処置であり、その直接の対象が左頭頂葉の多発転移性脳腫瘍であることがCT/MRI所見および記載から明確。
・右下肢麻痺という神経症状の責任病巣としても脳転移が主因であり、入院期間を通じて日々の経過観察・画像フォロー・リハビリの中心となっている。
・原発肺癌は既往としてBSC方針であり、本入院では脳転移巣への局所治療が主目的であるため、DPC上も「脳腫瘍」群（010010）に属する C79.3 を主候補とするのが資源投入実態と整合。
・DPC6マッピング: C79.3→010010（脳腫瘍）。本DPCは開頭腫瘍摘出術等のKコードを持つが、ガンマナイフ（M001）は画像診断・放射線治療加算として同群で算定されうるため、脳腫瘍群としての分類と臨床経過は矛盾しない。",x,,分岐なし（xのみ）,,x,,分岐なし（xのみ）,,99,手術なし,,0,トリガーにマッチする処置コードなし,6,"処置等2=6: M001(ガンマナイフによる定位放射線治療)[レセ電=180018910, 実施日=2026-06-09]",x,副傷病の分岐なし,,x,重症度の分岐なし (全 x),,010010xx9906xx,"入院期間I:3日/2946点
入院期間II:8日/2242点
入院期間III:30日/1906点","入院日数16日
入院期間I:2946×3日=8838
入院期間II:2242×5日=11210
入院期間III:1906×8日=15248
合計:35296",35296,rejected,点数が低い (差 2264),,,,,,,,,,,
3306936,2026-06-03,2026-06-18,ok,88.7,C34.9,肺癌（非小細胞肺癌）,非小細胞肺癌,0.7,040040,肺の悪性腫瘍,"1. 入院目的: 表向きは脳転移治療目的だが、カルテ上「肺癌（非小細胞肺癌）」の既往と、その脳転移としての位置づけが繰り返し強調されている。
2. 主病名: 2023年CTガイド下生検で非小細胞肺癌と診断済みであり、今回の脳病変は「肺癌の脳転移の可能性を強く疑う」「肺癌の脳転移の診断でよいのではないか」と明記されているため、原発としての肺癌に C34.9（非小細胞肺癌）を充てるのが妥当。
3. 中心治療: 本入院では肺癌自体への手術や化学療法は行っていないが、ガンマナイフを含む腫瘍関連の全ての医療資源は、病態の根本原因である肺癌に由来していると解釈しうる。
・DPC上は脳腫瘍群（C79.3→010010）と肺悪性腫瘍群（C34.9→040040）のいずれも候補となりうるため、原発疾患としての肺癌も最資源投入病名候補として保持する価値がある。
・肺癌はBSC方針ではあるものの、「進行癌」「悪性疾患（進行癌）」として入院全体の予後や方針決定（緩和ケア、転院調整）に大きく関与しており、医療資源（多職種カンファレンス、方針決定、転院調整）の背景疾患となっている。
・DPC6マッピング: C34.9→040040（肺の悪性腫瘍）であり、通常は手術や化学療法Kコードが紐づく。今回は主たる処置が脳側であるため010010との競合だが、原発腫瘍としての資源投入解釈上、肺悪性腫瘍群も鑑別的に残す。",x,,分岐なし（xのみ）,,x,,分岐なし（xのみ）,,99,手術なし,,0,トリガーにマッチする処置コードなし,2,"処置等2=2: 0048(化学療法なしかつ放射線療法あり), M001(ガンマナイフによる定位放射線治療)[レセ電=180018910, 実施日=2026-06-09]",x,副傷病の分岐なし,,x,重症度の分岐なし (全 x),,040040xx9902xx,"入院期間I:8日/2723点
入院期間II:17日/1972点
入院期間III:60日/1676点","入院日数16日
入院期間I:2723×8日=21784
入院期間II:1972×8日=15776
合計:37560",37560,selected,,false,false,,040040xx9902xx,,040040xx9902xx,1000,同点候補なし,,,
3306936,2026-06-03,2026-06-18,ok,88.7,E87.5,高カリウム血症,高カリウム血症,0.45,10039x,体液・電解質・酸塩基平衡障害,"1. 入院目的: 主目的ではないが、入院中にNa 129, K 5.77と電解質異常が顕在化し、「高カリウム血症悪化。」と診断されている。
2. 主病名: カルテに「高カリウム血症悪化。」と明記され、前回入院に続きロケルマ内服での治療歴があり、ICD-10では E87.5（高カリウム血症）が対応。
3. 中心治療: ロケルマ内服開始・継続（新規薬物療法）、電解質モニタリング（頻回の血液化学検査D007）などが実施されているが、ガンマナイフやリハビリ等に比べると資源投入規模は中等度。
・高K血症は心電図検査（D208）、心停止予防の観点から重要な管理対象であり、一時的には治療計画に影響し得る病態であるが、今回の主要入院目的や最も大きな資源投入（定位放射線治療、リハビリ）の原因ではない。
・それでも、薬剤治療導入と検査資源が一定量割かれており、腫瘍関連病名以外の候補として電解質異常カテゴリー（10039x）を保持しておく意義がある。
・DPC6マッピング: E87.5→10039x（体液・電解質・酸塩基平衡障害）。関連Kコードはないが、Dコード（血液化学）や内服管理と整合する。",x,,分岐なし（xのみ）,,x,,分岐なし（xのみ）,,99,手術なし,,x,処置等1の分岐なし,x,処置等2の分岐なし,x,副傷病の分岐なし,,x,重症度の分岐なし (全 x),,10039xxx99xxxx,"入院期間I:4日/3332点
入院期間II:9日/2222点
入院期間III:30日/1889点","入院日数16日
入院期間I:3332×4日=13328
入院期間II:2222×5日=11110
入院期間III:1889×7日=13223
合計:37661",37661,rejected,上位候補に劣る,,,,,,,,,,,
3306936,2026-06-03,2026-06-18,ok,88.7,J84.1,間質性肺炎（通常型間質性肺炎）,びまん性間質性肺炎,0.4,040110,間質性肺炎,"1. 入院目的: 直接の入院契機ではないが、「間質性肺炎」で当院呼吸器内科かかりつけであり、CT所見でも「両肺に胸膜下・下葉優位の蜂巣肺」「通常型間質性肺炎（UIP）所見」と明記されるなど、長期管理中の重要基礎疾患。
2. 主病名: カルテ上「間質性肺炎」「通常型間質性肺炎（UIP）所見」とあり、ICD-10としては特発性・びまん性の臨床像からJ84.1（びまん性間質性肺炎）を用いるのが適切。
3. 中心治療: 今回入院中は間質性肺炎に対する急性増悪治療や新規薬剤導入は行われていないが、在宅酸素やリハビリの内容、検査・画像評価、VTE・呼吸管理など、全身状態評価や治療の許容度判断に大きく関わる基礎疾患として医療資源を間接的に消費している。
・進行癌患者の原発精査・治療選択（EGDなど侵襲的検査を見送る判断）にもUIPの存在が影響しており、入院全体の方針決定に寄与している。
・DPC上は「間質性肺炎」群（040110）に属しうるが、今回は脳腫瘍群・肺悪性腫瘍群に比べ直接的処置・リハビリの対象ではないため、最資源投入病名としては下位の候補とする。
・DPC6マッピング: J84.1→040110（間質性肺炎）であり、画像診断（CT/MRI）と慢性呼吸管理との整合は取れる。",x,,分岐なし（xのみ）,,x,,分岐なし（xのみ）,,xx,パターン xx,,0,トリガーにマッチする処置コードなし,0,トリガーにマッチする処置コードなし,x,副傷病の分岐なし,,x,重症度の分岐なし (全 x),,040110xxxx00xx,"入院期間I:8日/3193点
入院期間II:15日/2255点
入院期間III:60日/1917点","入院日数16日
入院期間I:3193×8日=25544
入院期間II:2255×7日=15785
入院期間III:1917×1日=1917
合計:43246",43246,rejected,上位候補に劣る,,,,,,,,,,,
3315694,2026-05-23,2026-06-12,ok,87.5,J690,誤嚥性肺炎,誤嚥性肺炎,0.9,040081,誤嚥性肺炎,"1. 入院目的: 「肺炎治療」とされ、CTで左下葉背側の気管支肺炎像と臨床経過から「誤嚥性肺炎」の診断で当日入院。
2. 主病名: カルテ上「＃1：誤嚥性肺炎」と明記され、抗菌薬CTRX投与・酸素投与・喀痰吸引などが本疾患に対する治療として実施。
3. 中心治療: セフトリアキソン静注による抗菌薬治療、酸素吸入(J024)、点滴注射(G004)、呼吸心拍監視(D220)、喀痰吸引(J018)、胸部CT(E200)・Xp(E001,E002)・各種培養(D018,D017,D023)が集中して行われている。
4. 資源投入: 入院初期から5/28まで抗菌薬投与と頻回検査が行われ、その後も微熱・喀痰量観察、監視培養、酸素調整など管理の中心となっており、今回入院の主たる資源投入先と判断できる。
5. ICD-10選択理由: 高齢者で嚥下障害リスク(認知機能低下、義歯不良、食道裂孔ヘルニア、睡眠薬)が明記され、画像上も誤嚥に典型的な下葉背側優位の肺炎像であり、「誤嚥性肺炎」J690が臨床像に最も適合。
6. DPC6マッピング理由: J690はDPC6「040081 誤嚥性肺炎」に対応し、本症例の治療内容(抗菌薬、酸素・呼吸リハ・摂食機能療法、喀痰吸引)は同分類の典型であり、EFの検査・処置構成とも矛盾しない。",x,,分岐なし（xのみ）,,x,,分岐なし（xのみ）,,99,手術なし,,x,処置等1の分岐なし,0,トリガーにマッチする処置コードなし,x,副傷病の分岐なし,,x,重症度の分岐なし (全 x),,040081xx99x0xx,"入院期間I:9日/3320点
入院期間II:17日/2169点
入院期間III:60日/1844点","入院日数21日
入院期間I:3320×9日=29880
入院期間II:2169×8日=17352
入院期間III:1844×4日=7376
合計:54608",54608,selected,,false,false,,040081xx99x0xx,,040081xx99x0xx,1000,同点候補なし,,,
3315694,2026-05-23,2026-06-12,ok,87.5,J9609,慢性呼吸不全急性増悪（COPDに伴う）,慢性呼吸不全急性増悪,0.75,040130,呼吸不全（その他）,"1. 入院目的: 主訴は「発熱、体動困難」だが、現病歴で在宅HOT1L/min中のCOPD患者であり、入院時酸素需要が2L/minに増加し呼吸困難を呈している。
2. 主病名: 診断名として「＃2：慢性呼吸不全急性増悪」が明確に記載され、背景COPD HOTとCT上の気腫性変化から慢性呼吸不全の存在が支持される。
3. 中心治療: 酸素吸入(J024)1–2L/minでの持続管理、呼吸心拍監視(D220)連日、呼吸リハビリテーション(H003)、血液ガス分析(D007)、NT-proBNP等を含む評価が行われている。
4. 資源投入: 抗菌薬終了後も、痰量・SpO2に応じた酸素調整、呼吸モニタリング、喀痰吸引、リハビリなど、入院全期間を通じて慢性呼吸不全の増悪管理が継続しており、誤嚥性肺炎とは独立に最資源投入病名候補となる。
5. ICD-10選択理由: 既存HOT使用中のCOPDに急性増悪を来し、酸素需要増加と呼吸数増多がみられた点から、単なる慢性呼吸不全(J9619)より「慢性呼吸不全急性増悪」J9609が臨床像に合致する。
6. DPC6マッピング理由: J9609はDPC6「040130 呼吸不全（その他）」に対応し、本症例の酸素療法・呼吸リハ・モニタリング中心の管理内容は同分類に整合し、EF記載の呼吸関連処置コード群とも一致する。",x,,分岐なし（xのみ）,,x,,分岐なし（xのみ）,,99,手術なし,,x,処置等1の分岐なし,0,トリガーにマッチする処置コードなし,x,副傷病の分岐なし,,x,重症度の分岐なし (全 x),,040130xx99x0xx,"入院期間I:4日/3127点
入院期間II:9日/2236点
入院期間III:30日/1900点","入院日数21日
入院期間I:3127×4日=12508
入院期間II:2236×5日=11180
入院期間III:1900×12日=22800
合計:46488",46488,rejected,点数が低い (差 8120),,,,,,,,,,,
3315694,2026-05-23,2026-06-12,ok,87.5,M6259,廃用症候群,廃用症候群,0.55,070320,筋拘縮・萎縮（その他）,"1. 入院目的: 入院初診から「入院により機能障害の出現、ADLの低下が予想」「廃用症候群」と記載され、肺炎治療と並行してADL低下・機能維持が課題とされている。
2. 主病名: 診断名として「＃3：廃用症候群」が明記されており、高齢・歩行車歩行レベル・認知機能低下などから既に進行した廃用が推測される。
3. 中心治療: 呼吸リハビリテーション(H003)、リハビリ総合計画評価料、早期リハビリ加算など、リハビリ関連の人的資源が投下され、転院先としてリハビリテーション病院への紹介が具体的に進められている。
4. 資源投入: 肺炎の急性期が改善した後も、リハビリと転院調整が入院後半の主目的となっており、長期的ADL管理という観点からは廃用症候群が入院の大きなテーマである。
5. ICD-10選択理由: 全身的なADL低下・長期廃用状態が問題であり、局所筋疾患ではないことから、包括的な「廃用症候群」M6259が最も適切。
6. DPC6マッピング理由: M6259はDPC6「070320 筋拘縮・萎縮（その他）」に対応し、リハビリ中心の資源投入パターンはこの分類と整合するが、本入院では急性肺炎・呼吸不全に比べやや付随的であるため主傷病としての相対的優先度はやや低い。",x,,分岐なし（xのみ）,,x,,分岐なし（xのみ）,,99,手術なし,,x,処置等1の分岐なし,x,処置等2の分岐なし,x,副傷病の分岐なし,,x,重症度の分岐なし (全 x),,070320xx99xxxx,"入院期間I:11日/2643点
入院期間II:22日/1875点
入院期間III:60日/1594点","入院日数21日
入院期間I:2643×11日=29073
入院期間II:1875×10日=18750
合計:47823",47823,rejected,点数が低い (差 6785),,,,,,,,,,,
3315694,2026-05-23,2026-06-12,ok,87.5,F03,認知症に伴う認知機能低下,初老期認知症,0.4,01021x,認知症,"1. 入院目的: 直接の入院契機ではないが、現病歴で「認知機能の低下あり、5-10分前のことを繰り返し話をする」「認知症」と評価され、誤嚥リスクや服薬管理の問題として強調されている。
2. 主病名: 診断名として「＃4：認知機能低下」と記載され、せん妄リスク因子としても「認知症」が挙げられていることから、基礎に認知症が存在すると考えられる。
3. 中心治療: 精神科的専門治療というより、せん妄予防・睡眠薬調整（ベンゾ・SNRI中止、ベルソムラ使用）、誤嚥リスク管理、転院・介護体制調整など、ケア・環境調整に相当な人的資源が投下されている。
4. 資源投入: 医療技術料は相対的に少ないが、長期の看護・介護資源、服薬調整、退院・転院支援の中心原因の一つであり、入院全体のマネジメントに影響しているため、条件次第で最資源投入病名に採用されうる補助候補とみなせる。
5. ICD-10選択理由: 原因疾患の具体的記載はなく、高齢発症で進行性の認知機能低下が示唆されるのみのため、詳細不明の認知症としてF03が妥当。
6. DPC6マッピング理由: F03はDPC6「01021x 認知症」に対応し、行動・認知の問題に伴う多職種介入や環境調整という資源投入の実態と整合するが、肺炎・呼吸不全ほどの直接的医療処置は少なく、相対的には副次的候補となる。",x,,分岐なし（xのみ）,,x,,分岐なし（xのみ）,,xx,パターン xx,,0,トリガーにマッチする処置コードなし,1,"処置等2=1: 0007(リハビリテーション), H003(呼吸器リハビリテーション料（１）（１単位）（作業療法士による場合）)[レセ電=180759810, 実施日=2026-05-24;2026-05-29;2026-06-02;2026-06-03;2026-06-04;2026-06-09;2026-06-10;2026-06-11], H003(呼吸器リハビリテーション料（１）（１単位）（理学療法士による場合）)[レセ電=180759710, 実施日=2026-05-25;2026-05-27;2026-05-28;2026-06-01], A233(リハビリテーション・栄養・口腔連携体制加算)[レセ電=190833710, 実施日=2026-05-24;2026-05-25;2026-05-26;2026-05-27], H003(早期リハビリテーション加算（４日目以降）（呼吸器リハビリテーション料（１単位））)[レセ電=180772970, 実施日=2026-06-01;2026-06-02;2026-06-03;2026-06-04], H003(リハビリテーション総合計画評価料１（初回の場合）)[レセ電=180024710, 実施日=2026-06-02]",x,副傷病の分岐なし,,x,重症度の分岐なし (全 x),,01021xxxxx01xx,"入院期間I:9日/2737点
入院期間II:20日/1898点
入院期間III:60日/1613点","入院日数21日
入院期間I:2737×9日=24633
入院期間II:1898×11日=20878
入院期間III:1613×1日=1613
合計:47124",47124,rejected,点数が低い (差 7484),,,,,,,,,,,
3315694,2026-05-23,2026-06-12,ok,87.5,K449,食道裂孔ヘルニア（誤嚥リスク因子）,食道裂孔ヘルニア,0.35,040220,横隔膜腫瘍・横隔膜疾患（新生児を含む。）,"1. 入院目的: 直接の入院契機ではないが、現病歴・画像で食道裂孔ヘルニアが示され、誤嚥性肺炎の重要な背景病態として繰り返し言及されている。
2. 主病名: 診断名として「＃5：食道裂孔ヘルニア」が挙げられており、食道内拡張・残渣貯留がCTで確認されている。
3. 中心治療: 本入院中に外科的治療や内視鏡的処置は行われておらず、主として嚥下調整・食形態調整・摂食機能療法(H004)などを通じて間接的に管理されている。
4. 資源投入: 誤嚥性肺炎の反復リスク評価と嚥下リハビリ、転院先の選定（ST常勤病院）という形で医療資源を要しており、長期的視点では治療ターゲットとなりうる病態であるが、今回入院での直接的技術資源は少なく、補助的候補位置づけとなる。
5. ICD-10選択理由: 画像所見および診断名が「食道裂孔ヘルニア」とのみ記載され、先天性・術後・型の詳細が不明なため、成人の一般的食道裂孔ヘルニアとしてK449を選択するのが妥当。
6. DPC6マッピング理由: K449はDPC6「040220 横隔膜腫瘍・横隔膜疾患」に対応するが、本症例では当該DPCに特徴的な外科手術Kコードは実施されておらず、DPC上は誤嚥性肺炎あるいは呼吸不全の方が主傷病として選択されやすいと考えられる。",x,,分岐なし（xのみ）,,x,,分岐なし（xのみ）,,99,手術なし,,x,処置等1の分岐なし,0,トリガーにマッチする処置コードなし,x,副傷病の分岐なし,,x,重症度の分岐なし (全 x),,040220xx99x0xx,"入院期間I:3日/3483点
入院期間II:7日/2174点
入院期間III:30日/1848点","入院日数21日
入院期間I:3483×3日=10449
入院期間II:2174×4日=8696
入院期間III:1848×14日=25872
合計:45017",45017,rejected,点数が低い (差 9591),,,,,,,,,,,
3502564,2026-05-22,2026-06-02,ok,111.4,K830,経皮的胆道ステント閉塞による閉塞性胆管炎（再発性胆管炎）,再発性胆管炎,0.86,060340,胆管（肝内外）結石、胆管炎,"1. 入院目的: 「EBS閉塞による胆管炎が疑われ」「胆管炎に対する加療目的」とされ、発熱を主訴に救急受診し入院。
2. 主病名: カルテで「＃1：胆管炎」「EBS閉塞性胆管炎」と記載されており、胆道ステント閉塞を背景とする再発性胆管炎として K830 が適合。
3. 中心治療: 抗菌薬点滴投与、継日採血・血培、CT・心電図・モニタリングに加え、K688 内視鏡的胆道ステント留置術（ステント抜去・再留置）を実施。
4. 胆管炎が今回入院の直接契機であり、ERCP/ステント交換という侵襲的処置の対象であるため、医療資源投入の中心病態として成立する。
5. ICD-10 K830「再発性胆管炎」は胆石以外の要因を含む胆管炎・再発性胆管炎を包含し、EBS閉塞性胆管炎の包括コードとして妥当。
6. DPC6 060340 は胆管結石・胆管炎を包括し、関連手術KコードにK688（内視鏡的胆道ステント留置術）が含まれており、EFのK688と完全に整合する。",x,,分岐なし（xのみ）,,x,,分岐なし（xのみ）,,03,パターン 03（必須Kコード 1 マッチ）,K688(内視鏡的胆道ステント留置術),x,処置等1の分岐なし,0,トリガーにマッチする処置コードなし,0,副傷病なし（AI/EF探索で該当なし）,,x,重症度の分岐なし (全 x),,060340xx03x00x,"入院期間I:4日/3233点
入院期間II:7日/2294点
入院期間III:30日/1950点","入院日数12日
入院期間I:3233×4日=12932
入院期間II:2294×3日=6882
入院期間III:1950×5日=9750
合計:29564",29564,rejected,点数が低い (差 2158),,,,,,,,,,,
3502564,2026-05-22,2026-06-02,ok,111.4,C248,肝門部胆管癌（肝門部領域胆管癌）,肝門部胆管癌,0.78,060060,胆嚢、肝外胆管の悪性腫瘍,"1. 入院目的: 患者は「肝門部領域胆管癌に対して化学療法中」であり、今回の胆管炎も同癌に伴う胆道狭窄・ステント閉塞が背景と記載。
2. 主病名: 既往/現病歴・SOAPで一貫して「肝門部領域胆管癌」と表現されており、肝門部胆管癌に対応する C248 が最も直接的。
3. 中心治療: 本入院中の直接的抗癌治療は行われていないが、ERCPでの胆道ステント増設・サイズアップは腫瘍性狭窄のコントロール目的であり、化学療法継続の前提としての癌管理の一環と言える。
4. 胆管炎の再発・ステント閉塞は肝門部胆管癌による腫瘍狭窄が根本原因であり、長期的医療資源投入の主因疾患として重要な候補。
5. ICD-10 C248「肝門部胆管癌」はカルテ病名と整合し、肝門部の胆道悪性腫瘍を特異的に表すコードとして妥当。
6. DPC6 060060（胆嚢、肝外胆管の悪性腫瘍）は C248 と対応し、同領域の切除術K群を含み、進行例での手術・処置の枠として適切である。今回のK688は直接の必須Kではないが、悪性腫瘍に伴う胆道狭窄管理として許容範囲。",x,,分岐なし（xのみ）,,x,,分岐なし（xのみ）,,97,その他の手術（1件のKコードが他パターンに非該当）,K688(内視鏡的胆道ステント留置術),1,"処置等1=1: K688(内視鏡的胆道ステント留置術)[レセ電=150254410, 実施日=2026-05-25]",0,トリガーにマッチする処置コードなし,x,副傷病の分岐なし,,x,重症度の分岐なし (全 x),,060060xx9710xx,"入院期間I:5日/3253点
入院期間II:10日/2307点
入院期間III:30日/1961点","入院日数12日
入院期間I:3253×5日=16265
入院期間II:2307×5日=11535
入院期間III:1961×2日=3922
合計:31722",31722,selected,,true,false,0.86,060060xx9710xx,060060xx9710xx,060060xx9710xx,1000,同点候補あり,入院目的は「胆管炎に対する加療」だが、既往歴・現病歴に一貫して「肝門部領域胆管癌」と記載され、公式な腫瘍名はC248相当。ERCP記載の「肝内胆管癌」は所見レポート上のブレと考えられ、DPC注意事例でも肝内/肝外の区別は正式診断に従う。K688も肝門部狭窄（肝外胆管癌）に対するステント治療として060060が妥当。よって候補0を採用。,,
3502564,2026-05-22,2026-06-02,ok,111.4,C221,肝内胆管癌による胆道狭窄（肝内胆管癌）,肝内胆管癌,0.6,060050,肝・肝内胆管の悪性腫瘍（続発性を含む。）,"1. 入院目的: 現病歴にて「肝門部領域胆管癌に対して化学療法中」と記載されつつ、ERCP所見で【診断】肝内胆管癌と記載され、腫瘍による胆道狭窄が胆管炎の背景として言及。
2. 主病名: 内視鏡レポートで「【診断】 肝内胆管癌」「肝内胆管癌による閉塞性胆管疑い」と明記されており、病変の主座を肝内側とみる立場では C221 が適合候補となる。
3. 中心治療: K688 による胆道ステント抜去・再留置とサイズアップは、肝内胆管癌に伴う胆管狭窄の解除目的であり、腫瘍性胆道閉塞に対するインターベンションとしての意味合いを持つ。
4. 肝門部胆管癌（C248）との隣接診断であり、腫瘍の解剖学的位置解釈によりいずれかが選択されうるため、DPC6 060050 側の候補として保持しておく価値がある。
5. ICD-10 C221 は「肝内胆管癌」に対応し、所見上「左右胆管の拡張、特に右胆管の拡張が目立つ」など肝内胆管優位の狭窄像とも整合しうる。
6. DPC6 060050 は肝・肝内胆管悪性腫瘍であり、胆道狭窄解除のためのステント管理や化学療法を受ける症例の典型的な分類の一つとして考えられる。",x,,分岐なし（xのみ）,,x,,分岐なし（xのみ）,,97,その他の手術（1件のKコードが他パターンに非該当）,K688(内視鏡的胆道ステント留置術),x,処置等1の分岐なし,0,トリガーにマッチする処置コードなし,x,副傷病の分岐なし,,x,重症度の分岐なし (全 x),,060050xx97x0xx,"入院期間I:5日/3216点
入院期間II:10日/2311点
入院期間III:30日/1964点","入院日数12日
入院期間I:3216×5日=16080
入院期間II:2311×5日=11555
入院期間III:1964×2日=3928
合計:31563",31563,rejected,点数が低い (差 159),,,,,,,,,,,
3502564,2026-05-22,2026-06-02,ok,111.4,A408,グラム陰性桿菌菌血症（胆管炎に伴う菌血症）,Ｃ群連鎖球菌菌血症,0.45,180010,敗血症,"1. 入院目的: 主目的は胆管炎だが、入院後早期に「血培 GNR陽性」のパニック値報告があり、菌血症が明確に確認されている。
2. 主病名: カルテには菌種名は未記載だが、「胆管炎として抗菌薬投与中。follow.」「菌血症もあり抗生剤は長めに投与する」とあり、胆道感染に伴う菌血症として独立病態。
3. 中心治療: 抗菌薬長期投与、血培・感受性検査、モニタリング等は胆管炎と菌血症の両方を対象としており、菌血症が治療期間延長の一因となっている。
4. 敗血症レベルの循環不全やICU管理などの記載はなく、主たる資源投入はあくまで胆管炎・ERCPだが、血培陽性を伴う菌血症として一定の資源を要しており、条件次第で主病名候補となりうる。
5. ICD-10 個別コード（A40xなど）は起因菌で選択すべきであり、本症例では菌名不詳のため網羅的な候補を出しにくいが、DPC6としては180010「敗血症」群にマップされうる菌血症であることから、菌血症/敗血症側の候補を1つ保持した。
6. DPC6 180010 は菌血症〜敗血症事例を含み、重症化すればICUや昇圧剤管理の中心となるため、今回のようなグラム陰性桿菌菌血症も候補群に含まれる。",x,,分岐なし（xのみ）,,x,年齢,年齢 の値を取得できず,,,,,,,,,,,,,,,,,,,,,,,,,,,,,,,
3502564,2026-05-22,2026-06-02,ok,111.4,T825,植込型中心静脈ポート閉塞（カテーテルポート閉塞）,植込型カテーテルポート閉塞,0.42,180040,手術・処置等の合併症,"1. 入院目的: 主目的ではないが、入院中にCVポートが逆血で満たされフラッシュ困難となり、カテーテル内血栓疑いとして医師対応が必要になった。
2. 主病名: SOAPにて「カテーテル内に血栓が入ったと判断」「明らかな血栓なし。カテーテル内に血栓が出来たものの吸引回収出来ている」とあり、植込型ポートの閉塞・機能不全として整理できる。
3. 中心治療: 医師による用手的フラッシュ・血液吸引除去・大量ヘパリンロック、生理食塩水持続注入、翌日のDダイマー・頚部US実施など、一定の検査・処置資源が投入されている。
4. 全体の資源量では胆管炎＋ERCPほどではないものの、手術・処置関連合併症として別軸のDPC6（180040）に分類されうるため、候補として保持する意義がある。
5. ICD-10 T825「植込型カテーテルポート閉塞」はCVポート閉塞を表すコードであり、本症例の記載と合致する。感染徴候はなく、T827（感染症）より閉塞コードが適切。
6. DPC6 180040「手術・処置等の合併症」は中心静脈ポート関連合併症例の典型的分類であり、今回のような血栓性閉塞・フラッシュ不良も含まれる。",x,,分岐なし（xのみ）,,x,,分岐なし（xのみ）,,97,その他の手術（1件のKコードが他パターンに非該当）,K688(内視鏡的胆道ステント留置術),x,処置等1の分岐なし,0,トリガーにマッチする処置コードなし,x,副傷病の分岐なし,,x,重症度の分岐なし (全 x),,180040xx97x0xx,"入院期間I:4日/3001点
入院期間II:14日/2249点
入院期間III:60日/1911点","入院日数12日
入院期間I:3001×4日=12004
入院期間II:2249×8日=17992
合計:29996",29996,rejected,点数が低い (差 1726),,,,,,,,,,,
3525233,2026-06-20,2026-07-01,ok,105.2,I211,下壁ST上昇型急性心筋梗塞,急性下壁心筋梗塞,0.95,050030,急性心筋梗塞（続発性合併症を含む。）、再発性心筋梗塞,"1. 入院目的: 胸痛とII,III,aVFのST上昇を認め，下壁STEMIとして緊急PCI目的に入院。
2. 主病名: 下壁ST上昇型急性心筋梗塞 → I211（急性下壁心筋梗塞）。
3. 中心治療: 深夜帯の経皮的冠動脈形成術（K546：急性心筋梗塞に対するPCI），心電図・TTE・各種心筋マーカー，心大血管リハビリなど循環器集中管理。
・ECGでII III aVF ST上昇，TIMI3，peak CK 851と典型的な急性下壁STEMIの所見が連日記載されている。
・EFにK546（急性心筋梗塞に対する経皮的冠動脈形成術）が算定されており，本疾患が主要手術の直接対象。
・search結果でI211のDPC6は050030であり，同DPC6のsurgery_k_codesにK5461-3が含まれ，急性心筋梗塞に対するPCIと完全整合。
・入院中の検査・モニタリング・心リハはすべて急性心筋梗塞の評価と二次予防目的であり，医療資源投入の中心病態といえる。
・下壁STEMIかつ部位詳細（下壁）が明記されているため，包括的なI219ではなくI211がより適切。
・他候補（慢性心不全，脂質異常症など）は本疾患の背景・併存として管理されているが，手術・急性期資源の主対象ではない。",x,,分岐なし（xのみ）,,x,,分岐なし（xのみ）,,97,その他の手術（2件のKコードが他パターンに非該当）,"K546(経皮的冠動脈形成術（急性心筋梗塞に対するもの）), K000(深夜加算１（手術）)",x,処置等1の分岐なし,0,"処置等2=0: H000(心大血管疾患リハビリテーション料（１）（１単位）（理学療法士による場合）)[レセ電=180744210, 実施日=2026-06-23;2026-06-24], H000(心大血管疾患リハビリテーション料（１）（１単位）（集団療法による場合）)[レセ電=180744610, 実施日=2026-06-24;2026-06-25;2026-06-26;2026-06-27;2026-06-28;2026-06-29;2026-06-30;2026-07-01]",x,副傷病の分岐なし,,x,重症度の分岐なし (全 x),,050030xx97x0xx,"入院期間I:3日/4151点
入院期間II:12日/2457点
入院期間III:60日/2088点","入院日数12日
入院期間I:4151×3日=12453
入院期間II:2457×9日=22113
合計:34566",34566,selected,,false,false,,050030xx97x0xx,,050030xx97x0xx,1000,同点候補なし,,,
3525233,2026-06-20,2026-07-01,ok,105.2,I501,慢性心不全（Stage B，LVEF保たれた心不全疑い）,左室駆出率の保たれた心不全,0.65,050130,心不全,"1. 入院目的: 下壁STEMIでの緊急PCIだが，背景として慢性心不全 Stage B, LVEF 55% と記載され，入院中も心機能評価・薬物調整が行われている。
2. 主病名: 慢性心不全（Stage B, LVEF保たれる心不全）→ I501（左室駆出率の保たれた心不全）。
3. 中心治療: 継続的な心エコー（TTE）評価，NT-proBNP測定，スピロノラクトンやACE阻害薬導入・調整，心大血管リハビリテーション。
・SOAPで繰り返し「＃慢性心不全（Stage：B，LVEF：55%）」と記載され，6/30のTTEでも拡張不全Grade II疑い，左房圧上昇疑いと心不全関連所見が強調されている。
・スピロノラクトン導入・一旦中止，TTE所見を踏まえた再継続など，入院中の治療計画で一定の医療資源がこの慢性心不全管理に投下されている。
・LVEF保たれた心不全（HFpEF）像であり，search結果からはI501（左室駆出率の保たれた心不全）が最も適合。
・I501のDPC6は050130（心不全）で，心大血管リハやNT-proBNP等の心不全管理とも整合するが，PCIの直接対象は急性心筋梗塞であるため，主傷病としては梗塞に比べ相対的に劣後する。",x,,分岐なし（xのみ）,,x,,分岐なし（xのみ）,,97,その他の手術（2件のKコードが他パターンに非該当）,"K546(経皮的冠動脈形成術（急性心筋梗塞に対するもの）), K000(深夜加算１（手術）)",0,トリガーにマッチする処置コードなし,0,"処置等2=0: H000(心大血管疾患リハビリテーション料（１）（１単位）（理学療法士による場合）)[レセ電=180744210, 実施日=2026-06-23;2026-06-24], H000(心大血管疾患リハビリテーション料（１）（１単位）（集団療法による場合）)[レセ電=180744610, 実施日=2026-06-24;2026-06-25;2026-06-26;2026-06-27;2026-06-28;2026-06-29;2026-06-30;2026-07-01]",0,副傷病なし（AI/EF探索で該当なし）,,x,重症度の分岐なし (全 x),,050130xx97000x,"入院期間I:9日/3140点
入院期間II:18日/2264点
入院期間III:60日/1924点","入院日数12日
入院期間I:3140×9日=28260
入院期間II:2264×3日=6792
合計:35052",35052,rejected,上位候補に劣る,,,,,,,,,,,
3525233,2026-06-20,2026-07-01,ok,105.2,E785,脂質異常症,脂質異常症,0.55,100300,代謝性疾患（糖尿病を除く。）,"1. 入院目的: 直接の契機は下壁STEMIだが，既往歴として脂質異常症があり，入院中LDL低下が不十分なため強化治療が検討・導入されている。
2. 主病名: 脂質異常症 → E785（脂質異常症）。
3. 中心治療: LDL-Cの連日測定，目標LDL-C<55 mg/dLの厳格管理，PCSK9阻害薬（レパーサ）やネキサベロール等の導入検討・実施。
・SOAPでは「＃脂質異常症（目標LDL-C < 55 mg/dL）」「LDLの低下悪い．レパーサかネクセトールを使用する」など，動脈硬化危険因子としての脂質異常症に対し，入院中に治療強化方針が具体的に立てられている。
・複数回の脂質プロファイル採血が実施され，薬剤選択まで踏み込んでおり，単なる背景ではなく，将来イベント予防目的の治療介入として一定の資源が投下されている。
・search結果よりE785は脂質異常症の代表コードで，DPC6は100300（代謝性疾患）とマッピングされるが，今回のK546とは直接結びつかないため，急性心筋梗塞に比べ主傷病候補としては一段低い位置づけとなる。",x,,分岐なし（xのみ）,,x,,分岐なし（xのみ）,,xx,パターン xx,,x,処置等1の分岐なし,0,トリガーにマッチする処置コードなし,x,副傷病の分岐なし,,x,重症度の分岐なし (全 x),,100300xxxxx0xx,,12日 包括対象外,,rejected,包括対象外,,,,,,,,,,,
3525233,2026-06-20,2026-07-01,ok,105.2,M800,閉経後骨粗鬆症（骨折合併なしとみなす骨粗鬆症）,閉経後骨粗鬆症・病的骨折あり,0.4,070370,骨粗鬆症,"1. 入院目的: 下壁STEMIでの緊急PCIだが，既往として骨粗鬆症が記載されており，高齢・心リハ導入症例で転倒リスク管理やADL評価と関連する可能性がある。
2. 主病名: 骨粗鬆症 → M80系。search結果では閉経後骨粗鬆症（M800系）が代表であり，骨折記載はなく，実臨床上は骨折なしの骨粗鬆症として扱われていると推定。
3. 中心治療: 本入院中に骨粗鬆症治療そのものへの大きな介入（注射製剤・手術等）の記載は乏しいが，高齢心疾患患者のリハビリ計画・転倒予防評価において背景病態として考慮されている。
・SOAPで「＃骨粗鬆症」と繰り返し記載され，ADL full・非喫煙など生活背景とともに整理されている。
・DPC6上は070370（骨粗鬆症）に対応し，骨折や椎体形成術等があれば主傷病となりうるカテゴリだが，本症例では明らかな骨折や関連手術KコードはEFにない。
・今回入院では急性冠症候群に比べて投入資源は少なく，主傷病候補としては補助的な位置づけとなるが，高齢心疾患リハビリ症例においては将来的に資源投入が増え得る病態として候補に保持する。",x,,分岐なし（xのみ）,,x,,分岐なし（xのみ）,,97,その他の手術（2件のKコードが他パターンに非該当）,"K546(経皮的冠動脈形成術（急性心筋梗塞に対するもの）), K000(深夜加算１（手術）)",x,処置等1の分岐なし,x,処置等2の分岐なし,x,副傷病の分岐なし,,x,重症度の分岐なし (全 x),,070370xx97xxxx,"入院期間I:10日/2792点
入院期間II:20日/1981点
入院期間III:60日/1684点","入院日数12日
入院期間I:2792×10日=27920
入院期間II:1981×2日=3962
合計:31882",31882,rejected,点数が低い (差 2684),,,,,,,,,,,
3578323,2026-06-19,2026-07-01,ok,139.2,I211,急性下壁心筋梗塞（Type 2 MI、貧血に伴う虚血発作）,急性下壁心筋梗塞,0.78,050030,急性心筋梗塞（続発性合併症を含む。）、再発性心筋梗塞,"1. 入院目的: 血便・高度貧血の精査目的入院だが、入院中に胸痛再燃と心電図変化、心筋酵素の著明上昇を認め、心筋虚血イベントが顕在化した。
2. 主病名: 胸痛・心電図（ⅡⅢaVF ST上昇→T陰転化）、トロポニンI 15813→9600、CK-MB 14→34などから急性心筋梗塞（Type2 MI）と循環器内科で評価されており、下壁領域虚血所見よりI211（急性下壁心筋梗塞）が妥当。
3. 中心治療: 心保護薬開始、呼吸心拍モニタリング、心エコー・心電図・心筋酵素の反復評価に加え、経皮的冠動脈ステント留置術（K549、90%以上狭窄病変K546）を施行し、その後もDAPT開始など循環器的治療が入院後半の中心となっている。
4. 本候補への資源投入: CAG/PCI、集中モニタ、頻回の心筋マーカー測定、循環器内科の継続評価など、侵襲度とコストの高い医療資源が本病態に集中している。
5. ICD-10選択理由: 記載上はType2 MIとされ貧血誘因であるが、心電図の一過性ST上昇とその後のT陰転化、酵素ピークなどは器質的冠動脈病変に伴う急性梗塞像と整合し、かつ90%以上狭窄病変に対するPCIが行われているため、急性心筋梗塞コード（I21x）を用いるのが妥当と判断。
6. DPC6マッピング理由: I211はDPC6「050030 急性心筋梗塞」に対応し、このDPCではK5493（経皮的冠動脈ステント留置術）が手術分岐の中心Kコードであり、EF上のK549・K546と完全に整合する。
7. 競合候補との差分: 狭心症系（I20x）は急性壊死を伴わないが、本症例では酵素著明上昇とST変化があり、また入院終盤のPCIは急性梗塞エピソードを背景とした治療と解釈できるため、単なる狭心症よりも心筋梗塞コードを優先候補とした。",x,,分岐なし（xのみ）,,x,,分岐なし（xのみ）,,97,その他の手術（3件のKコードが他パターンに非該当）,"K549(経皮的冠動脈ステント留置術（その他のもの）), K546(該当する病変（経皮的冠動脈ステント留置術（その他のもの））：イ　心臓カテーテル法における９０％以上の狭窄病変), K546(該当する病変（経皮的冠動脈ステント留置術（その他のもの））：ウ　その他医学的必要性が認められる病変)",x,処置等1の分岐なし,0,トリガーにマッチする処置コードなし,x,副傷病の分岐なし,,x,重症度の分岐なし (全 x),,050030xx97x0xx,"入院期間I:3日/4151点
入院期間II:12日/2457点
入院期間III:60日/2088点","入院日数13日
入院期間I:4151×3日=12453
入院期間II:2457×9日=22113
入院期間III:2088×1日=2088
合計:36654",36654,selected,,true,false,0.82,050030xx97x0xx,050030xx97x0xx,050030xx97x0xx,1000,同点候補あり,入院目的は血便・高度貧血精査だが，入院中に胸痛再燃，ST変化，トロポニンI 15813→9600，CK-MB上昇を伴う心筋梗塞イベントが顕在化し，循環器でType2 MIとして評価。これをターゲットにK549＋K546によるPCIが実施され，心筋酵素フォローやモニタ管理など医療資源の中心となっているため，DPC6=050030（急性心筋梗塞）である候補0を主病名とするのが妥当。,,
3578323,2026-06-19,2026-07-01,ok,139.2,I208,労作性狭心症（高度貧血を誘因とする虚血性心疾患）,労作性狭心症,0.63,050050,狭心症、慢性虚血性心疾患,"1. 入院目的: 血便と高度貧血での精査目的だが、4月頃から労作時胸痛が持続し、入院後も胸痛発作があり循環器内科が『狭心症疑い』『心筋梗塞の疑い』としてフォロー。
2. 主病名: 数ヶ月前からの体動時胸痛、冠動脈石灰化、NT-proBNP高値、T波変化、PCI対象となる90%以上狭窄病変の存在から、基礎に労作性狭心症（I208）があると解釈可能。
3. 中心治療: シグマート（ニコランジル）、スタチン、ACE阻害薬、β遮断薬、DAPTなど狭心症・慢性虚血性心疾患としての薬物療法が導入され、PCI（K549/K546）も慢性的な虚血性病変の治療として位置付けられている。
4. 本候補への資源投入: PCIを含む心カテ関連処置、連日の心電図・心エコー・心筋マーカー測定、内服導入と外来フォロー体制構築など、入院全体を通して虚血性心疾患のマネジメントが継続。
5. ICD-10選択理由: 発症様式は体動時胸痛が主であり、入院前からの慢性的症状・冠石灰化所見を考えると、急性梗塞に至る以前からの労作性狭心症としてI208を候補に置くのが妥当。急性イベント（I211）と同一連続線上の病態であり、DPC上は050050群に対応。
6. DPC6マッピング理由: I208はDPC6「050050 狭心症、慢性虚血性心疾患」に対応し、この群でもK5493等のPCIが手術分岐に含まれ、EFのK549/K546と技術的には整合するため、主病名として採用されてもDPC上矛盾はない。
7. 競合候補との差分: 急性梗塞（I211）は今回入院中のピークイベントであるのに対し、I208は入院前から続く基礎心疾患。実際の資源投入（特にPCI）がどちらのコードで評価されるかが争点となるため、急性梗塞コードと並列の有力候補として残す。",x,,分岐なし（xのみ）,,x,,分岐なし（xのみ）,,97,その他の手術（3件のKコードが他パターンに非該当）,"K549(経皮的冠動脈ステント留置術（その他のもの）), K546(該当する病変（経皮的冠動脈ステント留置術（その他のもの））：イ　心臓カテーテル法における９０％以上の狭窄病変), K546(該当する病変（経皮的冠動脈ステント留置術（その他のもの））：ウ　その他医学的必要性が認められる病変)",x,処置等1の分岐なし,0,トリガーにマッチする処置コードなし,x,副傷病の分岐なし,,x,重症度の分岐なし (全 x),,050050xx97x0xx,"入院期間I:3日/4085点
入院期間II:7日/2612点
入院期間III:30日/2220点","入院日数13日
入院期間I:4085×3日=12255
入院期間II:2612×4日=10448
入院期間III:2220×6日=13320
合計:36023",36023,rejected,点数が低い (差 631),,,,,,,,,,,
3578323,2026-06-19,2026-07-01,ok,139.2,D509,出血性鉄欠乏性貧血（消化管出血疑いによる高度貧血）,鉄欠乏性貧血,0.7,130090,貧血（その他）,"1. 入院目的: 『貧血精査目的』入院であり、受診時Hb3.8〜3.9と高度貧血を呈し、血便の既往から消化管出血が疑われている。
2. 主病名: 採血で低Hb、低MCV/MCH、低フェリチン、低Fe/高UIBCを認め、SOAP_Aに『出血性貧血 鉄欠乏性貧血』と繰り返し記載されており、原発病名としてD509（鉄欠乏性貧血）が最も適合。
3. 中心治療: 保存血輸血（K920複数回、管理料・交差試験等）、鉄剤投与（フェジン）、モニタリング、TCS/EGDによる出血源検索が入院前半の主軸であり、多量の医療資源がこの貧血是正に向けられている。
4. 本候補への資源投入: K920関連一連（輸血、検査加算、輸血管理料）、大量採血検査、低残渣食など、入院日から連日貧血のフォローが行われており、心筋虚血（Type2 MI）もこの高度貧血が誘因と循環器内科が評価している。
5. ICD-10選択理由: 鉄欠乏性の所見が明確であり、他の特定原因（悪性腫瘍、感染など）は見つからず、消化管出血源も不明なため、「鉄欠乏性貧血、詳細不明」としてD509がマスターに一致する。『出血性貧血』単独コード（D500）は原因不明の出血を強く示唆するが、本症例では鉄代謝異常も明瞭なため鉄欠乏性を優先。
6. DPC6マッピング理由: D509はDPC6「130090 貧血（その他）」に対応し、EFのK920（輸血）がこの群の典型的な資源投入であり、入院前半の経過とよく整合する。
7. 競合候補との差分: 急性心筋梗塞（I211）は入院後半の侵襲的治療の中心だが、その誘因となった高度貧血自体も輸血・検査・内視鏡など大きな資源を要しており、原疾患側の主病名候補として独立に成立する。",x,,分岐なし（xのみ）,,x,,分岐なし（xのみ）,,97,その他の手術（3件のKコードが他パターンに非該当）,"K549(経皮的冠動脈ステント留置術（その他のもの）), K546(該当する病変（経皮的冠動脈ステント留置術（その他のもの））：イ　心臓カテーテル法における９０％以上の狭窄病変), K546(該当する病変（経皮的冠動脈ステント留置術（その他のもの））：ウ　その他医学的必要性が認められる病変)",x,処置等1の分岐なし,0,トリガーにマッチする処置コードなし,x,副傷病の分岐なし,,x,重症度の分岐なし (全 x),,130090xx97x0xx,"入院期間I:4日/3362点
入院期間II:9日/2226点
入院期間III:30日/1892点","入院日数13日
入院期間I:3362×4日=13448
入院期間II:2226×5日=11130
入院期間III:1892×4日=7568
合計:32146",32146,rejected,点数が低い (差 4508),,,,,,,,,,,
3578323,2026-06-19,2026-07-01,ok,139.2,K922,消化管出血疑い（血便の既往を伴う消化管出血、出血源不明）,消化管出血,0.48,060130,食道、胃、十二指腸、他腸の炎症（その他良性疾患）,"1. 入院目的: 数ヶ月前からの血便と高度貧血を背景に『出血性貧血』『下部消化管出血疑い』として入院し、上下部内視鏡で出血源検索が行われた。
2. 主病名: SOAP_Aで一貫して『下部消化管出血疑い』と記載され、血便の既往を伴うことから、原因不明ではあるが消化管出血（K922）の包括コードが病態カテゴリとして最も近い。
3. 中心治療: TCS（D313）およびEGD（D308）を施行し、食事制限やモニタリングを含めて出血フォローが行われた。貧血精査の一環として、出血検索に相応の検査資源が投下されている。
4. 本候補への資源投入: 内視鏡検査2件（上下部）、造影CT、連日便性状確認など、診断目的ながら高コスト検査が施行されており、原因疾患カテゴリとしての消化管出血も最資源投入病名候補となり得る。
5. ICD-10選択理由: 出血源が同定されていないため、特定の潰瘍や憩室出血コードよりも、包括的な『消化管出血 K922』がカルテ記載『下部消化管出血疑い』『消化管出血』に整合する。疑いレベルだが、実際に輸血と内視鏡が実施されていることから候補に含める。
6. DPC6マッピング理由: K922はDPC6「060130 食道、胃、十二指腸、他腸の炎症（その他良性疾患）」に対応し、この群では上下部消化管内視鏡（D313, D308に対応する各種K52x/K65x系手術）が典型的であり、本症例の内視鏡検査歴とも大枠で整合する。
7. 競合候補との差分: D509（鉄欠乏性貧血）は同じ入院前半に資源を要しているが、より具体的な病名であり、K922はその背景カテゴリ。直接の治療対象としては貧血是正が中心であったため、やや低めのconfidenceとしたが、原疾患グループとしてのDPC選択余地を考え候補に残した。",x,,分岐なし（xのみ）,,x,,分岐なし（xのみ）,,97,その他の手術（3件のKコードが他パターンに非該当）,"K549(経皮的冠動脈ステント留置術（その他のもの）), K546(該当する病変（経皮的冠動脈ステント留置術（その他のもの））：イ　心臓カテーテル法における９０％以上の狭窄病変), K546(該当する病変（経皮的冠動脈ステント留置術（その他のもの））：ウ　その他医学的必要性が認められる病変)",0,トリガーにマッチする処置コードなし,0,トリガーにマッチする処置コードなし,x,副傷病の分岐なし,,x,重症度の分岐なし (全 x),,060130xx9700xx,"入院期間I:5日/3228点
入院期間II:9日/2255点
入院期間III:30日/1917点","入院日数13日
入院期間I:3228×5日=16140
入院期間II:2255×4日=9020
入院期間III:1917×4日=7668
合計:32828",32828,rejected,点数が低い (差 3826),,,,,,,,,,,
3578323,2026-06-19,2026-07-01,ok,139.2,N183,慢性腎臓病ステージG3（軽度〜中等度腎機能障害）,慢性腎臓病ステージＧ３,0.42,110280,慢性腎炎症候群・慢性間質性腎炎・慢性腎不全,"1. 入院目的: 主目的は貧血・消化管出血精査だが、入院時からeGFR 30〜40台、クレアチニン1.4前後と持続する腎機能障害があり、造影検査・PCIのリスク評価に大きく影響している。
2. 主病名: カルテ上『腎機能障害』と記載があり、入院全期間でCr 1.1〜1.47、eGFR 37〜47程度で推移しており、CKD G3相当の慢性腎臓病（N183）がもっとも整合する。
3. 中心治療: 造影CTおよびPCI時の造影剤負荷に際し、点滴量・薬剤選択（ACEI/β遮断薬など）を含め腎機能を意識した管理が行われ、血液検査も頻回にフォローされている。
4. 本候補への資源投入: CKD自体への特別な手術はないが、複数回の血液化学検査、造影時の輸液管理、薬剤調整など入院全体の治療計画に影響し、医療資源消費の一因となっている。
5. ICD-10選択理由: eGFR 37〜47という所見からCKD G3（N183）が適切であり、一過性腎障害よりも慢性基礎疾患として扱うのが自然。『腎機能障害』という症状的表現（N289等）より、ステージ分類されたCKDコードを採用した。
6. DPC6マッピング理由: N183はDPC6「110280 慢性腎炎症候群・慢性間質性腎炎・慢性腎不全」に対応し、この群では特に造影検査・循環器治療時の腎管理が問題となる症例が多く、本症例の位置づけとも矛盾しない。
7. 競合候補との差分: 心筋梗塞や鉄欠乏性貧血に比べると、CKDは今回入院で最も資源を投下した病名ではないが、造影・PCI戦略に大きく影響した基礎疾患として、条件次第ではDPC主病名に選択され得るため、低〜中程度のconfidenceで候補に含めた。",x,,分岐なし（xのみ）,,x,,分岐なし（xのみ）,,97,その他の手術（3件のKコードが他パターンに非該当）,"K549(経皮的冠動脈ステント留置術（その他のもの）), K546(該当する病変（経皮的冠動脈ステント留置術（その他のもの））：イ　心臓カテーテル法における９０％以上の狭窄病変), K546(該当する病変（経皮的冠動脈ステント留置術（その他のもの））：ウ　その他医学的必要性が認められる病変)",x,処置等1の分岐なし,0,トリガーにマッチする処置コードなし,1,副傷病あり（value=1）,"[カルテ記事] J90(胸水，他に分類されないもの) 根拠: 2026-06-26の心エコー所見で「右胸水あり」と記載があり、入院中に新たに認めた胸水として胸水（他に分類されないもの）に該当すると判断した。 引用: [2026-06-26 15:24] 入院医師記録（循環器内科）
SOAP_O:…心膜液なし。右胸水あり。; [2026-06-19 16:06] ＣＴ（胸･腹部(単純)）…胸水の貯留はありません。 判断: 入院時CTでは胸水なしだが、6/26心エコーで「右胸水あり」と新規出現しており、今回入院中の胸水としてJ90に該当すると判断した。",x,重症度の分岐なし (全 x),,110280xx97x01x,"入院期間I:12日/3073点
入院期間II:25日/2163点
入院期間III:60日/1838点","入院日数13日
入院期間I:3073×12日=36876
入院期間II:2163×1日=2163
合計:39039",39039,rejected,上位候補に劣る,,,,,,,,,,,
3616123,2026-05-28,2026-06-07,ok,52.7,I48.1,長期持続性心房細動,長期持続性心房細動,0.82,050070,頻脈性不整脈,"1. 入院目的: 抗不整脈薬無効となった長期持続性心房細動に対するカテーテルアブレーション再試行のための入院。
2. 主病名: カルテ診断名「長期持続性心房細動 カテーテルアブレーション術後の再発」→ ICD-10 I48.1（長期持続性心房細動）を選択。
3. 中心治療: 経皮的カテーテル心筋焼灼術（K595）および全身麻酔、術前後の心電図・血液検査・呼吸心拍モニタリング。
- 発作的動悸の原因であり、入院・手術の直接の対象病態である。
- 抗不整脈薬（ベプリコール、タンボコール、β遮断薬）無効後の侵襲的治療であり、医療資源投入が大きい。
- I48.1 は長期持続性/持続性心房細動のコードで、カルテ表現と合致し、心不全や弁膜症等の修飾は記載されていない。
- DPC6 050070「頻脈性不整脈」は心房細動に対するカテーテルアブレーション（K5951/2/3など）を手術分岐に含んでおり、本症例のK595と整合する。
- ペースメーカー植込み（K597）も不整脈管理の一環だが、入院の主目的は心房細動アブレーションであり、本候補が最資源投入病名として最も典型的である。",x,,分岐なし（xのみ）,,x,,分岐なし（xのみ）,,97,その他の手術（2件のKコードが他パターンに非該当）,"K595(経皮的カテーテル心筋焼灼術（心房中隔穿刺又は心外膜アプローチを伴うもの）), K597(ペースメーカー移植術（経静脈電極の場合）)",0,トリガーにマッチする処置コードなし,0,トリガーにマッチする処置コードなし,x,副傷病の分岐なし,,x,重症度の分岐なし (全 x),,050070xx9700xx,"入院期間I:5日/3160点
入院期間II:9日/2242点
入院期間III:30日/1905点","入院日数11日
入院期間I:3160×5日=15800
入院期間II:2242×4日=8968
入院期間III:1905×2日=3810
合計:28578",28578,selected,,false,false,,050070xx9700xx,,050070xx9700xx,1000,同点候補なし,,,
3616123,2026-05-28,2026-06-07,ok,52.7,T82.1,ペースメーカー植込み後状態（徐脈性不整脈に対するペースメーカー移植術）,ペースメーカ不全,0.55,050210,徐脈性不整脈,"1. 入院目的: カルテ本文には明記されていないが、EF上K597ペースメーカー移植術が施行されており、徐脈性不整脈またはデバイス関連の問題に対する治療が並行して行われた可能性がある。
2. 主病名: ペースメーカー治療対象となる徐脈性不整脈またはペースメーカ不全 → ICD-10 T82.1（ペースメーカ不全）を代表コードとして設定。
3. 中心治療: K597 ペースメーカー移植術（経静脈電極）、術前後の心電図、全身麻酔は別経路（L008は主にK595に対応と思われるが、デバイス手技自体も高侵襲）。
- EFにK597が記載されており、DPC上は「徐脈性不整脈 050210」の手術分岐に含まれるため、ペースメーカ関連病態にも相当な医療資源が投下されている可能性が高い。
- 心電図で心房・心室ペーシングが確認されており、本入院中にデバイス植込みまたはリード操作が行われたことを示唆する。
- カルテ上、ペースメーカ不全や徐脈性不整脈の明示はないため主病名としての確度は心房細動より低いが、K597がDPC6 050210「徐脈性不整脈」と整合し、最資源投入病名の競合候補となりうる。
- T82.1はデバイス不全を示すコードであり、徐脈性不整脈そのもの（I49系）を主コードとする選択もありうるが、ここではペースメーカー治療の直接対象病態群を代表させて候補として保持する。",x,,分岐なし（xのみ）,,x,,分岐なし（xのみ）,,97,その他の手術（2件のKコードが他パターンに非該当）,"K595(経皮的カテーテル心筋焼灼術（心房中隔穿刺又は心外膜アプローチを伴うもの）), K597(ペースメーカー移植術（経静脈電極の場合）)",0,トリガーにマッチする処置コードなし,0,トリガーにマッチする処置コードなし,x,副傷病の分岐なし,,x,重症度の分岐なし (全 x),,050210xx9700xx,"入院期間I:4日/3063点
入院期間II:9日/2173点
入院期間III:30日/1847点","入院日数11日
入院期間I:3063×4日=12252
入院期間II:2173×5日=10865
入院期間III:1847×2日=3694
合計:26811",26811,rejected,点数が低い (差 1767),,,,,,,,,,,
3734971,2026-05-29,2026-06-10,ok,93.6,E16.2,低血糖発作（シベンゾリン過量投与と飢餓による）,低血糖発作,0.78,100210,低血糖症,"1. 入院目的: 「低血糖発作、尿路感染症、廃用症候群の治療」と明記されており、来院時血糖20mg/dLでブドウ糖静注を要した急性低血糖が入院の直接契機。
2. 主病名: カルテ記載「低血糖」「低血糖発作」より、糖尿病既往なし・薬剤/飢餓性の急性低血糖としてE16.2（低血糖発作）が妥当。
3. 中心治療: ER〜入院初期に20％ブドウ糖静注、持続点滴（ソルアセトD、ビーフリード）、頻回血糖測定、内分泌・膵関連検査、シベンゾリン中止と血中濃度測定、refeeding high risk管理。
・入院契機そのものであり、初期の検査・点滴・モニタリングなど医療資源投入の主因。
・糖尿病はなく経口血糖降下薬も不使用であり、飢餓＋抗不整脈薬シベンゾリン過量が原因と評価されているため、「薬剤性・その他の低血糖」としてE16.2が適合。
・DPC6ではE16.2→100210「低血糖症」に対応し、今回の点滴加療・モニタリングのみの経過とも整合。
・他候補（尿路感染症、廃用症候群）も治療対象だが、急性の救急搬送要因である点で本候補は資源投入の起点となっている。",x,,分岐なし（xのみ）,,x,,分岐なし（xのみ）,,xx,パターン xx,,x,処置等1の分岐なし,x,処置等2の分岐なし,x,副傷病の分岐なし,,x,重症度の分岐なし (全 x),,100210xxxxxxxx,"入院期間I:2日/3184点
入院期間II:5日/2297点
入院期間III:30日/1952点","入院日数13日
入院期間I:3184×2日=6368
入院期間II:2297×3日=6891
入院期間III:1952×8日=15616
合計:28875",28875,rejected,点数が低い (差 5638),,,,,,,,,,,
3734971,2026-05-29,2026-06-10,ok,93.6,N39.0,単純性尿路感染症,尿路感染症,0.8,110310,腎臓又は尿路の感染症,"1. 入院目的: 入院初診で「尿路感染症」治療目的と記載され、来院時に細菌尿ありとされている。
2. 主病名: カルテでは単に「尿路感染症」とのみ記載で上部/下部・閉塞等の記載なく、N39.0（尿路感染症，部位不明・単純性）を包括的に用いるのが妥当。
3. 中心治療: 第3世代セファロスポリン系抗菌薬CMZ静注を6/3まで継続、尿検査・培養、薬剤感受性検査、全身状態・炎症反応のモニタリングなど、入院期間を通じた継続治療が行われた。
・食思不振・低栄養に加えて尿路感染症の合併が入院適応とされており、抗菌薬投与や培養検査等の医療資源投入が一定期間継続している。
・明らかな腎盂腎炎や敗血症への進展所見はなく、膀胱炎を含む下部尿路感染を包括するN39.0が適切。
・DPC6では110310「腎臓又は尿路の感染症」に対応し、今回の抗菌薬静注中心の入院内容と矛盾しない。
・低血糖発作と並び、入院中の治療期間・検査量の面で資源投入が大きく、最資源投入病名候補として有力。",x,,分岐なし（xのみ）,,x,,分岐なし（xのみ）,,99,手術なし,,x,処置等1の分岐なし,x,処置等2の分岐なし,x,副傷病の分岐なし,,x,重症度の分岐なし (全 x),,110310xx99xxxx,"入院期間I:6日/3232点
入院期間II:11日/2257点
入院期間III:30日/1918点","入院日数13日
入院期間I:3232×6日=19392
入院期間II:2257×5日=11285
入院期間III:1918×2日=3836
合計:34513",34513,selected,,false,false,,110310xx99xxxx,,110310xx99xxxx,1000,同点候補なし,,,
3734971,2026-05-29,2026-06-10,ok,93.6,M62.59,廃用症候群（ADL低下に対するリハビリテーション目的）,廃用症候群,0.7,070320,筋拘縮・萎縮（その他）,"1. 入院目的: 入院初診で「廃用症候群の治療」とされ、体動困難・ADL低下が主訴に位置付けられている。
2. 主病名: 診断名として明示された「廃用症候群」より、ICD-10ではM62.59（廃用症候群：筋萎縮・筋機能低下に伴う状態）が直接対応。
3. 中心治療: 廃用症候群リハビリテーション料（理学療法士・作業療法士）、早期リハビリテーション加算、リハ総合計画評価料など、入院中継続的にリハビリ資源が投入されている。
・2025年からの倦怠感・息切れ・認知機能低下に伴うADL悪化があり、今回入院では運動機能回復と在宅復帰に向けた評価・訓練が大きな目的となっている。
・大規模検査や手術はなく、リハビリを中心とした人的・時間的資源投入が大きいことから、病名としての廃用症候群も最資源投入病名候補として成立。
・DPC6コード070320「筋拘縮・萎縮（その他）」に対応し、廃用リハビリ算定と整合的である。
・急性病態（低血糖、尿路感染症）の治療後も転院までリハビリが続いており、入院後半の主テーマとしての重みがある。",x,,分岐なし（xのみ）,,x,,分岐なし（xのみ）,,99,手術なし,,x,処置等1の分岐なし,x,処置等2の分岐なし,x,副傷病の分岐なし,,x,重症度の分岐なし (全 x),,070320xx99xxxx,"入院期間I:11日/2643点
入院期間II:22日/1875点
入院期間III:60日/1594点","入院日数13日
入院期間I:2643×11日=29073
入院期間II:1875×2日=3750
合計:32823",32823,rejected,点数が低い (差 1690),,,,,,,,,,,
3734971,2026-05-29,2026-06-10,ok,93.6,I50.9,心不全疑い（左室流出路狭窄・僧帽弁逆流中等症を伴う）,心不全,0.45,050130,心不全,"1. 入院目的: 元々「心雑音の精査目的」で循環器外来紹介予定であり、入院中も「心不全疑い」として心エコー・循環器コンサルトが行われた。
2. 主病名: 心不全症状は乏しく「疑い」レベルだが、検査目的で心機能評価が行われ、NT-proBNP上昇・弁膜症所見などを認めているため、包括コードとしてI50.9（心不全，詳細不明）を鑑別的候補として保持。
3. 中心治療: 経胸壁心エコー、NT-proBNP測定、心筋トロポニンI・CK-MB、心電図など循環器検査に一定の資源が割かれているが、利尿薬など明確な心不全治療は行われていない。
・心エコーで左室流出路狭窄・中等度僧帽弁逆流・左房拡大・心膜液貯留を認め、基礎に弁膜症・構造的心疾患があることが示唆される。
・しかしNT-proBNP高値でも「心不全症状なし」「利尿剤は不要」と判断されており、今回入院では心不全そのものより評価目的が中心で治療資源は限定的。
・DPC6では050130「心不全」に対応し、将来の入院では主病名となりうるが、今回は主たる資源投入先ではないため、やや低めの候補として残す。",x,,分岐なし（xのみ）,,x,,分岐なし（xのみ）,,99,手術なし,,0,トリガーにマッチする処置コードなし,0,トリガーにマッチする処置コードなし,x,副傷病の分岐なし,,0,"branch=0 label=他の病院・診療所の病棟からの転院以外 / 自宅を訪問した在宅サービスから救急要請され救急車で当院へ搬送されており，他院病棟から当院病棟への転院ではない。 (verifier 不整合あり, best-effort 採用: ['conclusion_label_mismatch'])",[2026-05-29]5月29日、予約時間になっても受診なく当院外来センターから楢原医院に連絡。楢原医院からササエリアに訪問依頼あり、自宅訪問すると自宅内で横になっていた…救急要請するように指示が有り当院へ搬送となった。; [2026-05-29]来院手段：救急車…楢原医院からササエリアに訪問依頼あり、自宅訪問すると自宅内で横になっていた。…救急要請するように指示が有り要請。,050130xx9900x0,"入院期間I:7日/3150点
入院期間II:14日/2242点
入院期間III:60日/1906点","入院日数13日
入院期間I:3150×7日=22050
入院期間II:2242×6日=13452
合計:35502",35502,rejected,上位候補に劣る,,,,,,,,,,,
3734971,2026-05-29,2026-06-10,ok,93.6,D52.9,大球性貧血（栄養障害疑い）,大球性貧血,0.4,130090,貧血（その他）,"1. 入院目的: 入院目的として明示はされていないが、経過中に貧血が指摘され精査（鉄・フェリチン・ビタミンB12・葉酸等）が行われた。
2. 主病名: 「軽度貧血あり」「大球性パターン」と記載され、長期栄養不足が疑われているため、形態学的診断としてD52.9（大球性貧血，詳細不明）が最もカルテ記載に近い。
3. 中心治療: 輸血や特異的治療は行われていないが、多項目血液検査や鉄代謝・ビタミン測定など、検査資源が投入されている。
・Hb 8 g/dL台、MCV 107 fl台の大球性貧血があり、栄養障害精査の一環として消化管内視鏡検査も今後の課題とされている。
・ただし今回入院の主目的（低血糖・尿路感染症・廃用症候群）に比べると、貧血は付随的な評価に留まり入院を規定する要因ではない。
・DPC6では130090「貧血（その他）」に対応し、検査中心で手術・輸血がない今回の経過とも整合。
・独立して最資源投入病名となるには弱いが、検査量と将来の精査予定を踏まえ補助的候補として保持する。",x,,分岐なし（xのみ）,,x,,分岐なし（xのみ）,,99,手術なし,,x,処置等1の分岐なし,0,トリガーにマッチする処置コードなし,x,副傷病の分岐なし,,x,重症度の分岐なし (全 x),,130090xx99x0xx,"入院期間I:3日/3389点
入院期間II:8日/2219点
入院期間III:30日/1886点","入院日数13日
入院期間I:3389×3日=10167
入院期間II:2219×5日=11095
入院期間III:1886×5日=9430
合計:30692",30692,rejected,点数が低い (差 3821),,,,,,,,,,,
3778985,2026-05-13,2026-06-13,ok,104.2,K83.8,膵頭部癌による閉塞性黄疸,肝外閉塞性黄疸,0.82,060340,胆管（肝内外）結石、胆管炎,"1. 入院目的: 「膵頭部癌に伴う閉塞性黄疸に対する減黄目的入院」「入院中にERCPを」と明記。
2. 主病名: カルテ上「閉塞性黄疸」「膵頭部癌」。黄疸・肝胆道系酵素上昇と胆管拡張があり、腫瘍による肝外胆道閉塞としてK83.8肝外閉塞性黄疸が適合。
3. 中心治療: ERCPによるEST＋金属ステント(SEMS)＋EGBS留置(K688相当)、入院前半は減黄目的の処置・採血フォローが中心。
- 本入院の直接の契機は化学療法中の肝胆道系酵素上昇とCTでの胆管拡張であり、閉塞性黄疸の解除が主目的。
- ERCP＋胆道ステント留置という侵襲的内視鏡治療に加え、その後も肝胆道系酵素の推移を踏まえた連日の採血・画像フォローが行われ、医療資源投入が大きい。
- DPC上、K83.8は060340（胆管結石・胆管炎等）にマップされ、その手術Kコード群にK688（内視鏡的胆道ステント留置術）が含まれており、EFのK688と整合。
- 逆行性胆管炎疑い・うっ血性心不全など合併病態もあるが、入院前半の資源投入の核は減黄であり、全入院ストーリーの起点として最資源投入病名候補として成立する。
- 近接候補である膵頭部癌(C25.0)は原疾患として重要だが、今回入院での侵襲的処置の直接対象は黄疸・胆道狭窄である点で役割が分かれる。",x,,分岐なし（xのみ）,,x,,分岐なし（xのみ）,,03,パターン 03（必須Kコード 1 マッチ）,K688(内視鏡的胆道ステント留置術),x,処置等1の分岐なし,0,トリガーにマッチする処置コードなし,0,トリガーに該当する副傷病なし,,x,重症度の分岐なし (全 x),,060340xx03x00x,"入院期間I:4日/3233点
入院期間II:7日/2294点
入院期間III:30日/1950点","入院日数32日
入院期間I:3233×4日=12932
入院期間II:2294×3日=6882
入院期間III:1950×23日=44850
合計:64664",64664,rejected,点数が低い (差 11265),,,,,,,,,,,
3778985,2026-05-13,2026-06-13,ok,104.2,C25.0,膵頭部癌,膵頭部癌,0.7,06007x,膵臓、脾臓の腫瘍,"1. 入院目的: 直接の目的は閉塞性黄疸だが、現病歴に「膵頭部癌に対して化学療法中」「膵癌による閉塞性黄疸が疑われ」とあり、入院病態全体の背景に膵頭部癌がある。
2. 主病名: カルテ上「膵頭部癌 stage T3N0M0 stageⅡa」「膵癌」。部位特定されておりC25.0膵頭部癌が妥当。
3. 中心治療: 本入院中に化学療法はされていないが、閉塞性黄疸・胆管炎の原因腫瘍として精査・予後評価、TAVI適応検討時の原疾患として繰り返し議論され、多数の造影CT・エコー等が施行。
- 膵頭部癌は閉塞性黄疸や逆行性胆管炎の原疾患であり、減黄処置や今後の化学療法・TAVI方針決定の根底にある病態。
- 造影CTでは膵頭部40mm腫瘍、下大静脈・腹部大動脈浸潤ありと記載され、予後評価・治療方針決定に向けた画像検査が今回入院でも反復されている。
- DPC上は06007x（膵臓、脾臓の腫瘍）に属し、将来的な膵頭十二指腸切除等のKコードと連動し得る腫瘍DPCであり、原疾患ベースで最資源投入病名とするシナリオも想定可能。
- もっとも、今回入院単体では腫瘍そのものへの直接治療（手術・化学療法）は行っておらず、主な資源投入は合併症（黄疸・感染・心不全）に向かっているため、confidenceはやや控えめとした。",x,,分岐なし（xのみ）,,x,,分岐なし（xのみ）,,97,その他の手術（1件のKコードが他パターンに非該当）,K688(内視鏡的胆道ステント留置術),x,処置等1の分岐なし,0,トリガーにマッチする処置コードなし,x,副傷病の分岐なし,,x,重症度の分岐なし (全 x),,06007xxx97x0xx,"入院期間I:5日/3237点
入院期間II:10日/2297点
入院期間III:30日/1952点","入院日数32日
入院期間I:3237×5日=16185
入院期間II:2297×5日=11485
入院期間III:1952×20日=39040
合計:66710",66710,rejected,点数が低い (差 9219),,,,,,,,,,,
3778985,2026-05-13,2026-06-13,ok,104.2,I50.0,うっ血性心不全（HFpEF）,うっ血性心不全,0.75,050130,心不全,"1. 入院目的: 当初は胆道系だが、5/21以降の熱発・酸素需要出現を契機に「酸素化不良、BNP高値」「うっ血性心不全、HFpEF61%」として循環器内科へ紹介され、以後心不全管理が大きなテーマとなる。
2. 主病名: 診断欄に「＃うっ血性心不全、HFpEF61%」「# 慢性心不全」と繰り返し記載され、BNP約3000、CTR61%、肺うっ血、小量胸水、拡張不全grade II など典型的所見。高血圧性心不全の明示はなく、I50.0うっ血性心不全が最適。
3. 中心治療: 連日フロセミド静注、アゾセミド・スピロノラクトン導入・増減調整、酸素投与(J024)、心エコー複数回、心電図・心不全マーカー(NT-proBNP/BNP)多数、循環器コンサルト・弁膜症カンファレンスなど、多数の人的・時間的資源が心不全評価・管理に投入。
- 感染症を契機とした急性増悪だが、COPDではなく心不全が主因と判断され、以後の管理の中心となっている。
- 酸素需要が持続し、心不全が改善しないと化学療法継続も困難であり、予後・治療戦略（TAVIの適応）を左右する要因として扱われている。
- ICD-10 I50.0はDPC6 050130「心不全」に対応し、将来のTAVI時には心不全DPC分岐や術前管理の主病名として選択される可能性もあるレベルの重症度。
- 胆道系病態が入院前半の中心であったのに対し、心不全は入院後半の資源投入の中心であり、全体としても最資源投入病名の強い候補と見なしうる。",x,,分岐なし（xのみ）,,x,,分岐なし（xのみ）,,97,その他の手術（1件のKコードが他パターンに非該当）,K688(内視鏡的胆道ステント留置術),0,トリガーにマッチする処置コードなし,0,トリガーにマッチする処置コードなし,0,トリガーに該当する副傷病なし,,x,重症度の分岐なし (全 x),,050130xx97000x,"入院期間I:9日/3140点
入院期間II:18日/2264点
入院期間III:60日/1924点","入院日数32日
入院期間I:3140×9日=28260
入院期間II:2264×9日=20376
入院期間III:1924×14日=26936
合計:75572",75572,rejected,点数が低い (差 357),,,,,,,,,,,
3778985,2026-05-13,2026-06-13,ok,104.2,I35.0,重症大動脈弁狭窄症（二尖弁）,大動脈弁狭窄症,0.7,050080,弁膜症（連合弁膜症を含む。）,"1. 入院目的: 当初は胆道系だが、入院中の心不全増悪を契機に二尖弁重症大動脈弁狭窄症が精査され、「急変・突然死リスク」「TAVI適応検討」として入院後半の大きなテーマとなる。
2. 主病名: 心エコーでPSV≈4.0–4.1m/s、mPG 39mmHg、AVA 0.73–0.83cm²、二尖弁Type1と記載され、moderate〜severe ASと診断。リウマチ性の記載はなく、I35.0大動脈弁狭窄症が適切。
3. 中心治療: 本入院中に弁置換/TAVI自体は未施行だが、TAVI candidateとして詳細な心エコー複数回、冠動脈CTを含むTAVIプロトコール造影CT、弁膜症カンファレンス開催、ACP・家族面談など、将来の侵襲的治療に向けたかなり集中的な評価・準備が行われた。
- ASはうっ血性心不全・肺高血圧の基礎心疾患であり、化学療法継続を困難にしている主因として扱われている。
- 6/30にTAVI施行予定と決定されるなど、この入院はAS治療戦略の立案・準備入院としての側面も有しており、検査・コンサルト・会議といった人的資源投入が大きい。
- ICD-10 I35.0はDPC6 050080弁膜症に対応し、TAVI（K554-21/22, K555-31/32など）と直接連携するDPC区分の主傷病候補になる。
- 今回入院中に手術Kコードはまだ付いていないが、TAVI前評価という文脈を重視すると、心不全(I50.0)と並んで循環器側から主病名として採用されてもおかしくない。",x,,分岐なし（xのみ）,,x,,分岐なし（xのみ）,,97,その他の手術（1件のKコードが他パターンに非該当）,K688(内視鏡的胆道ステント留置術),x,処置等1の分岐なし,0,トリガーにマッチする処置コードなし,x,副傷病の分岐なし,,x,重症度の分岐なし (全 x),,050080xx97x0xx,"入院期間I:7日/3272点
入院期間II:17日/2331点
入院期間III:60日/1981点","入院日数32日
入院期間I:3272×7日=22904
入院期間II:2331×10日=23310
入院期間III:1981×15日=29715
合計:75929",75929,selected,,true,false,0.62,050080xx97x0xx,050080xx97x0xx,050080xx97x0xx,1000,同点候補あり,入院目的は「膵頭部癌による閉塞性黄疸に対する加療」であり、実際に行われたK688内視鏡的胆道ステント留置術のターゲットは胆道閉塞＝心不全の基礎となる構造心疾患ではなく、胆道系である。本症例に心不全増悪はあるが、DPC注意事例の通り原疾患が明らかな場合にI50を医療資源病名とすべきでないこと、候補1自身も「原疾患が明確なら心不全は主病名としない」旨を示している点から、心不全(I50.0)より基礎疾患側である弁膜症DPC(050080)を採用するのがより妥当と判断する。ただしカルテでは弁膜症精査・TAVI準備の詳細記載は要確認であり、自信度は中程度。,,
3800845,2026-06-13,2026-06-23,ok,64.6,I472,持続性心室頻拍,持続性心室頻拍,0.9,050070,頻脈性不整脈,"1. 入院目的: 救外でショックバイタルとWide QRS HR176を認め、持続性心室頻拍疑いに対する加療・精査目的で循環器内科へ緊急入院。
2. 主病名: カルテ上の診断「＃1：持続性心室頻拍」に対応し、ICD-10 は I472（持続性心室頻拍）と解釈。
3. 中心治療: 抗不整脈薬静注（シンビット）、心電図・採血・心エコーなどの精査、入院中モニタリング、心大血管疾患リハビリテーション、および経皮的カテーテル心筋焼灼術（K595）。
・ショックバイタルを呈したWide QRS頻脈が入院契機であり、循環器による集中的評価とアブレーションまで実施されており、今回入院で最も医療資源が投入された病態と考えられる。
・I472 は心室頻拍・持続性心室頻拍を直接表し、器質的心疾患の記載は乏しく、二次的な心筋梗塞などの記述もないため、単独の頻脈性不整脈としてコーディングするのが妥当。
・DPC6「050070 頻脈性不整脈」は I472 に対応し、手術分岐にK5951/K5952などの心筋焼灼術が含まれており、本症例のK595（経皮的カテーテル心筋焼灼術）と整合する。頻脈性不整脈に対する根治的アブレーション入院として典型像である。",x,,分岐なし（xのみ）,,x,,分岐なし（xのみ）,,97,その他の手術（1件のKコードが他パターンに非該当）,K595(経皮的カテーテル心筋焼灼術（その他のもの）),0,トリガーにマッチする処置コードなし,0,トリガーにマッチする処置コードなし,x,副傷病の分岐なし,,x,重症度の分岐なし (全 x),,050070xx9700xx,"入院期間I:5日/3160点
入院期間II:9日/2242点
入院期間III:30日/1905点","入院日数11日
入院期間I:3160×5日=15800
入院期間II:2242×4日=8968
入院期間III:1905×2日=3810
合計:28578",28578,selected,,true,false,0.97,050070xx9700xx,050070xx9700xx,050070xx9700xx,1000,同点候補あり,入院目的は循環器内科初診で明記された「持続性心室頻拍の加療」であり、ショックバイタルを呈したWide QRS頻拍に対して抗不整脈薬投与と精査を行い、K595経皮的カテーテル心筋焼灼術まで実施されている。医療資源投入の中心は頻脈性不整脈であり、後頭部打撲はCTで異常なく追加治療もなく副傷病相当のため、DPC6=050070(I472)を主病名とする候補0が妥当。,,
3800845,2026-06-13,2026-06-23,ok,64.6,I440,1度房室ブロック,第１度房室ブロック,0.45,050210,徐脈性不整脈,"1. 入院目的: 主目的は心室頻拍だが、既往として房室ブロックがあり、入院時診断にも『＃2：1度房室ブロック』と明記されている。
2. 主病名: カルテ診断『1度房室ブロック』に対応し、ICD-10 は I440（第１度房室ブロック）。
3. 中心治療: 術後ECGで1AVB+CRBBBの所見記載があり、心電図やモニタリングを通じた電気伝導系の評価が継続されたが、専らこの病態のための侵襲的治療（ペースメーカーなど）は実施されていない。
・徐脈性不整脈としてのDPC6 050210が対応し、同一入院中の不整脈評価の一部として一定の資源（心電図、モニタリング）が割かれており、条件次第では主病名となりうるが、実際にはVTに対するアブレーションが中心であるため相対的には劣る。
・しかし、心電図フォローや伝導障害のリスク評価など、入院管理上無視できないテーマであり、近接する不整脈DPCとして候補に保持する価値はある。",x,,分岐なし（xのみ）,,x,,分岐なし（xのみ）,,97,その他の手術（1件のKコードが他パターンに非該当）,K595(経皮的カテーテル心筋焼灼術（その他のもの）),0,トリガーにマッチする処置コードなし,0,トリガーにマッチする処置コードなし,x,副傷病の分岐なし,,x,重症度の分岐なし (全 x),,050210xx9700xx,"入院期間I:4日/3063点
入院期間II:9日/2173点
入院期間III:30日/1847点","入院日数11日
入院期間I:3063×4日=12252
入院期間II:2173×5日=10865
入院期間III:1847×2日=3694
合計:26811",26811,rejected,点数が低い (差 1767),,,,,,,,,,,
3800845,2026-06-13,2026-06-23,ok,64.6,I10,高血圧症,本態性高血圧症,0.4,050140,高血圧性疾患,"1. 入院目的: 主目的は心室頻拍だが、既往歴に高血圧があり、長期管理対象疾患として背景に存在する。
2. 主病名: カルテ記載『高血圧』に対応し、合併症の明記がないため、ICD-10 では I10（本態性高血圧症）を選択するのが妥当。
3. 中心治療: 本入院中に高血圧自体へ特段の侵襲的処置は行われていないが、内服調整や血圧管理は随時行われたと推測される。
・循環器入院でしばしば併存し、長期的には医療資源を要する疾患だが、今回入院エピソードにおける主たる資源投入は心室頻拍とアブレーションに向いており、高血圧単独で主傷病とする根拠は弱い。
・ただし、心大血管リハビリテーションや血圧モニタリングなど、循環器全体のリスク管理の文脈で一定の資源を要している可能性があり、背景疾患としてのDPC6 050140候補を保持しておく意義はある。",x,,分岐なし（xのみ）,,x,,分岐なし（xのみ）,,97,その他の手術（1件のKコードが他パターンに非該当）,K595(経皮的カテーテル心筋焼灼術（その他のもの）),x,処置等1の分岐なし,0,トリガーにマッチする処置コードなし,x,副傷病の分岐なし,,x,重症度の分岐なし (全 x),,050140xx97x0xx,"入院期間I:7日/3171点
入院期間II:15日/2216点
入院期間III:60日/1884点","入院日数11日
入院期間I:3171×7日=22197
入院期間II:2216×4日=8864
合計:31061",31061,rejected,上位候補に劣る,,,,,,,,,,,
3800845,2026-06-13,2026-06-23,ok,64.6,S000,後頭部打撲,後頭部打撲傷,0.5,160100,頭蓋・頭蓋内損傷,"1. 入院目的: 受診契機は転倒による後頭部打撲であり、救急外来では頭蓋内出血の有無を含めた外傷評価が行われた。
2. 主病名: カルテ上「後頭部打撲のみと考えます」と記載されており、ICD-10 では S000（後頭部打撲傷／頭部打撲）に該当。
3. 中心治療: 頭部CT撮影（E200等）、単純撮影、創傷処置（J000）などの画像診断・処置が実施されているが、入院後は外傷に対する継続的な高度治療は不要であった。
・頭部打撲は確かに来院の一因であり、CTや創傷処置、画像管理加算など一定の医療資源を要しているため、特に頻脈性不整脈の診断がつく前後では有力な候補となり得た。
・ただし、頭部CTで新規出血なしと確認され、その後の入院管理や介入の中心は心室頻拍であったため、今回エピソード全体の資源投入という観点では二次的な位置づけとなる。
・DPC6 160100（頭蓋・頭蓋内損傷）は本来、より重篤な頭部外傷も含む包括区分であり、本症例のように軽症打撲のみの場合は、頻脈性不整脈DPCとの比較で主病名として採用される可能性はやや低いが、受診契機の外傷として候補に残す。",x,,分岐なし（xのみ）,,x,,分岐なし（xのみ）,,97,その他の手術（1件のKコードが他パターンに非該当）,K595(経皮的カテーテル心筋焼灼術（その他のもの）),x,処置等1の分岐なし,0,トリガーにマッチする処置コードなし,0,副傷病なし（AI/EF探索で該当なし）,,x,重症度の分岐なし (全 x),,160100xx97x00x,"入院期間I:3日/3914点
入院期間II:8日/2207点
入院期間III:30日/1876点","入院日数11日
入院期間I:3914×3日=11742
入院期間II:2207×5日=11035
入院期間III:1876×3日=5628
合計:28405",28405,rejected,点数が低い (差 173),,,,,,,,,,,
3870955,2026-05-23,2026-06-05,ok,59.8,I441,Wenckbach型II度房室ブロック（2:1 AVブロック）による徐脈性不整脈,ウェンケバッハ型第２度房室ブロック,0.9,050210,徐脈性不整脈,"1. 入院目的: 「AVBに対する加療」「Wenckbach ⅡAVBに対する加療検討」と明記され、ふらつきの原因として評価・治療目的に入院。
2. 主病名: カルテ診断名「Wenckback ⅡAVB」「II度房室ブロック 2:1 AVB」より、ICD-10 は I441（ウェンケバッハ型第２度房室ブロック／２対１房室ブロック）を選択。
3. 中心治療: モニター管理、心大血管リハ、各種心機能評価、K597リードレスペースメーカー移植術が施行され、大きな医療資源が集中。
- ふらつき・倦怠感・息切れの主因として徐脈性房室ブロックが繰り返し記載され、ペースメーカー植込み適応と判断されている。
- 手術KコードK597（リードレスペースメーカー）はDPC6「050210 徐脈性不整脈」の手術分岐に含まれており、I441→050210 のマッピングと完全に整合。
- 糖尿病や潰瘍性大腸炎、頭部有棘細胞癌などの併存疾患は今回入院では維持管理レベルであり、主要資源（手術・リハビリ・モニタリング）の直接の対象ではない。
- より広い「房室ブロック I443」もありうるが、カルテにWenckbach II度・2:1と具体的に記載されており、I441の方が臨床記載に一致する。",x,,分岐なし（xのみ）,,x,,分岐なし（xのみ）,,97,その他の手術（1件のKコードが他パターンに非該当）,K597(ペースメーカー移植術（リードレスペースメーカーの場合）),0,トリガーにマッチする処置コードなし,0,トリガーにマッチする処置コードなし,x,副傷病の分岐なし,,x,重症度の分岐なし (全 x),,050210xx9700xx,"入院期間I:4日/3063点
入院期間II:9日/2173点
入院期間III:30日/1847点","入院日数14日
入院期間I:3063×4日=12252
入院期間II:2173×5日=10865
入院期間III:1847×5日=9235
合計:32352",32352,selected,,false,false,,050210xx9700xx,,050210xx9700xx,1000,同点候補なし,,,
3870955,2026-05-23,2026-06-05,ok,59.8,I489,徐脈性心房細動（徐脈性不整脈としてのペースメーカー適応）,徐脈性心房細動,0.45,050070,頻脈性不整脈,"1. 入院目的: 表向きはWenckbach II度AVBだが、徐脈性不整脈としてのPM適応評価入院であり、房室ブロック以外の徐脈性不整脈も鑑別に挙がりうる状況。
2. 主病名: 心電図所見は房室ブロック優位だが、徐脈性不整脈全体として評価されており、I489 徐脈性心房細動はペースメーカー適応となる代表的徐脈性不整脈として近接診断候補。
3. 中心治療: 実際の手術（K597）およびモニタリング・心リハは「徐脈性不整脈」に対するものであり、心房細動を含む徐脈性不整脈全般が資源投入のターゲット。
- DPC上、I441（050210徐脈性不整脈）とI489（050070頻脈性不整脈）はどちらもK597を手術分岐に含みうるため、実施Kコードとの整合性は保たれる。
- カルテ上は房室ブロックが明記されており心房細動の直接記載はないが、徐脈性不整脈の鑑別病名として、主病名候補を評価する後続工程で比較検討されうるため保持。
- ただし明示的なAf記載がないため、confidenceは抑えめとし、I441を優先しつつDPC6選択の余地を残す補助候補とする。",x,,分岐なし（xのみ）,,x,,分岐なし（xのみ）,,97,その他の手術（1件のKコードが他パターンに非該当）,K597(ペースメーカー移植術（リードレスペースメーカーの場合）),0,トリガーにマッチする処置コードなし,0,トリガーにマッチする処置コードなし,x,副傷病の分岐なし,,x,重症度の分岐なし (全 x),,050070xx9700xx,"入院期間I:5日/3160点
入院期間II:9日/2242点
入院期間III:30日/1905点","入院日数14日
入院期間I:3160×5日=15800
入院期間II:2242×4日=8968
入院期間III:1905×5日=9525
合計:34293",34293,rejected,上位候補に劣る,,,,,,,,,,,
3870955,2026-05-23,2026-06-05,ok,59.8,E11,２型糖尿病（インスリン使用中、合併症詳細不明）,２型糖尿病,0.5,100040,糖尿病性ケトアシドーシス、非ケトン昏睡,"1. 入院目的: AVブロックが主だが、既往・併存疾患としてDM（インスリン使用中）が一貫して記載されており、術前評価や周術期管理の一部資源が糖尿病管理に費やされている。
2. 主病名: インスリン使用中で近医加療されている糖尿病より、２型糖尿病（E11.x）を想定。合併症の具体的記載がなく、詳細な臓器障害も今回入院記載に乏しいため、枝番は包括的なE11（検索上の代表コード）を採用し、DPC側では10007xに対応。
3. 中心治療: 血糖・HbA1c測定、電解質・腎機能など複数回の血液検査、周術期の血糖コントロール等、一定の医療資源が投入。
- Kコードは主としてAVブロック治療に紐づくが、糖尿病は慢性基礎疾患として今回の周術期管理やリハビリ中の血糖調整に影響し、入院全体の管理負荷を増大させている。
- DPC6「10007x ２型糖尿病（糖尿病性ケトアシドーシスを除く。）」に対応し、糖尿病治療目的入院であれば主病名となりうるボリュームの疾患であるため、条件次第では最資源投入病名となりうる候補として保持。
- ただし今回入院では主手術や心リハの直接対象ではなく、AVブロックに比べ資源集中度は劣るため、主病名としての相対的可能性は中程度に評価。",x,,分岐なし（xのみ）,,x,,分岐なし（xのみ）,,xx,パターン xx,,x,処置等1の分岐なし,0,トリガーにマッチする処置コードなし,0,副傷病なし（AI/EF探索で該当なし）,,x,重症度の分岐なし (全 x),,100040xxxxx00x,"入院期間I:6日/3120点
入院期間II:11日/2213点
入院期間III:30日/1881点","入院日数14日
入院期間I:3120×6日=18720
入院期間II:2213×5日=11065
入院期間III:1881×3日=5643
合計:35428",35428,rejected,上位候補に劣る,,,,,,,,,,,
3870955,2026-05-23,2026-06-05,ok,59.8,E11,２型糖尿病（インスリン使用中、合併症詳細不明）,２型糖尿病,0.5,10007x,２型糖尿病（糖尿病性ケトアシドーシスを除く。）,"1. 入院目的: AVブロックが主だが、既往・併存疾患としてDM（インスリン使用中）が一貫して記載されており、術前評価や周術期管理の一部資源が糖尿病管理に費やされている。
2. 主病名: インスリン使用中で近医加療されている糖尿病より、２型糖尿病（E11.x）を想定。合併症の具体的記載がなく、詳細な臓器障害も今回入院記載に乏しいため、枝番は包括的なE11（検索上の代表コード）を採用し、DPC側では10007xに対応。
3. 中心治療: 血糖・HbA1c測定、電解質・腎機能など複数回の血液検査、周術期の血糖コントロール等、一定の医療資源が投入。
- Kコードは主としてAVブロック治療に紐づくが、糖尿病は慢性基礎疾患として今回の周術期管理やリハビリ中の血糖調整に影響し、入院全体の管理負荷を増大させている。
- DPC6「10007x ２型糖尿病（糖尿病性ケトアシドーシスを除く。）」に対応し、糖尿病治療目的入院であれば主病名となりうるボリュームの疾患であるため、条件次第では最資源投入病名となりうる候補として保持。
- ただし今回入院では主手術や心リハの直接対象ではなく、AVブロックに比べ資源集中度は劣るため、主病名としての相対的可能性は中程度に評価。",x,,分岐なし（xのみ）,,x,,分岐なし（xのみ）,,xx,パターン xx,,x,処置等1の分岐なし,1,"処置等2=1: 0169(インスリン製剤（注射薬に限る。）), (ノボラピッド注　１００単位／ｍｌ)[レセ電=620008895, 実施日=2026-05-24]",x,副傷病の分岐なし,,x,重症度の分岐なし (全 x),,10007xxxxxx1xx,"入院期間I:6日/2871点
入院期間II:12日/2037点
入院期間III:30日/1731点","入院日数14日
入院期間I:2871×6日=17226
入院期間II:2037×6日=12222
入院期間III:1731×2日=3462
合計:32910",32910,rejected,上位候補に劣る,,,,,,,,,,,
3870955,2026-05-23,2026-06-05,ok,59.8,K519,潰瘍性大腸炎,ステロイド依存性潰瘍性大腸炎,0.4,060185,潰瘍性大腸炎,"1. 入院目的: 今回入院の直接契機ではないが、基礎疾患として潰瘍性大腸炎が列挙されており、免疫抑制薬使用の可能性により感染リスク等がアセスメントで言及されている。
2. 主病名: カルテには病型や重症度の具体記載はないが、長期経過管理を要する潰瘍性大腸炎として、DPC上ボリュームの大きいK519（ステロイド依存／抵抗性など慢性活動性を示すコード群）の代表枝を候補とする。
3. 中心治療: 今回入院中にUCに対する特異的な内視鏡や手術Kコードはなく、主に背景疾患として薬剤選択や感染リスク評価に影響する程度と推測される。
- DPC6「060185 潰瘍性大腸炎」は、もし本疾患の増悪や手術が入院の主目的となった場合、非常に大きな資源投入疾患となりうるため、将来的な主病名候補としては重要なポジション。
- ただし本症例では、EF・カルテにUC増悪や関連検査・処置の集中は見られず、AVブロックやペースメーカー治療に比べ今回入院中の資源投入は限定的と考えられるため、confidenceおよびprimary_likelihoodは控えめに設定。",x,,分岐なし（xのみ）,,x,,分岐なし（xのみ）,,97,その他の手術（1件のKコードが他パターンに非該当）,K597(ペースメーカー移植術（リードレスペースメーカーの場合）),x,処置等1の分岐なし,0,トリガーにマッチする処置コードなし,x,副傷病の分岐なし,,x,重症度の分岐なし (全 x),,060185xx97x0xx,"入院期間I:5日/3349点
入院期間II:13日/2324点
入院期間III:60日/1975点","入院日数14日
入院期間I:3349×5日=16745
入院期間II:2324×8日=18592
入院期間III:1975×1日=1975
合計:37312",37312,rejected,上位候補に劣る,,,,,,,,,,,
3870955,2026-05-23,2026-06-05,ok,59.8,C444,頭部皮膚有棘細胞癌（既切除後）,頭部有棘細胞癌,0.35,080006,皮膚の悪性腫瘍（黒色腫以外）,"1. 入院目的: 頭部有棘細胞癌は「2026/5月中旬 熊本医療センター皮膚科にて頭部有棘細胞癌切除」とあり、今回入院直前に手術を受けた既往として記載。退院延期の一因として不整脈が指摘されており、心疾患精査につながっている。
2. 主病名: 病名としては「頭部有棘細胞癌」に対応し、ICD-10はC444（頭部有棘細胞癌）を選択。部位が頭部の皮膚悪性腫瘍であり、検索結果と一致。
3. 中心治療: 本悪性腫瘍に対する切除術自体は前医かつ前入院で施行されており、本入院中に腫瘍に対する追加手術や化学療法はEF上認めない。
- DPC6「080006 皮膚の悪性腫瘍（黒色腫以外）」は、腫瘍手術目的入院であれば主病名として大きな資源を要するが、本症例ではその手術は今回入院期間外に実施されている。
- ただし、直前の手術既往として全身状態やリハビリ計画、感染・創傷管理の配慮を要し、一定の管理資源を要した可能性があるため、ごく補助的な最資源投入病名候補として保持。
- 今回入院の主要資源はペースメーカー植込みと心大血管リハであり、腫瘍そのものへの追加介入がないため、主病名となる蓋然性は低く設定した。",x,,分岐なし（xのみ）,,x,,分岐なし（xのみ）,,97,その他の手術（1件のKコードが他パターンに非該当）,K597(ペースメーカー移植術（リードレスペースメーカーの場合）),x,処置等1の分岐なし,0,トリガーにマッチする処置コードなし,x,副傷病の分岐なし,,x,重症度の分岐なし (全 x),,080006xx97x0xx,"入院期間I:4日/2417点
入院期間II:8日/1977点
入院期間III:30日/1779点","入院日数14日
入院期間I:2417×4日=9668
入院期間II:1977×4日=7908
入院期間III:1779×6日=10674
合計:28250",28250,rejected,点数が低い (差 4102),,,,,,,,,,,
3988182,2026-07-15,2026-07-26,ok,71.9,C250,膵頭部癌による閉塞性黄疸,膵頭部癌,0.9,06007x,膵臓、脾臓の腫瘍,"1. 入院目的: 倦怠感と黄疸で紹介、CTで膵頭部腫瘍と下部胆管狭窄を認め「膵癌による閉塞性黄疸」の診断で入院。
2. 主病名: 画像上膵頭部に30mm大の乏血性腫瘤と下部胆管狭窄を認める膵頭部癌 → C250。
3. 中心治療: ERCP＋EST＋内視鏡的胆道ステント留置(K688)による胆道ドレナージ、連日の点滴や精査入院管理。
4. 本入院の主たる資源投入は、膵頭部癌に起因する胆道閉塞・黄疸に対する内視鏡的減黄術であり、腫瘍本体（膵頭部癌）が根本原因。
5. 膵尾部にも腫瘤を認めるが、閉塞性黄疸の直接原因は膵頭部病変と記載されており、部位特異的コードC250が適切。
6. DPC6「06007x 膵臓、脾臓の腫瘍」はC250に対応し、関連Kコード群に消化器癌手術等が含まれる一方、本症例では減黄目的でK688が実施されており、膵悪性腫瘍に対する精査・治療過程として整合的。",x,,分岐なし（xのみ）,,x,,分岐なし（xのみ）,,97,その他の手術（1件のKコードが他パターンに非該当）,K688(内視鏡的胆道ステント留置術),x,処置等1の分岐なし,0,トリガーにマッチする処置コードなし,x,副傷病の分岐なし,,x,重症度の分岐なし (全 x),,06007xxx97x0xx,"入院期間I:5日/3237点
入院期間II:10日/2297点
入院期間III:30日/1952点","入院日数12日
入院期間I:3237×5日=16185
入院期間II:2297×5日=11485
入院期間III:1952×2日=3904
合計:31574",31574,selected,,true,false,0.93,06007xxx97x0xx,06007xxx97x0xx,06007xxx97x0xx,1000,同点候補あり,入院理由は倦怠感と黄疸で，「膵癌による閉塞性黄疸の診断で入院」と明記。中心となる処置はERCP＋EST＋内視鏡的胆道ステント留置（K688）であり，ターゲットは膵頭部癌による胆道閉塞。肝腫瘍はダブルキャンサー疑いであり本入院では生検による精査のみで治療的介入はなく，医療資源投入の中心は膵頭部癌側にあるため候補0が主病名として妥当。,,
3988182,2026-07-15,2026-07-26,ok,71.9,K831,膵癌による閉塞性黄疸（肝外胆道閉塞）,胆道閉塞,0.8,060340,胆管（肝内外）結石、胆管炎,"1. 入院目的: 「膵癌による閉塞性黄疸」の診断で入院と明記され、著明な黄疸・胆道拡張が入院契機。
2. 主病名: 総胆管〜肝内胆管拡張と下部胆管狭窄による閉塞性黄疸 → 悪性腫瘍に伴う胆道閉塞としてK831が最も近い。
3. 中心治療: ERCP＋EST＋内視鏡的胆道ステント留置(K688)により胆道減圧を実施しており、この処置が入院中最も侵襲的・資源集約的イベント。
4. 膵癌が原疾患であるが、DPC上は実際に行った胆道ステント留置の対象病態として「胆道閉塞」を最資源投入病名とみなす運用も考えられるため、独立候補として残す価値が高い。
5. K831はDPC6「060340 胆管（肝内外）結石、胆管炎」に対応し、このDPC6の手術Kコード一覧にK688が含まれており、本症例のEFと強く整合する。",x,,分岐なし（xのみ）,,x,,分岐なし（xのみ）,,03,パターン 03（必須Kコード 1 マッチ）,K688(内視鏡的胆道ステント留置術),x,処置等1の分岐なし,0,トリガーにマッチする処置コードなし,0,副傷病なし（AI/EF探索で該当なし）,,x,重症度の分岐なし (全 x),,060340xx03x00x,"入院期間I:4日/3233点
入院期間II:7日/2294点
入院期間III:30日/1950点","入院日数12日
入院期間I:3233×4日=12932
入院期間II:2294×3日=6882
入院期間III:1950×5日=9750
合計:29564",29564,rejected,点数が低い (差 2010),,,,,,,,,,,
3988182,2026-07-15,2026-07-26,ok,71.9,C220,多発肝腫瘍（肝細胞癌疑い）,肝細胞癌,0.65,060050,肝・肝内胆管の悪性腫瘍（続発性を含む。）,"1. 入院目的: 黄疸主体だが、CTで「造影パターンからは多発肝細胞癌が疑われる」肝腫瘍を指摘され、精査目的での入院継続。
2. 主病名: 肝S2, S5を含む多発高エコー肝腫瘤でHCCパターン、PIVKA-II上昇・PT正常から多発肝細胞癌が疑われる → C220を候補。
3. 中心治療: 超音波ガイド下肝腫瘍生検(D412)を2結節に対して計5回穿刺し組織採取、画像診断(E200, E203)など肝腫瘍精査に相当な検査資源が投入されている。
4. 医師コメントに「ダブルキャンサーの可能性あり」とあり、膵癌とは別個に肝細胞癌として治療戦略を検討している可能性が高く、将来の治療方針決定に直結する重要病態。
5. 生検対象は「多発肝腫瘍」であり、転移性か原発性かの確定前であるが、HCCパターン・PIVKA高値を根拠にC220を主要候補とする。
6. C220はDPC6「060050 肝・肝内胆管の悪性腫瘍」に対応し、同DPC群には肝切除等のKコードが含まれるため、本症例が今後治療目的入院となる場合にも資源投入病名となり得る。",x,,分岐なし（xのみ）,,x,,分岐なし（xのみ）,,97,その他の手術（1件のKコードが他パターンに非該当）,K688(内視鏡的胆道ステント留置術),x,処置等1の分岐なし,0,トリガーにマッチする処置コードなし,x,副傷病の分岐なし,,x,重症度の分岐なし (全 x),,060050xx97x0xx,"入院期間I:5日/3216点
入院期間II:10日/2311点
入院期間III:30日/1964点","入院日数12日
入院期間I:3216×5日=16080
入院期間II:2311×5日=11555
入院期間III:1964×2日=3928
合計:31563",31563,rejected,点数が低い (差 11),,,,,,,,,,,
4002781,2026-07-01,2026-07-16,ok,54.2,K830,急性胆管炎,急性胆管炎,0.8,060340,胆管（肝内外）結石、胆管炎,"1. 入院目的: 上腹部痛と肝胆道系酵素上昇・胆嚢腫大の精査加療として入院、その後「急性胆管炎」と明記されている。
2. 主病名: カルテ上で「急性胆管炎」「急性胆嚢炎、急性胆管炎」と繰り返し記載され、ERCP・EBS留置・胆道クリーニングの対象疾患。
3. 中心治療: 複数回のERCPによる胆道ドレナージ・ステント留置（EBS/EPS）、絶食・補液・抗菌薬投与、頻回の血液検査・画像検査。
- ERCP所見とEBS留置、胆汁培養など、胆道感染に対する侵襲的処置とモニタリングが入院全体を通じて継続。
- AST/ALT・ビリルビン高値から胆汁うっ滞性肝障害を伴う胆管炎像であり、K830（急性胆管炎）が臨床像に整合。
- DPC6は060340「胆管（肝内外）結石、胆管炎」と対応し、胆道内視鏡的処置（本症例ではK708相当の膵管ステント術を含むERCP関連処置）が同領域の術式群と整合。
- 退院前のERCPでも「急性胆管炎」を診断名に掲げ、EBS抜去・再留置とクリーニングを施行しており、入院期間を通じた主要管理対象疾患である。
- 競合するERCP後膵炎と比べ、入院契機および反復される胆道処置の主たる原因であり、原疾患としての重みが大きい。",x,,分岐なし（xのみ）,,x,,分岐なし（xのみ）,,97,その他の手術（1件のKコードが他パターンに非該当）,K708(内視鏡的膵管ステント留置術),x,処置等1の分岐なし,0,トリガーにマッチする処置コードなし,x,副傷病の分岐なし,,x,重症度の分岐なし (全 x),,060340xx97x0xx,"入院期間I:6日/3359点
入院期間II:12日/2406点
入院期間III:30日/2045点","入院日数16日
入院期間I:3359×6日=20154
入院期間II:2406×6日=14436
入院期間III:2045×4日=8180
合計:42770",42770,rejected,点数が低い (差 3766),,,,,,,,,,,
4002781,2026-07-01,2026-07-16,ok,54.2,K810,急性胆嚢炎,急性胆のう炎,0.65,060335,胆嚢炎等,"1. 入院目的: 上腹部痛・胆嚢腫大・胆石を背景に入院し、初回ERCP記録で「急性胆嚢炎」と診断されている。
2. 主病名: 「＃1.急性胆のう炎」「＃2.急性胆管炎」など、胆嚢炎が胆管炎と並ぶ主要診断として繰り返し記載。
3. 中心治療: ERCPで胆嚢管の高度狭窄に対するバルーン拡張、胆汁吸引・培養、EBS留置、絶食・補液・抗菌薬管理。
- 既往に胆石症があり、急性期に胆嚢腫大と炎症所見を認めることから、胆石性を含む急性胆嚢炎としてK810/K800群が妥当であり、胆石の既往はあるが本文では急性胆嚢炎として記載されているため、K810（急性胆のう炎）を採用。
- 退院時まで「急性胆嚢炎」を併記しており、胆嚢摘出術予定とされていることから、今後予定手術のベース病変としても重要。
- DPC6は060335「胆嚢炎等」で、胆嚢摘出術や関連胆道手術（K670, K672など）を含む群に対応し、本症例でも胆嚢摘出予定として方針が立てられている。
- 急性胆管炎と一連の胆道感染として同時に資源投入されており、原疾患側の候補として保持する意義がある。",x,,分岐なし（xのみ）,,x,,分岐なし（xのみ）,,97,その他の手術（1件のKコードが他パターンに非該当）,K708(内視鏡的膵管ステント留置術),x,処置等1の分岐なし,0,トリガーにマッチする処置コードなし,x,副傷病の分岐なし,,x,重症度の分岐なし (全 x),,060335xx97x0xx,"入院期間I:7日/3365点
入院期間II:15日/2401点
入院期間III:60日/2041点","入院日数16日
入院期間I:3365×7日=23555
入院期間II:2401×8日=19208
入院期間III:2041×1日=2041
合計:44804",44804,rejected,点数が低い (差 1732),,,,,,,,,,,
4002781,2026-07-01,2026-07-16,ok,54.2,K858,ERCP後膵炎,ＥＲＣＰ後膵炎,0.85,060350,急性膵炎、被包化壊死,"1. 入院目的: 当初は胆管炎・胆嚢炎精査加療目的だが、ERCP施行後に膵酵素著増と腹痛増悪を認め、入院期間延長と重症化リスク説明の中心となっている。
2. 主病名: カルテ上で明確に「ERCP後膵炎」「＃ERCP後膵炎」と診断され、以後の経過記録で胆管炎・胆嚢炎と並ぶ主診断として継続記載。
3. 中心治療: 絶食継続、コアヒビター投与、点滴大量補液（G004）、膵管ステント（EPS）留置と再ERCPによるステント延長交換（K708に対応）、頻回の血液検査と画像評価。
- ERCP翌日にAMY 1106, P-AMY 1096、さらにP-AMY 1917まで上昇し、腹痛持続と膵腫大・周囲脂肪織濃度上昇を画像で確認していることから、手技関連急性膵炎の診断要件を満たす。
- K858（ERCP後膵炎）は本症例の病名記載と完全に一致し、DPC6は060350「急性膵炎、被包化壊死」と対応、関連術式群には内視鏡的膵管ステント術K708-3が含まれ、EFに記載のK708と整合している。
- 本合併症により「少なくとも2週間以上はかかりそう」と入院延長が見込まれ、重症化時は集中治療の可能性が説明されており、実際の資源投入（禁食期間、補液、モニタリング）は膵炎に強く紐づく。
- 急性胆管炎／胆嚢炎に対する治療から派生した重症合併症として、入院後半の主たる管理対象であり、最資源投入病名として最有力候補の一つ。",x,,分岐なし（xのみ）,,x,,分岐なし（xのみ）,,97,その他の手術（1件のKコードが他パターンに非該当）,K708(内視鏡的膵管ステント留置術),x,処置等1の分岐なし,0,トリガーにマッチする処置コードなし,x,副傷病の分岐なし,,x,重症度の分岐なし (全 x),,060350xx97x0xx,"入院期間I:8日/3476点
入院期間II:17日/2341点
入院期間III:60日/1990点","入院日数16日
入院期間I:3476×8日=27808
入院期間II:2341×8日=18728
合計:46536",46536,selected,,false,false,,060350xx97x0xx,,060350xx97x0xx,1000,同点候補なし,,,
4002781,2026-07-01,2026-07-16,ok,54.2,K318,胃拡張／幽門狭窄の疑いによる胃拡張,胃拡張,0.45,060130,食道、胃、十二指腸、他腸の炎症（その他良性疾患）,"1. 入院目的: 初診時の主訴は上腹部痛で、前医・当院CTで胃〜十二指腸の拡張と残渣貯留が指摘され、「胃拡張」「幽門狭窄の疑い」として評価目的で入院している。
2. 主病名: SOAP_Aで「＃1.胃拡張/幽門狭窄の疑い」と明記され、入院初期診断として扱われている。
3. 中心治療: 胃管挿入（J020胃持続ドレナージ）、点滴補液（G004）、絶食管理、EGD・透視検査計画。
- 画像で胃・十二指腸拡張と残渣貯留があり、急性胃拡張あるいは幽門狭窄に伴う機能的通過障害が疑われるため、ICD上はK310/ K318の候補となるが、カルテ記載は単に「胃拡張」「幽門狭窄疑い」であり、急性かどうか不明なため包括的なK318「胃拡張」を選択。
- DPC6は060130「食道、胃、十二指腸、他腸の炎症（その他良性疾患）」で、上部消化管良性疾患に対する内視鏡・ドレナージ等の処置と整合する。
- ただし入院経過では早期に胆管炎・胆嚢炎・ERCP後膵炎の管理が前景に立っており、胃拡張単独への継続的な高度資源投入は相対的に少ないため、主傷病候補としての確からしさはやや低め。",x,,分岐なし（xのみ）,,x,,分岐なし（xのみ）,,97,その他の手術（1件のKコードが他パターンに非該当）,K708(内視鏡的膵管ステント留置術),0,トリガーにマッチする処置コードなし,0,トリガーにマッチする処置コードなし,x,副傷病の分岐なし,,x,重症度の分岐なし (全 x),,060130xx9700xx,"入院期間I:5日/3228点
入院期間II:9日/2255点
入院期間III:30日/1917点","入院日数16日
入院期間I:3228×5日=16140
入院期間II:2255×4日=9020
入院期間III:1917×7日=13419
合計:38579",38579,rejected,点数が低い (差 7957),,,,,,,,,,,
4002781,2026-07-01,2026-07-16,ok,54.2,J449,慢性閉塞性肺疾患（COPD疑い）,慢性閉塞性肺疾患,0.35,040120,慢性閉塞性肺疾患,"1. 入院目的: 胆管炎・胆嚢炎加療中に術前評価として呼吸器内科へコンサルトされ、COPDが疑われたが、本人は無症状であり今回入院の直接目的ではない。
2. 主病名: 呼吸器科記録で「＃COPD」「閉塞性障害」「基準上はCOPDに合致するが…」「基準値としてはCOPDにあたらない」と評価され、最終的には経過観察方針。
3. 中心治療: 呼吸機能検査（D200, D205）、呼気NO測定などの検査中心で、薬物治療や酸素療法など積極的介入は行われていない。
- 喫煙歴BI500と軽度閉塞性障害、CTで軽微な気腫性変化を認めるため、慢性閉塞性肺疾患の素地はあるが、入院中は有症状でなく、臨床的にはスクリーニング陽性レベル。
- ICD-10としてはJ449「慢性閉塞性肺疾患」（またはJ448）群が妥当だが、カルテ上で診断確定を一歩引いているため、疑いレベルとしての位置付け。
- DPC6は040120「慢性閉塞性肺疾患」となり、肺切除や気管支形成などのKコードと紐づくが、本入院ではそれらの手術・高度処置は実施されていない。
- 今回入院での資源投入は主として肺機能検査等の診断的検査に限られ、胆道疾患やERCP後膵炎に比べて相対的に小さいため、最資源投入病名としての可能性は低めだが、将来的な合併症リスクを考慮した補助候補として保持。",x,,分岐なし（xのみ）,,x,,分岐なし（xのみ）,,97,その他の手術（1件のKコードが他パターンに非該当）,K708(内視鏡的膵管ステント留置術),x,処置等1の分岐なし,0,トリガーにマッチする処置コードなし,x,副傷病の分岐なし,,x,重症度の分岐なし (全 x),,040120xx97x0xx,"入院期間I:11日/3198点
入院期間II:22日/2222点
入院期間III:60日/1889点","入院日数16日
入院期間I:3198×11日=35178
入院期間II:2222×5日=11110
合計:46288",46288,rejected,点数が低い (差 248),,,,,,,,,,,
4008721,2026-05-22,2026-06-17,ok,68.4,M318,ANCA関連血管炎（MPO-ANCA関連血管炎）,ＡＮＣＡ関連血管炎,0.85,070560,重篤な臓器病変を伴う全身性自己免疫疾患,"1. 入院目的: 当初は肺炎・心不全目的だが、入院中に抗菌薬不応の発熱と腎機能悪化が持続し、最終的にMPO-ANCA高値を伴うANCA関連血管炎疑いとしてステロイド・リツキシマブ治療導入目的の管理が入院の中心となった。
2. 主病名: カルテ上「＃MPO-ANCA高値→ANCA関連血管炎疑い」「＃ANCA関連血管炎疑い（発熱、腎不全）」の記載からANCA関連血管炎（M318）が妥当。
3. 中心治療: 高用量PSL(1mg/kg→漸減)、リツキシマブ点滴(600mg)、連日の血液検査・腎臓内科コンサルト、長期入院管理。
- 抗菌薬SBT/ABPCに反応しない発熱・CRP高値、MPO-ANCA強陽性、腎機能悪化・血尿などから自己免疫性血管炎として全身治療が行われており、入院後半以降の主たる資源投入先となっている。
- 臓器病変として腎不全（急速進行型までは至らないが腎炎像）を伴い、全身免疫抑制療法を要している点で、重篤な臓器病変を伴う全身性自己免疫疾患のDPC6(070560)に合致。
- 肺炎は抗菌薬中止後に咳・陰影がほぼ安定し、喀痰抗酸菌検査やT-SPOT陰性などから既存のNTM様病変と評価されており、入院後半の主病態ではなくなっている。
- 心不全は初期に疑われたが心エコーは収縮能正常で、利尿・降圧は短期間で終了しており、入院全体でみると付随的な問題にとどまる。
- DPC6マッピング: M318→070560（重篤な臓器病変を伴う全身性自己免疫疾患）であり、ステロイド・リツキシマブ・多項目免疫学的検査と整合する。",x,,分岐なし（xのみ）,,x,,分岐なし（xのみ）,,xx,パターン xx,,x,処置等1の分岐なし,7,"処置等2=7: 0045(リツキシマブ), (リツキシマブＢＳ点滴静注５００㎎「ファイザー」　５０ｍｌ)[レセ電=629906201, 実施日=2026-06-08;2026-06-15], (リツキシマブＢＳ点滴静注１００㎎「ファイザー」　１０ｍｌ)[レセ電=629906101, 実施日=2026-06-08;2026-06-15]",x,副傷病の分岐なし,,x,重症度の分岐なし (全 x),,070560xxxxx7xx,,27日 包括対象外,,rejected,包括対象外,,,,,,,,,,,
4008721,2026-05-22,2026-06-17,ok,68.4,N017,ANCA関連腎炎（ANCA関連血管炎に伴う腎炎）,ＡＮＣＡ関連腎炎,0.7,110270,急速進行性腎炎症候群,"1. 入院目的: 当初は肺炎・心不全目的入院だが、経過中に腎機能悪化（CRE 1.05→1.4台、eGFR低下）と血尿が進行し、「発熱、腎不全」を伴うANCA関連血管炎疑いとして腎臓内科コンサルト・治療導入となった。
2. 主病名: カルテ記載「腎不全が緩徐に増悪」「腎炎所見あり」「ANCA関連血管炎疑い（発熱、腎不全）」より、腎病変にフォーカスしたANCA関連腎炎（N017）もDPC上独立候補となりうる。
3. 中心治療: 全身ステロイド・リツキシマブ導入により腎炎の進行抑制を図っており、頻回の腎機能・尿検査でモニタリングされている。
- 腎不全はラシックス中止後も悪化傾向で、尿沈渣で赤血球増加があり、血管炎性腎炎の所見として扱われている。
- 腎生検は行われていないが、診断・治療方針はANCA関連腎炎に準じており、腎病変自体がANCA関連血管炎と並ぶ臓器レベルの主要標的となっている。
- DPC的にはM318由来(070560)とN017由来(110270)のどちらを主とするかで包括区分が変わりうるため、腎炎側も独立候補として保持する意義がある。
- DPC6マッピング: N017→110270「急速進行性腎炎症候群」であり、腎臓内科コンサルト・ステロイド主体の免疫抑制と整合する（実臨床では進行速度はやや緩徐だが、分類上ここに入る）。",x,,分岐なし（xのみ）,,x,,分岐なし（xのみ）,,99,手術なし,,x,処置等1の分岐なし,0,トリガーにマッチする処置コードなし,x,副傷病の分岐なし,,x,重症度の分岐なし (全 x),,110270xx99x0xx,"入院期間I:5日/3468点
入院期間II:13日/2376点
入院期間III:60日/2020点","入院日数27日
入院期間I:3468×5日=17340
入院期間II:2376×8日=19008
入院期間III:2020×14日=28280
合計:64628",64628,rejected,点数が低い (差 1336),,,,,,,,,,,
4008721,2026-05-22,2026-06-17,ok,68.4,J189,肺炎（市中肺炎疑い＋既存NTM様肺病変を含む）,肺炎,0.75,040080,肺炎等,"1. 入院目的: 入院初診時【入院の目的】に「肺炎」「心不全」と明記され、市中肺炎として前医から紹介されている。
2. 主病名: カルテで一貫して「＃1:細菌性肺炎」「肺炎疑い」と記載され、右上葉浸潤影と両側胸水を伴う肺炎像であり、起因菌特定なしからJ189（肺炎，詳細不明）が妥当。
3. 中心治療: 入院早期にSBT/ABPC 9g/day(5/22-5/27)、酸素投与(J024)、呼吸リハ(H003)、頻回のX線・CT、肺炎球菌・レジオネラ抗原検査など、呼吸器系検査・治療に多くの資源が投下された。
- 入院前からラスビック・セフトリアキソン治療歴があり、入院後も抗菌薬治療が継続され、当初数日間は肺炎＋心不全として管理されているため、入院初期の主たる資源投入先である。
- 途中から「肺炎ではない、あるいは抗菌薬不応の可能性あり」「肺炎疑い」「熱源不明発熱」と診断が揺れているが、肺野空洞を伴う既存NTM様陰影・胸水をフォローする目的で画像・喀痰・抗酸菌検査など呼吸器関連検査が継続されている。
- 喀痰抗酸菌3回陰性・T-SPOT陰性より結核は否定的で、既存NTM疑いとして明記されるが、NTM自体については過去からの所見で今回急性悪化の明確な証拠に乏しいため、包括コードとして急性肺炎(J189)を候補とした。
- DPC6マッピング: J189→040080「肺炎等」であり、抗菌薬治療・酸素投与・呼吸リハ・胸部CTなどEF記載処置(J024, H003, E200等)と整合する。
- ただし入院後半はANCA関連血管炎による全身炎症が主とされ、抗菌薬は中止されているため、入院全体でみるとANCA関連血管炎に比べ主病名としての重みはやや小さい。",0,病態等分類（年齢・肺炎種別）,年齢不明、デフォルト分岐 '0' を使用,,x,,分岐なし（xのみ）,,99,手術なし,,x,処置等1の分岐なし,0,トリガーにマッチする処置コードなし,x,副傷病の分岐なし,,x,重症度の分岐なし (全 x),,0400800x99x0xx,"入院期間I:7日/3424点
入院期間II:15日/2308点
入院期間III:60日/1961点","入院日数27日
入院期間I:3424×7日=23968
入院期間II:2308×8日=18464
入院期間III:1961×12日=23532
合計:65964",65964,selected,,false,false,,0400800x99x0xx,,0400800x99x0xx,1000,同点候補なし,,,
4008721,2026-05-22,2026-06-17,ok,68.4,I509,急性心不全（肺炎契機のうっ血性心不全疑い）,急性心不全,0.45,050130,心不全,"1. 入院目的: 初診記録【入院の目的】に「心不全」が明記され、「画像、採血をみると肺炎契機とした心不全が疑われる」と救急医が評価している。
2. 主病名: カルテで「＃2：急性心不全（CS1）」「＃心不全疑い」と記載され、高血圧・NT-proBNP高値・胸水・起坐呼吸を伴う急性心不全像として入院当初治療されているため、I509（急性心不全）を候補とする。
3. 中心治療: 入院直後にニトログリセリン静注による降圧、利尿薬（ラシックス）の静注・内服、心エコー評価、BNP測定、呼吸リハなど、一定の心不全マネジメント資源が投入された。
- 循環器コンサルトでは「心機能良好、有意な弁膜症なし」「通常通りの肺炎加療で問題ない」とされ、以後は「心不全疑い」「利尿薬は短期間で終了」となっており、重症心不全としての管理期間は限定的である。
- それでも入院初期に降圧・利尿・心エコー・BNP測定など心不全を想定した治療・検査がまとまって行われており、DPC上は心不全DPC（050130）との境界に立つ症例といえる。
- DPC6マッピング: I509→050130「心不全」。今回EFには心不全特異的Kコード（PCI等）はないが、降圧治療・利尿・心エコー(D215)・BNP(D008)など非手術的資源投入と整合しうるため、限定的ながら候補に残す。",x,,分岐なし（xのみ）,,x,,分岐なし（xのみ）,,99,手術なし,,0,トリガーにマッチする処置コードなし,0,トリガーにマッチする処置コードなし,x,副傷病の分岐なし,,0,"branch=0 label=他の病院・診療所の病棟からの転院以外 / いずれの記載も前医外来から当院ERへの紹介であり、他院病棟からの転院を示す記載はない。 (verifier 不整合あり, best-effort 採用: ['conclusion_label_mismatch'])",[2026-05-22]末次医院より紹介…5月22日前医再診。精査加療目的に当院ER紹介。心不全＋肺炎の診断で入院。; [2026-05-22]末次内科より紹介…その後も咳嗽症状続くため、本日当院ER紹介; [2026-05-23]末次医院通院加療中…5月22日前医再診。精査加療目的に当院ER紹介。心不全＋肺炎の診断で入院。,050130xx9900x0,"入院期間I:7日/3150点
入院期間II:14日/2242点
入院期間III:60日/1906点","入院日数27日
入院期間I:3150×7日=22050
入院期間II:2242×7日=15694
入院期間III:1906×13日=24778
合計:62522",62522,rejected,点数が低い (差 3442),,,,,,,,,,,
4008721,2026-05-22,2026-06-17,ok,68.4,N40,前立腺肥大症に伴う下部尿路症状,前立腺肥大症,0.4,110200,前立腺肥大症等,"1. 入院目的: 直接の入院理由ではないが、既往歴に前立腺肥大症があり、入院後も頻尿症状のため評価・薬物調整が行われている。
2. 主病名: 「前立腺肥大症の指摘あり」と明記され、入院中にシロドシン追加など治療介入がなされているため、N40（前立腺肥大症）が該当。
3. 中心治療: 排尿障害に対して薬剤（シロドシン追加、ベタニス継続）調整が行われ、退院後もかかりつけ医での処方継続が指示されているが、入院全体の医療資源の中心とまでは言えない。
- 下部尿路症状に対する内服調整は行われているものの、手術や高度な検査・処置は実施されていない。
- DPCルール上、抜釘等とは異なり、今回入院の主目的ではない慢性疾患が主傷病となる可能性は低いが、慢性管理対象として一定の医療資源（評価・処方変更）が投入されているため、補助的候補として列挙にとどめる。
- DPC6マッピング: N40→110200「前立腺肥大症等」。今回EFに関連Kコード（TUR-P等）は無く、非手術的管理のみであるため、他候補に比し主病名としての優先度はさらに低い。",x,,分岐なし（xのみ）,,x,,分岐なし（xのみ）,,99,手術なし,,x,処置等1の分岐なし,x,処置等2の分岐なし,x,副傷病の分岐なし,,x,重症度の分岐なし (全 x),,110200xx99xxxx,"入院期間I:2日/3120点
入院期間II:5日/2188点
入院期間III:30日/1860点","入院日数27日
入院期間I:3120×2日=6240
入院期間II:2188×3日=6564
入院期間III:1860×22日=40920
合計:53724",53724,rejected,点数が低い (差 12240),,,,,,,,,,,
4015942,2026-06-25,2026-07-08,ok,71.2,J12.1,RSウイルス肺炎,ＲＳウイルス肺炎,0.9,040070,インフルエンザ、ウイルス性肺炎,"1. 入院目的: 「肺炎治療目的」、FilmarrayでRSウイルス陽性となりRSウイルス肺炎として当科入院。
2. 主病名: カルテ上「RSウイルス肺炎」と明記されており、ウイルス同定あり→J12.1を選択。
3. 中心治療: 入院全期間を通じた酸素投与、頻回の画像・検査、感染対策、抗菌薬投与、BAL施行、ステロイド開始判断など呼吸器管理に大きな資源投入。
- FilmarrayおよびBALでRSウイルス陽性が繰り返し確認され、肺炎像と低酸素血症はRSウイルス感染が主因と評価されている。
- 初期は細菌性肺炎を疑いCTRX+AZM、後にMRSA肺炎疑いでVCM併用と、入院前後を通じて抗菌薬治療が行われたが、最終的にはRSウイルス肺炎主体と整理されている。
- DPC上もJ12.1は040070「インフルエンザ、ウイルス性肺炎」にマップされ、今回の酸素投与(J024)、画像検査(E200/E203)、BAL(D302)などの資源投入と整合。
- 同じ肺炎カテゴリのJ18.9との競合はあるが、ウイルス同定済であり、細菌性肺炎は合併として扱われている点で本コードを主候補として保持。",x,,分岐なし（xのみ）,,x,,分岐なし（xのみ）,,xx,パターン xx,,x,処置等1の分岐なし,0,トリガーにマッチする処置コードなし,0,トリガーに該当する副傷病なし,,x,重症度の分岐なし (全 x),,040070xxxxx00x,"入院期間I:3日/3025点
入院期間II:5日/2170点
入院期間III:30日/1845点","入院日数14日
入院期間I:3025×3日=9075
入院期間II:2170×2日=4340
入院期間III:1845×9日=16605
合計:30020",30020,rejected,点数が低い (差 10104),,,,,,,,,,,
4015942,2026-06-25,2026-07-08,ok,71.2,J84.1,器質化肺炎（RSウイルス肺炎契機）,特発性器質化肺炎,0.88,040110,間質性肺炎,"1. 入院目的: 当初は「肺炎治療目的」で入院し、経過中に画像パターンから器質化肺炎(OP pattern)が疑われステロイド治療目的へ比重が移行。
2. 主病名: カルテで「器質化肺炎としてステロイド開始」「ウイルス性肺炎契機の器質化肺炎」と明記→J84.1(特発性器質化肺炎)を器質化肺炎の代表コードとして採用。
3. 中心治療: mPSL 40mg/day(1mg/kg)による高用量ステロイド導入、その後長期PSL漸減計画、頻回のXp/CTで治療効果判定など、入院後半の資源投入の中心。
- 6/29 CTで陰影がOP pattern類似とされ、血管炎除外のため自己抗体・ANCA・抗GBM抗体等を包括的に検査しており、器質化肺炎を前提とした精査が集中的に行われている。
- 7/2以降は抗菌薬を中止し、ステロイド治療とその副作用・感染リスク評価が治療の主軸となっている。
- DPC6はJ84.1が040110「間質性肺炎」に対応し、画像所見やステロイド大量投与、呼吸リハ(H003)等の資源投入と整合。
- 原因ウイルスはJ12.1側で表現されるが、実際の治療資源は器質化肺炎に対してより多く割かれており、最資源投入病名としてRSウイルス肺炎と並ぶ有力候補と判断。",x,,分岐なし（xのみ）,,x,,分岐なし（xのみ）,,xx,パターン xx,,1,"処置等1=1: D302(気管支ファイバースコピー)[レセ電=160092810, 実施日=2026-06-29]",0,トリガーにマッチする処置コードなし,x,副傷病の分岐なし,,x,重症度の分岐なし (全 x),,040110xxxx10xx,"入院期間I:2日/4512点
入院期間II:9日/2476点
入院期間III:30日/2105点","入院日数14日
入院期間I:4512×2日=9024
入院期間II:2476×7日=17332
入院期間III:2105×5日=10525
合計:36881",36881,rejected,点数が低い (差 3243),,,,,,,,,,,
4015942,2026-06-25,2026-07-08,ok,71.2,J18.9,急性肺炎（細菌性肺炎合併の可能性）,急性肺炎,0.7,040080,肺炎等,"1. 入院目的: 咳嗽・発熱・呼吸困難に対する肺炎治療目的での入院であり、紹介元でもMEPM投与済の「肺炎」として扱われていた。
2. 主病名: 入院診断で「＃2：急性肺炎」、以後もRSウイルス肺炎に二次性細菌感染合併の可能性を繰り返し記載→原因菌特定なしの急性肺炎としてJ18.9が妥当。
3. 中心治療: 入院前MEPM、入院後CTRX+AZM、MRSA肺炎疑いでの一時的VCM導入など、抗菌薬治療に相当量の医療資源が投じられている。
- CRP上昇・画像のGGOおよび気道散布性陰影、痰から複数菌検出、MRSA疑いなど、二次性細菌性肺炎の可能性に対し繰り返し検討されている。
- 抗菌薬はCTRX、AZM、VCMとレジメン変更を伴っており、BAL(D302)や細菌培養・薬剤感受性検査(D017・D018・D019)もこの診断に基づく検査として位置付けられる。
- DPC6として040080「肺炎等」にマップされ、酸素投与や呼吸モニタリング(D220, D223)などの資源投入と整合。
- 最終的には「定着菌」と判断され抗菌薬は終了しているものの、入院全体でみれば細菌性肺炎を想定した治療に無視できない資源が投じられており、RSウイルス肺炎/器質化肺炎と近接する候補として保持する。",0,病態等分類（年齢・肺炎種別）,年齢不明、デフォルト分岐 '0' を使用,,x,,分岐なし（xのみ）,,99,手術なし,,x,処置等1の分岐なし,0,トリガーにマッチする処置コードなし,x,副傷病の分岐なし,,x,重症度の分岐なし (全 x),,0400800x99x0xx,"入院期間I:7日/3424点
入院期間II:15日/2308点
入院期間III:60日/1961点","入院日数14日
入院期間I:3424×7日=23968
入院期間II:2308×7日=16156
合計:40124",40124,selected,,false,false,,0400800x99x0xx,,0400800x99x0xx,1000,同点候補なし,,,
4015942,2026-06-25,2026-07-08,ok,71.2,J96.0,急性呼吸不全,急性１型呼吸不全,0.6,040130,呼吸不全（その他）,"1. 入院目的: 咳嗽・発熱とともにSpO2低下(90〜93% r.a.)を認め、救急外来で「＃急性呼吸不全」と診断され入院適応と判断。
2. 主病名: カルテで繰り返し「急性呼吸不全」「低酸素血症」と記載があり、PaO2 63mmHg, pCO2低下のタイプ1呼吸不全パターン→J96.0(急性1型呼吸不全)が病態に合致。
3. 中心治療: 酸素投与(J024)、呼吸心拍監視(D220)、SpO2モニタ(D223)等の呼吸管理資源が、肺炎とは別に「呼吸不全」という重症病態に対して集中的に投入されている。
- 入院期間を通じてSpO2・酸素流量が逐一評価され、酸素中止を退院の目標とするなど、呼吸不全そのものが管理指標となっている。
- DPCではJ96.0が040130「呼吸不全（その他）」に対応し、今回の酸素療法やモニタリング、呼吸リハ(H003)と整合。
- 原疾患は肺炎/器質化肺炎であるが、DPC上は原因疾患ではなく「急性呼吸不全」を主病名とする運用が採られる場合もありうるため、肺炎群とは別軸の有力候補として保持する。",x,,分岐なし（xのみ）,,x,,分岐なし（xのみ）,,99,手術なし,,x,処置等1の分岐なし,0,トリガーにマッチする処置コードなし,x,副傷病の分岐なし,,x,重症度の分岐なし (全 x),,040130xx99x0xx,"入院期間I:4日/3127点
入院期間II:9日/2236点
入院期間III:30日/1900点","入院日数14日
入院期間I:3127×4日=12508
入院期間II:2236×5日=11180
入院期間III:1900×5日=9500
合計:33188",33188,rejected,点数が低い (差 6936),,,,,,,,,,,
4015942,2026-06-25,2026-07-08,ok,71.2,N03.9,慢性糸球体腎炎による維持透析中,慢性糸球体腎炎,0.55,110280,慢性腎炎症候群・慢性間質性腎炎・慢性腎不全,"1. 入院目的: 直接の入院契機は肺炎だが、現病歴に「嘉島クリニックで月水金透析加療」「＃3：慢性糸球体腎炎・透析」と明記され、今回入院中も継続的に維持透析が施行されている。
2. 主病名: 既往・診断欄に「慢性糸球体腎炎・透析」とあり、基礎疾患としての慢性糸球体腎炎→合併症詳細不明の慢性糸球体腎炎N03.9を選択。
3. 中心治療: J038(人工腎臓)およびその各種加算が入院中複数回算定されており、透析関連の医療資源投入も相当量に上る。
- 透析は今回入院とは独立した慢性治療だが、入院中も毎回行われており、人工腎臓、障害者等加算、水質確保加算、腎代替療法診療体制加算など点数的ウェイトが大きい処置が継続している。
- DPC6として110280「慢性腎炎症候群・慢性間質性腎炎・慢性腎不全」となり、慢性腎不全・維持透析患者の包括区分として妥当。
- 主たる急性イベントは肺炎/器質化肺炎だが、DPC運用によっては維持透析を主病名側に置くケースもありうるため、急性呼吸器疾患群とは別軸の候補として保持する。",x,,分岐なし（xのみ）,,x,,分岐なし（xのみ）,,99,手術なし,,0,トリガーにマッチする処置コードなし,0,トリガーにマッチする処置コードなし,1,副傷病あり（value=1）,"[放射線レポート] J90(胸水，他に分類されないもの) 根拠: 入院時CTレポートおよび経過中CT・Xpで一貫して右胸水貯留が記載されており，うっ血の結果も考慮されつつ胸水として画像フォローされている。 引用: 診断: 肺炎の疑い
所見: …右少量の胸水貯留を認めます。; <CT>
  右上葉・右下葉に気道散布性の斑状陰影
  右胸水貯留+血管陰影の亢進あり 判断: 右胸水貯留が画像で明確に認められ臨床評価・フォロー対象となっており，J90「胸水，他に分類されないもの」として今回入院の副傷病に該当する。",x,重症度の分岐なし (全 x),,110280xx99001x,"入院期間I:7日/3037点
入院期間II:14日/2170点
入院期間III:60日/1845点","入院日数14日
入院期間I:3037×7日=21259
入院期間II:2170×7日=15190
合計:36449",36449,rejected,点数が低い (差 3675),,,,,,,,,,,
4025880,2026-07-12,2026-07-29,ok,94.5,I20.0,不安定狭心症（左主幹部を含む多枝病変）,不安定狭心症,0.9,050050,狭心症、慢性虚血性心疾患,"1. 入院目的: 胸痛増悪と狭心症精査・加療目的で入院し、LMT関連の高度石灰化多枝病変に対するPCIを予定。
2. 主病名: カルテで一貫して「狭心症」「不安定化しつつある」「おそらくLMT関連 石灰化病変」と記載されており、不安定狭心症 I20.0 が妥当。
3. 中心治療: K548 経皮的冠動脈形成術（LAD seg5-6, seg9 へDCB/DB）、精密持続点滴、酸素、心電図・トロポニン・CK連日、心大血管リハ、輸血など心イベント中心の集中的管理。
- 入院中最大の医療資源はLMT含む多枝虚血に対するPCIであり、その直接対象が不安定狭心症。
- 入院時からPCI後まで日々のAssessment先頭が狭心症で、症状（胸痛）もこれに起因。
- 造影前のECGで広範ST低下、PCI後一過性ST上昇とCK/CK-MB上昇を伴うが、経過からは治療過程の変化であり主リソースは基礎の不安定狭心症に対する血行再建。
- DPC6はI20.0→050050「狭心症、慢性虚血性心疾患」となり、そこにK548が手術Kコードとして登録されており、今回実施Kコードと完全整合。",x,,分岐なし（xのみ）,,x,,分岐なし（xのみ）,,97,その他の手術（1件のKコードが他パターンに非該当）,K548(経皮的冠動脈形成術（特殊カテーテルによるもの）（高速回転式経皮経管アテレクトミーカテーテルによるもの）),x,処置等1の分岐なし,0,トリガーにマッチする処置コードなし,x,副傷病の分岐なし,,x,重症度の分岐なし (全 x),,050050xx97x0xx,"入院期間I:3日/4085点
入院期間II:7日/2612点
入院期間III:30日/2220点","入院日数18日
入院期間I:4085×3日=12255
入院期間II:2612×4日=10448
入院期間III:2220×11日=24420
合計:47123",47123,selected,,false,false,,050050xx97x0xx,,050050xx97x0xx,1000,同点候補なし,,,
4025880,2026-07-12,2026-07-29,ok,94.5,I50.0,PCI後心不全（虚血性心疾患に伴う急性うっ血性心不全）,うっ血性心不全,0.65,050130,心不全,"1. 入院目的: 狭心症に対するPCI目的入院だが、主治医が「術後の心不全はなるだろう」「心不全に関しては想定通り」と記載しており、PCI後の容量負荷・心機能悪化への管理も主要目的の一つとなっている。
2. 主病名: NT-proBNP 3274→7598 pg/mLと高値で、心エコーで左房拡大、RVSP軽度上昇、カルペリチド持続投与・体重コントロールといった治療から急性うっ血性心不全 I50.0/I50.9 相当と判断。
3. 中心治療: カルペリチド持続（数日間）、点滴調整、酸素、心拍・SpO2監視（D220/D223）、NT-proBNPフォローなど心不全治療に医療資源を投下。
- PCI後、腎機能悪化とともに心不全が顕在化し、数日間にわたりカルペリチド等による集中管理が必要であった点から、急性心不全自体も今回入院中に大きな資源を消費している。
- DPC6上はI50.x→050130「心不全」となり、心不全DPCはカルペリチド、酸素、持続点滴、モニタリングの組み合わせと整合。
- 狭心症と同じ入院ストーリーの中で隣接する診断であり、どちらを主とするか実務上揺れうるため、独立候補として保持。",x,,分岐なし（xのみ）,,x,,分岐なし（xのみ）,,97,その他の手術（1件のKコードが他パターンに非該当）,K548(経皮的冠動脈形成術（特殊カテーテルによるもの）（高速回転式経皮経管アテレクトミーカテーテルによるもの）),0,トリガーにマッチする処置コードなし,0,"処置等2=0: H000(心大血管疾患リハビリテーション料（１）（１単位）（理学療法士による場合）)[レセ電=180744210, 実施日=2026-07-14;2026-07-15;2026-07-17;2026-07-21;2026-07-22;2026-07-24;2026-07-25;2026-07-26;2026-07-27;2026-07-28], H000(心大血管疾患リハビリテーション料（１）（１単位）（集団療法による場合）)[レセ電=180744610, 実施日=2026-07-27]",0,トリガーに該当する副傷病なし,,x,重症度の分岐なし (全 x),,050130xx97000x,"入院期間I:9日/3140点
入院期間II:18日/2264点
入院期間III:60日/1924点","入院日数18日
入院期間I:3140×9日=28260
入院期間II:2264×9日=20376
合計:48636",48636,rejected,上位候補に劣る,,,,,,,,,,,
4025880,2026-07-12,2026-07-29,ok,94.5,N18.4,慢性腎臓病ステージ4,慢性腎臓病ステージＧ４,0.55,110280,慢性腎炎症候群・慢性間質性腎炎・慢性腎不全,"1. 入院目的: 狭心症治療が主だが、「慢性腎臓病stage4」「CKDG5」と繰り返し記載され、造影や輸液・輸血に際し腎機能悪化リスクへの配慮が入院管理上の大きな要素となっている。
2. 主病名: 入院時Cr 3.52、eGFR 12–14 mL/min、CKD stage4〜5相当と評価されており、N18.4 慢性腎臓病ステージG4が妥当（透析導入記載なし）。
3. 中心治療: 造影前後の補液戦略、腎機能・電解質（K, BUN, Cr）、尿検査・シスタチンCなど腎関連検査多数、輸血時の腎への負荷考慮など、腎機能保護のための精密管理に医療資源が投入。
- CKDはPCIのリスクを規定し、入院中の検査・補液・薬剤選択（DAPT, 利尿薬量など）に強く影響しているため、背景疾患としての重要性が高い。
- DPC6はN18.4→110280「慢性腎炎症候群・慢性間質性腎炎・慢性腎不全」となり、今回の入院で透析や腎特異的手術は無いものの、検査・補液管理と整合して最資源投入病名候補となりうる。",x,,分岐なし（xのみ）,,x,,分岐なし（xのみ）,,97,その他の手術（1件のKコードが他パターンに非該当）,K548(経皮的冠動脈形成術（特殊カテーテルによるもの）（高速回転式経皮経管アテレクトミーカテーテルによるもの）),x,処置等1の分岐なし,0,トリガーにマッチする処置コードなし,0,トリガーに該当する副傷病なし,,x,重症度の分岐なし (全 x),,110280xx97x00x,"入院期間I:6日/3004点
入院期間II:11日/2131点
入院期間III:30日/1811点","入院日数18日
入院期間I:3004×6日=18024
入院期間II:2131×5日=10655
入院期間III:1811×7日=12677
合計:41356",41356,rejected,点数が低い (差 5767),,,,,,,,,,,
4148967,2026-06-27,2026-07-06,ok,71.6,K566,便秘に伴う閉塞性大腸炎（S状結腸〜直腸）,閉塞性大腸炎,0.86,060210,ヘルニアの記載のない腸閉塞,"1. 入院目的: 「便秘による閉塞性腸炎」で腹痛・血圧低下のため救急搬送され緊急入院と明記されている。
2. 主病名: CTでS状結腸〜直腸の高度壁肥厚と多量の便塊があり「閉塞性腸炎の所見」「重症閉塞性腸炎」と記載されており、ICD-10 K566 閉塞性大腸炎が最も整合する。
3. 中心治療: 絶食・腸管安静・補液点滴（G004）、酸素投与（J024）、心拍呼吸モニタ（D220, D223）、繰り返しの血液検査・血液ガス（D007, D005, D006, D007, D419）、抗菌薬投与が継続され入院全体の主要資源が投下されている。
4. 腹部症状・炎症反応（CRP・WBC）・アミラーゼ高値に対し集中的に経過観察と治療が行われており、入院期間の大半で管理の中心となっている。
5. 便秘（K590）は誘因として重要だが、入院契機かつ重症度評価・絶食管理・抗菌薬の対象は腸炎・腸閉塞病態であり、最資源投入病名としてはK566が上位と判断できる。
6. DPC6 はK566→060210（ヘルニアの記載のない腸閉塞）となり、手術分岐Kコードを伴わない保存的治療例として本症例（手術なし、保存的に改善）と矛盾しない。",x,,分岐なし（xのみ）,,x,,分岐なし（xのみ）,,99,手術なし,,0,トリガーにマッチする処置コードなし,0,トリガーにマッチする処置コードなし,0,トリガーに該当する副傷病なし,,x,重症度の分岐なし (全 x),,060210xx99000x,"入院期間I:4日/3293点
入院期間II:8日/2336点
入院期間III:30日/1985点","入院日数10日
入院期間I:3293×4日=13172
入院期間II:2336×4日=9344
入院期間III:1985×2日=3970
合計:26486",26486,selected,,true,false,0.9,060210xx99000x,060210xx99000x,060210xx99000x,1000,同点候補あり,入院目的として「便秘による閉塞性腸炎」と明記され、救急搬送の主訴も腹痛・血圧低下であり、入院管理は絶食・腸管安静・補液・抗菌薬など消化器内科での閉塞性腸炎治療が中心。右膝偽痛風は入院後に発生し退院延期・転科の要因だが、当初からの入院契機・主たる医療資源投入はK566に対応する閉塞性大腸炎であり、DPC6=060210が主病名として妥当。,,
4148967,2026-06-27,2026-07-06,ok,71.6,A099,急性大腸炎（閉塞性腸炎を含む急性大腸炎カテゴリ）,急性大腸炎,0.62,060380,ウイルス性腸炎,"1. 入院目的: 腹痛と血圧低下で搬送され、「便秘による閉塞性腸炎」ないし「何らかの大腸炎疑い」として緊急入院している。
2. 主病名: 画像読影では「何らかの大腸炎が疑われます」とされ、血便も出現しており、感染性・虚血性など原因が特定されない急性大腸炎として包括するとA099 急性大腸炎が妥当な包括コード候補となる。
3. 中心治療: 絶食・腸管安静・輸液・抗菌薬・頻回の採血で炎症反応やアミラーゼの推移を追っており、原因未同定の急性大腸炎としても入院資源の大部分が投下されている。
4. 「閉塞性腸炎」という表現は病態記述であり、実際には便秘を背景にした急性大腸炎と解釈可能で、明確な機械的腸閉塞所見（小腸拡張など）は弱い記載であるため、より広い大腸炎カテゴリコードも並行候補として保持する価値がある。
5. DPC6 はA099→060380（ウイルス性腸炎）にマップされ、手術を伴わない保存的加療・短期入院という本症例の経過とも整合する消化器DPCであり、060210との差し替え候補として運用可能である。",x,,分岐なし（xのみ）,,x,,分岐なし（xのみ）,,xx,パターン xx,,x,処置等1の分岐なし,0,トリガーにマッチする処置コードなし,0,トリガーに該当する副傷病なし,,x,重症度の分岐なし (全 x),,060380xxxxx00x,"入院期間I:2日/3130点
入院期間II:4日/2221点
入院期間III:30日/1888点","入院日数10日
入院期間I:3130×2日=6260
入院期間II:2221×2日=4442
入院期間III:1888×6日=11328
合計:22030",22030,rejected,点数が低い (差 4456),,,,,,,,,,,
4148967,2026-06-27,2026-07-06,ok,71.6,K590,便秘症（閉塞性腸炎の背景となった重症便秘）,便秘症,0.5,060570,その他の消化器等の障害,"1. 入院目的: 主訴に「腹痛、便秘」とあり、現病歴でも「数日排便がなかった」ことが強調されており、便秘が腸炎・閉塞性病態の直接の背景となっている。
2. 主病名: カルテ上「便秘による閉塞性腸炎」と表現されており、病態連鎖の起点として便秘症（K590）を独立した診断として位置づけ可能である。
3. 中心治療: 入院後早期から腸管安静に加え、炎症改善後は緩下剤アミティーザが開始・継続されており、退院後も便通管理が重要な治療テーマとなっている。
4. 本入院での最大資源は腸炎そのものへの対応だが、便秘症が治療計画の中で繰り返し言及されアミティーザ継続依頼もあるため、病態の原疾患側として最資源投入病名候補に含める意義がある。
5. DPC6 はK590→060570（その他の消化器等の障害）であり、消化器内科入院・保存的治療の枠内で本症例のような機能性・重症便秘に対応しうるDPCとして整合する。",x,,分岐なし（xのみ）,,x,,分岐なし（xのみ）,,99,手術なし,,x,処置等1の分岐なし,0,トリガーにマッチする処置コードなし,x,副傷病の分岐なし,,x,重症度の分岐なし (全 x),,060570xx99x0xx,"入院期間I:3日/3235点
入院期間II:6日/2182点
入院期間III:30日/1854点","入院日数10日
入院期間I:3235×3日=9705
入院期間II:2182×3日=6546
入院期間III:1854×4日=7416
合計:23667",23667,rejected,点数が低い (差 2819),,,,,,,,,,,
4148967,2026-06-27,2026-07-06,ok,71.6,M1126,右膝偽痛風発作（尿酸結晶性関節炎を含む）,膝関節偽痛風,0.58,070510,痛風、関節の障害（その他）,"1. 入院目的: 当初の入院目的は閉塞性腸炎だが、入院中に右膝痛・腫脹が前景化し、退院予定が延期され整形外科転科となっており、後半の入院資源がこの関節病態にシフトしている。
2. 主病名: 右膝に腫脹・体動時痛あり、関節穿刺で淡血性・粘稠な液を20cc採取し、尿酸結晶陽性・感染否定的で「偽痛風あるいは変形性膝関節症による症状考慮。→尿酸結晶検出。」と記載されている。部位明記から、膝関節偽痛風 M1126 が最も具体的に一致する。
3. 中心治療: 関節穿刺・関節液検査（D405, D017, D018）、画像検査（膝Xp, CT）、鎮痛薬投与やリハビリテーション導入、退院延期・整形外科転科といった追加の入院日数・人的資源がこの膝疾患に伴って発生している。
4. 腸炎が落ち着いた後も膝痛が増悪し「退院は延期。整形外科に転科の方針」となっているため、入院後半での資源投入の主因として最資源投入病名候補に含めるのが妥当である。
5. DPC6 はM1126→070510（痛風、関節の障害（その他））となり、関節穿刺や保存的治療中心の本症例と矛盾しない整形外科DPCである。",x,,分岐なし（xのみ）,,x,,分岐なし（xのみ）,,99,手術なし,,x,処置等1の分岐なし,x,処置等2の分岐なし,x,副傷病の分岐なし,,x,重症度の分岐なし (全 x),,070510xx99xxxx,"入院期間I:5日/3246点
入院期間II:9日/2056点
入院期間III:30日/1748点","入院日数10日
入院期間I:3246×5日=16230
入院期間II:2056×4日=8224
入院期間III:1748×1日=1748
合計:26202",26202,rejected,点数が低い (差 284),,,,,,,,,,,
4148967,2026-06-27,2026-07-06,ok,71.6,M171,一側性変形性膝関節症（右膝）,一側性変形性膝関節症,0.44,070230,膝関節症（変形性を含む。）,"1. 入院目的: 腸炎入院中に右膝痛が顕在化し、整形外科紹介の契機となっているが、背景に慢性の変形性膝関節症が疑われている。
2. 主病名: 画像所見で「MJS狭小化、骨棘＋」とあり慢性変性変化が示され、関節液所見と合わせて「偽痛風あるいは変形性膝関節症による症状」と記載されている。部位として右膝の一側病変と読めるため、M171 一側性変形性膝関節症を候補とする。
3. 中心治療: 急性期には偽痛風発作への対応が中心だが、今後のフォロー・外側ウェッジなど長期管理が検討されており、リハビリテーションも実施されている点から、慢性変性疾患としても入院計画に影響している。
4. ただし今回入院での急性資源投入の直接原因は炎症性発作（偽痛風）側が大きく、変形性膝関節症はその基盤疾患としての位置づけであるため、最資源投入病名としての優先度は偽痛風（M1126）より下げて評価する。
5. DPC6 はM171→070230（膝関節症（変形性を含む。））に対応し、将来的に手術・装具療法などへ進展した場合のDPCとして妥当であり、本入院では保存的管理・リハビリ中心の症例として位置づけられる。",x,,分岐なし（xのみ）,,x,,分岐なし（xのみ）,,99,手術なし,,x,処置等1の分岐なし,x,処置等2の分岐なし,x,副傷病の分岐なし,,x,重症度の分岐なし (全 x),,070230xx99xxxx,"入院期間I:4日/2824点
入院期間II:10日/1980点
入院期間III:30日/1683点","入院日数10日
入院期間I:2824×4日=11296
入院期間II:1980×6日=11880
合計:23176",23176,rejected,点数が低い (差 3310),,,,,,,,,,,
4168488,2026-07-04,2026-07-23,ok,97.4,K803,総胆管結石性胆管炎,総胆管結石性胆管炎,0.9,060340,胆管（肝内外）結石、胆管炎,"1. 入院目的: 気分不良で救急受診し、肝障害と胆嚢拡張・胆石を指摘され「総胆管結石性胆管炎疑い」で緊急入院。
2. 主病名: カルテで一貫して「総胆管結石性胆管炎」と記載され、ERCPで総胆管結石と胆管炎所見を確認したため K803 を選択。
3. 中心治療: 抗菌薬点滴、絶食管理、心拍・SpO2監視、G004補液、K688 に該当するERCP＋EBS/EPS留置と後日の再ERCPによる結石除去。
4. 入院全期間を通じて胆管炎と総胆管結石の治療・フォローが中心であり、内視鏡的胆道ステント留置術という侵襲的処置が実施されている。
5. 肝逸脱酵素・ビリルビン高値、胆管拡張、WBC上昇から胆管炎として臨床像が合致し、ERCPで結石除去により肝機能が改善している。
6. ICD-10 K803 は総胆管結石性胆管炎を直接表し、DPC6「060340 胆管（肝内外）結石、胆管炎」に対応し、その手術Kコード群に K688 が含まれており、今回の処置内容と完全に整合する。",x,,分岐なし（xのみ）,,x,,分岐なし（xのみ）,,03,パターン 03（必須Kコード 1 マッチ）,K688(内視鏡的胆道ステント留置術),x,処置等1の分岐なし,0,トリガーにマッチする処置コードなし,0,トリガーに該当する副傷病なし,,x,重症度の分岐なし (全 x),,060340xx03x00x,"入院期間I:4日/3233点
入院期間II:7日/2294点
入院期間III:30日/1950点","入院日数20日
入院期間I:3233×4日=12932
入院期間II:2294×3日=6882
入院期間III:1950×13日=25350
合計:45164",45164,rejected,点数が低い (差 7341),,,,,,,,,,,
4168488,2026-07-04,2026-07-23,ok,97.4,K858,ERCP後膵炎（術後膵炎）,術後膵炎,0.7,060350,急性膵炎、被包化壊死,"1. 入院目的: 当初は総胆管結石性胆管炎治療目的だが、7/5 ERCP翌日にアミラーゼ・P型アミラーゼが高度上昇（1401 U/L）し、絶食継続が必要な状態となった。
2. 主病名: ERCP後に膵酵素が著明上昇し、腹部違和感ながら腹痛軽度で、医師所見で「アミラーゼ上昇しており、絶食継続」と明記されており、内視鏡後急性膵炎として K858（術後膵炎）が妥当。
3. 中心治療: 絶食期間延長、補液、鎮痛・アミラーゼフォロー（7/6, 7/7, 7/9, 7/14 など多数回）、胆管治療計画の一時延期等により入院期間・管理資源が増大。
4. ERCPに起因する急性膵炎は胆管炎治療の重要な合併症であり、一時的とはいえ入院マネジメントの中心になっている期間がある。
5. ICD-10 術後膵炎 K858 はERCP後膵炎の病態と合致し、対応するDPC6は060350 急性膵炎、被包化壊死であり、膵炎管理（絶食・補液・検査中心）という今回の資源投入内容と整合する。",x,,分岐なし（xのみ）,,x,,分岐なし（xのみ）,,01,パターン 01（必須Kコード 1 マッチ）,K688(内視鏡的胆道ステント留置術),0,トリガーにマッチする処置コードなし,0,トリガーにマッチする処置コードなし,x,副傷病の分岐なし,,0,sev_mild_severe の値を取得できず → デフォルト (今回入院は総胆管結石性胆管炎に対する治療であり、急性膵炎としての診断・重症度評価の明記がなく、A項目全項目も網羅できないため、急性膵炎スコアを確定できない。),[2026-07-06]2026/07/06 00:00採血：CRP 1.84 mg/dL，BUN 7.4 mg/dL，Ca 8.1 mg/dL（補正Ca 9.5），WBC 4.5×10^3/μL，血小板数 14.7万/μL など一部A項目関連データはあるが、PaO2・PaCO2・BE・収縮期血圧などは記載なし。; [2026-07-07]2026/07/07 06:00採血：CRP 1.28 mg/dL，BUN 7.6 mg/dL，WBC 5.7×10^3/μL，血小板数 15.3万/μL などを確認できるが、急性膵炎スコア評価自体の記載はない。; [2026-07-04]診断名は総胆管結石性胆管炎疑いとして入院、経過中も「総胆管結石性胆管炎」「ERCP後」と記載されており、急性膵炎としての診断名や重症度スコア評価の記載はない。,060350xx0100x0,"入院期間I:5日/3602点
入院期間II:10日/2555点
入院期間III:30日/2172点","入院日数20日
入院期間I:3602×5日=18010
入院期間II:2555×5日=12775
入院期間III:2172×10日=21720
合計:52505",52505,selected,,false,false,,060350xx0100x0,,060350xx0100x0,1000,同点候補なし,,,
4168488,2026-07-04,2026-07-23,ok,97.4,M1126,両膝偽痛風（両側結晶誘発性膝関節炎）,膝関節偽痛風,0.6,070510,痛風、関節の障害（その他）,"1. 入院目的: 胆管炎治療中の週末から両膝痛と熱感・腫脹が出現し、整形外科コンサルトで「両膝偽痛風」「両側結晶誘発性膝関節炎」と診断された。
2. 主病名: 関節液が黄色・混濁・牽糸性で大量貯留し、結晶性関節炎像であり、部位は両膝のため ICD-10 は膝関節偽痛風 M1126 が適切。
3. 中心治療: 両膝穿刺・関節液検査（D018, D017, D007〈関節液〉）、鎮痛薬の定期内服、疼痛によるADL低下に対し廃用症候群リハビリ（H001-21 など）を実施し、リハビリ転院の主因となっている。
4. 胆管炎はほぼ軽快している時期に偽痛風が発症し、その後の入院延長と転院調整の中心問題となっているため、入院後半に限れば最資源投入病名として十分成立しうる。
5. ICD-10 M1126 は膝関節偽痛風を表し、対応DPC6は070510 痛風、関節の障害（その他）で、膝関節疾患に対するリハビリテーション・鎮痛管理という実際の資源投入内容と整合する。",x,,分岐なし（xのみ）,,x,,分岐なし（xのみ）,,97,その他の手術（1件のKコードが他パターンに非該当）,K688(内視鏡的胆道ステント留置術),x,処置等1の分岐なし,x,処置等2の分岐なし,x,副傷病の分岐なし,,x,重症度の分岐なし (全 x),,070510xx97xxxx,"入院期間I:8日/3040点
入院期間II:18日/2053点
入院期間III:60日/1745点","入院日数20日
入院期間I:3040×8日=24320
入院期間II:2053×10日=20530
入院期間III:1745×2日=3490
合計:48340",48340,rejected,点数が低い (差 4165),,,,,,,,,,,
4168488,2026-07-04,2026-07-23,ok,97.4,M6259,廃用症候群（胆管炎治療・偽痛風に伴うADL低下）,廃用症候群,0.45,070320,筋拘縮・萎縮（その他）,"1. 入院目的: 当初は胆管炎治療だが、高齢で緊急入院・絶食・安静、さらに両膝偽痛風による疼痛で歩行困難となり、「ADL低下あり、今後はリハビリ転院」と記載されている。
2. 主病名: 明示的に「廃用症候群」と診断はされていないが、H001-21 廃用症候群リハビリテーション料が算定されており、胆管炎・偽痛風に伴う全身筋力低下・活動性低下として M6259 廃用症候群を臨床的に復元可能。
3. 中心治療: 廃用に対する早期リハビリ（初期加算・早期加算）、リハビリ総合計画評価、転院調整など、人的資源が一定量投下されている。
4. 胆管炎や偽痛風に比べて直接的な侵襲的処置はないものの、長期のADL評価とリハビリテーション、転院計画立案など入院後半のマネジメントを規定しており、条件次第では主病名候補となりうる。
5. ICD-10 M6259 は廃用症候群に対応し、DPC6は070320 筋拘縮・萎縮（その他）で、廃用に対するリハビリテーション中心の資源投入構造を反映できる。",x,,分岐なし（xのみ）,,x,,分岐なし（xのみ）,,97,その他の手術（1件のKコードが他パターンに非該当）,K688(内視鏡的胆道ステント留置術),x,処置等1の分岐なし,x,処置等2の分岐なし,x,副傷病の分岐なし,,x,重症度の分岐なし (全 x),,070320xx97xxxx,"入院期間I:16日/2741点
入院期間II:36日/2028点
入院期間III:90日/1723点","入院日数20日
入院期間I:2741×16日=43856
入院期間II:2028×4日=8112
合計:51968",51968,rejected,点数が低い (差 537),,,,,,,,,,,
4192390,2026-06-30,2026-07-22,ok,71.5,K830,急性胆管炎疑い（総胆管結石は指摘されず）,急性胆管炎,0.78,060340,胆管（肝内外）結石、胆管炎,"1. 入院目的: 失神・意識障害で搬送されたが、検査で胆管炎疑い・肝機能障害・炎症反応高値を認め、胆管炎疑いで入院となった。
2. 主病名: カルテ上「#1.胆管炎疑い」「急性胆管炎に対してERCPを施行」と一貫して記載されており、臨床的には急性胆管炎（原因不明／結石不明）として対応している → K830（急性胆管炎）。
3. 中心治療: 抗生剤投与、ERCPによるEST・EBD、内視鏡的胆道ステント留置術(K688)、その後のステント抜去、連日の採血・モニタリング等に最も医療資源が投下されている。
4. K688は060340「胆管（肝内外）結石、胆管炎」の手術枝に含まれており、本疾患とDPC6の整合が良い。
5. 入院経過で炎症反応は改善し、肝胆道系酵素も最終的に低下しており、治療の主対象が胆道感染・炎症であったことが示唆される。
6. 退院サマリでも入院経過として胆管炎疑いとERCP/ステント留置・抜去を中心に記載されており、今回入院を規定した病態として妥当。
7. 鑑別として総胆管結石性胆管炎（K803）もあるが、画像で結石は「はっきりせず」と繰り返し記載されているため、原因不明の急性胆管炎コードを優先候補とした。",x,,分岐なし（xのみ）,,x,,分岐なし（xのみ）,,03,パターン 03（必須Kコード 1 マッチ）,K688(内視鏡的胆道ステント留置術),x,処置等1の分岐なし,0,トリガーにマッチする処置コードなし,0,副傷病なし（AI/EF探索で該当なし）,,x,重症度の分岐なし (全 x),,060340xx03x00x,"入院期間I:4日/3233点
入院期間II:7日/2294点
入院期間III:30日/1950点","入院日数23日
入院期間I:3233×4日=12932
入院期間II:2294×3日=6882
入院期間III:1950×16日=31200
合計:51014",51014,selected,,false,false,,060340xx03x00x,,060340xx03x00x,1000,同点候補なし,,,
4192390,2026-06-30,2026-07-22,ok,71.5,K811,慢性胆のう炎（疑い）,慢性胆のう炎,0.42,060335,胆嚢炎等,"1. 入院目的: 失神で搬送された際のCTで「胆嚢壁肥厚：慢性胆嚢炎の可能性」「慢性胆嚢炎疑い」と記載されており、胆道系の既存病変として認識されている。
2. 主病名: 画像で胆嚢壁肥厚があり、周囲脂肪織濃度上昇や有意な腫大はなく慢性胆嚢炎の所見に合致する → K811（慢性胆のう炎）。
3. 中心治療: 今回入院中に胆嚢切除など胆嚢自体への外科的介入は行われていないが、胆道系全体の評価（CT、ERCP、胆汁培養、肝胆道系酵素フォロー）が繰り返されており、基礎病変としての慢性胆嚢炎も鑑別・評価の対象となっていた。
4. DPC上はK811→060335「胆嚢炎等」であり、K688はこのDPC群の必須Kコードリストにはないが、胆道病変の背景としては整合的であり、胆道病変の包括的評価入院として本コードを候補に保持する意味がある。
5. ただし実際の医療資源投下の中心は胆管側（ERCP・ステント）であり、慢性胆嚢炎単独での治療は行われていないため、主病名としての可能性はやや低めと評価する。",x,,分岐なし（xのみ）,,x,,分岐なし（xのみ）,,97,その他の手術（1件のKコードが他パターンに非該当）,K688(内視鏡的胆道ステント留置術),x,処置等1の分岐なし,0,トリガーにマッチする処置コードなし,x,副傷病の分岐なし,,x,重症度の分岐なし (全 x),,060335xx97x0xx,"入院期間I:7日/3365点
入院期間II:15日/2401点
入院期間III:60日/2041点","入院日数23日
入院期間I:3365×7日=23555
入院期間II:2401×8日=19208
入院期間III:2041×8日=16328
合計:59091",59091,rejected,上位候補に劣る,,,,,,,,,,,
4192390,2026-06-30,2026-07-22,ok,71.5,I951,体位性失神（機序不詳の失神発作）,体位性失神,0.4,050200,循環器疾患（その他）,"1. 入院目的: 2026年6月30日昼に意識障害（失神）を認め救急搬送されており、カルテの主訴・入院契機は「失神」である。
2. 主病名: 明らかな脳出血や心筋梗塞は否定されており、既往に心筋梗塞PCI後・下肢閉塞性動脈硬化症など循環器疾患を有する高齢者で、降圧薬・利尿薬も多剤内服中。血圧低下エピソードも記載されており、体位変化や血圧変動に伴う体位性／神経調節性失神が疑われる → 循環器系コードとしてI951（体位性失神）を候補とする。
3. 中心治療: 失神自体に対しては点滴補液(G004)、循環動態評価（心電図D208、心エコーD215）、血圧・心拍・呼吸監視(D220)などのモニタリングが行われている。ERCPや胆道処置よりは侵襲度は低いが、入院契機としての重要度は高い。
4. DPCではI951→050200「循環器疾患（その他）」となり、今回のK688とは別系統のDPC群となるが、もし胆管炎が否定的と評価され資源投入の比重がそれほど大きくなかったと判断される場合、失神精査入院として循環器DPCが選択され得るため、第二グループの候補として保持する。
5. ただし実際には胆道系検査・内視鏡治療に相当な資源が投入されており、失神に対する追加の高度処置（ペーシング、カテーテル検査等）は行われていないため、最資源投入病名としての優先度は胆道系疾患群より低いと評価する。",x,,分岐なし（xのみ）,,x,,分岐なし（xのみ）,,xx,パターン xx,,x,処置等1の分岐なし,x,処置等2の分岐なし,x,副傷病の分岐なし,,x,重症度の分岐なし (全 x),,050200xxxxxxxx,"入院期間I:3日/3337点
入院期間II:6日/2360点
入院期間III:30日/2006点","入院日数23日
入院期間I:3337×3日=10011
入院期間II:2360×3日=7080
入院期間III:2006×17日=34102
合計:51193",51193,rejected,上位候補に劣る,,,,,,,,,,,
4224945,2026-05-27,2026-06-09,ok,81.3,C248,肝門部領域胆管癌,肝門部胆管癌,0.72,060060,胆嚢、肝外胆管の悪性腫瘍,"1. 入院目的: 肝門部領域胆管癌に対するEBS閉塞を契機とした胆管炎再燃で入院し、既存ステントの抜去と再留置目的でERCP施行。
2. 主病名: カルテ上「肝門部領域胆管癌」と明記されており、肝門部胆管を主座とする悪性腫瘍としてC248肝門部胆管癌が妥当。
3. 中心治療: 抗癌剤治療（今回入院前から継続）、胆道内ステント留置維持のためのERCP＋EBS複数本入れ替え、胆管炎・肝膿瘍に対する抗菌薬治療、ドレナージ管理。
- 本入院の直接契機は胆管炎だが、その原因は肝門部胆管癌による胆道閉塞であり、悪性腫瘍自体が長期的な医療資源投入の中心。
- 画像・既往から原発巣として肝門部肝外胆管の癌が明確であり、C248（肝門部胆管癌）がC240（肝外胆管癌一般）よりも具体的。
- DPC6はC248→060060（胆嚢、肝外胆管の悪性腫瘍）に対応し、胆道内ステント関連のK688は同じ消化器胆道領域で、進行胆管癌患者の緩和的胆道ドレナージとして整合。
- ただし今回入院中の直接の侵襲的手技の対象は『EBS閉塞性胆管炎』であり、悪性腫瘍自体への新たな手術は行っていないため、胆管炎・肝膿瘍との相対評価が必要である。",x,,分岐なし（xのみ）,,x,,分岐なし（xのみ）,,97,その他の手術（1件のKコードが他パターンに非該当）,K688(内視鏡的胆道ステント留置術),1,"処置等1=1: K688(内視鏡的胆道ステント留置術)[レセ電=150254410, 実施日=2026-05-29]",0,トリガーにマッチする処置コードなし,x,副傷病の分岐なし,,x,重症度の分岐なし (全 x),,060060xx9710xx,"入院期間I:5日/3253点
入院期間II:10日/2307点
入院期間III:30日/1961点","入院日数14日
入院期間I:3253×5日=16265
入院期間II:2307×5日=11535
入院期間III:1961×4日=7844
合計:35644",35644,rejected,点数が低い (差 9288),,,,,,,,,,,
4224945,2026-05-27,2026-06-09,ok,81.3,K830,急性閉塞性胆管炎（肝門部胆管癌に伴う再発性胆管炎）,急性胆管炎,0.83,060340,胆管（肝内外）結石、胆管炎,"1. 入院目的: 「EBS閉塞性胆管炎で入院」「胆管炎を繰り返し入退院」「胆管炎再燃を疑われ、昨日緊急入院」と明記されており、本入院の直接契機は閉塞性胆管炎。
2. 主病名: 肝門部胆管癌に伴うEBS閉塞により発症した急性胆管炎として、急性胆管炎K830が最も適合する（再発性・閉塞性・化膿性胆管炎も同コード内）。
3. 中心治療: 入院直後からの点滴抗菌薬、ERCP＋EBS抜去・凝血塊除去・新規EBS3本留置（K688）、輸液（G004）、連日の血液検査・画像検査により炎症・肝胆道系酵素をフォロー。
- カルテに「EBS閉塞性胆管炎」「閉塞性胆管炎 EBS交換後」と繰り返し記載され、ERCPという侵襲的処置の直接対象。
- search結果でK830（急性胆管炎／再発性胆管炎など）がDPC6 060340に対応し、そのsurgery_k_codesにK688内視鏡的胆道ステント留置術が含まれ、本症例のK688と完全に整合。
- 胆管炎に対するERCP＋ステント再留置は今回入院で最も高侵襲かつ高資源な処置であり、CRP高値→改善・抗菌薬変更など入院全期間を通じて管理の中心となっている。
- 背景に肝門部胆管癌があるものの、本入院の資源投入の多くは急性胆管炎のコントロールに向けられているため、最資源投入病名候補として非常に有力。",x,,分岐なし（xのみ）,,x,,分岐なし（xのみ）,,03,パターン 03（必須Kコード 1 マッチ）,K688(内視鏡的胆道ステント留置術),x,処置等1の分岐なし,0,トリガーにマッチする処置コードなし,0,副傷病なし（AI/EF探索で該当なし）,,x,重症度の分岐なし (全 x),,060340xx03x00x,"入院期間I:4日/3233点
入院期間II:7日/2294点
入院期間III:30日/1950点","入院日数14日
入院期間I:3233×4日=12932
入院期間II:2294×3日=6882
入院期間III:1950×7日=13650
合計:33464",33464,rejected,点数が低い (差 11468),,,,,,,,,,,
4224945,2026-05-27,2026-06-09,ok,81.3,K750,肝膿瘍（胆管炎性・微小肝膿瘍）,肝膿瘍,0.7,060310,肝膿瘍（細菌性・寄生虫性疾患を含む。）,"1. 入院目的: 総合腫瘍科で胆管炎再燃を疑われ緊急入院したが、画像で新規肝膿瘍（S5）と微小肝膿瘍の存在が指摘され、本入院中も「微小肝膿瘍あり」として継続管理されている。
2. 主病名: 画像所見とドレーン管理・抗菌薬治療から、胆管炎性微小肝膿瘍としてK750（肝膿瘍）が妥当（原因菌やアメーバ性の記載なく、化膿性/胆管炎性肝膿瘍の包括コード）。
3. 中心治療: 抗菌薬投与の継続と変更（CRP上昇に応じて変更、経口LVFXへde-escalation）、肝膿瘍ドレーンからの排液観察（J002）、連日の採血・画像でのフォロー。
- US・CTで明確に膿瘍疑いとされ、入院中の抗菌薬治療・ドレーン管理の重要なターゲットとなっている。
- search結果でK750→DPC6 060310（肝膿瘍）となり、surgery_k_codesに肝膿瘍ドレナージ関連K691等が含まれ、本症例でもJ002ドレナージ管理が行われており整合性が高い。
- 胆管炎と同一感染エピソードの一部と捉えられるが、実際にドレーン留置・排液評価が行われていることから、肝内フォーカスとして独立に相当の医療資源が費やされている。
- ただし、本入院での最大侵襲処置はERCP＋EBS交換であり、それに比べるとやや従となるため、急性胆管炎よりやや低めの主病名候補と評価。",x,,分岐なし（xのみ）,,x,,分岐なし（xのみ）,,97,その他の手術（1件のKコードが他パターンに非該当）,K688(内視鏡的胆道ステント留置術),x,処置等1の分岐なし,x,処置等2の分岐なし,x,副傷病の分岐なし,,x,重症度の分岐なし (全 x),,060310xx97xxxx,"入院期間I:11日/3431点
入院期間II:22日/2397点
入院期間III:60日/2038点","入院日数14日
入院期間I:3431×11日=37741
入院期間II:2397×3日=7191
合計:44932",44932,selected,,false,false,,060310xx97xxxx,,060310xx97xxxx,1000,同点候補なし,,,
4224945,2026-05-27,2026-06-09,ok,81.3,C787,転移性肝腫瘍（疑い）,転移性肝腫瘍,0.42,060050,肝・肝内胆管の悪性腫瘍（続発性を含む。）,"1. 入院目的: 直接の入院契機ではないが、画像上「肝腫瘍疑い（S6、転移性肝腫瘍疑い）」とされ、既知の肝門部胆管癌の進行・転移評価が併せて行われている。
2. 主病名: 画像で転移性肝腫瘍が強く疑われており、原発胆管癌からの肝転移としてC787（転移性肝腫瘍）が候補。ただし確定生検や治療介入の記載はないため“疑い”レベル。
3. 中心治療: 今回入院では転移病変に対する新たな手術や局所治療は行われておらず、主に画像評価と経過観察に留まる。
- USでS6の腫瘤に対し「第一に転移性肝腫瘍を疑います」と明示され、進行癌としての病態把握に資源（CT・US検査）が投入されている。
- search結果でC787はDPC6 060050（肝・肝内胆管の悪性腫瘍（続発性））にマッピングされ、原発C248と同一DPC群内で評価されうる。
- しかし、今回入院の処置や薬剤は胆管炎・肝膿瘍に集中しており、転移病変そのものへの積極的治療は行われていないため、最資源投入病名としては補助的候補にとどまる。",x,,分岐なし（xのみ）,,x,,分岐なし（xのみ）,,97,その他の手術（1件のKコードが他パターンに非該当）,K688(内視鏡的胆道ステント留置術),x,処置等1の分岐なし,0,トリガーにマッチする処置コードなし,x,副傷病の分岐なし,,x,重症度の分岐なし (全 x),,060050xx97x0xx,"入院期間I:5日/3216点
入院期間II:10日/2311点
入院期間III:30日/1964点","入院日数14日
入院期間I:3216×5日=16080
入院期間II:2311×5日=11555
入院期間III:1964×4日=7856
合計:35491",35491,rejected,点数が低い (差 9441),,,,,,,,,,,
4224945,2026-06-29,2026-07-11,ok,72.4,C248,肝門部胆管癌に伴う胆道出血,肝門部胆管癌,0.86,060060,胆嚢、肝外胆管の悪性腫瘍,"1. 入院目的: 胆管癌に対する化学療法中で、胆管閉塞および胆道出血に対するステント交換・止血目的に準緊急入院。
2. 主病名: カルテで「肝門部胆管癌-Bismuth TypeⅣ【診断結果】確定」と明記されており、ICD-10 は肝門部胆管癌 C248 が適合。
3. 中心治療: ERCP下EBSステント3本交換（K688相当）と、その後の胆道出血に対する緩和放射線治療（M000/M001）。
4. 胆道出血は主として肝門部胆管癌浸潤による腫瘍性出血と評価されており、止血照射まで行っている点で、本入院の医療資源の大部分が癌関連病態に費やされている。
5. 胆管炎はEBS交換と抗菌薬で比較的速やかに鎮静化し、その後も放射線治療など癌関連治療が継続しているため、原疾患としての肝門部胆管癌を最資源投入病名候補として強く保持する。
6. DPC6はC248→060060（胆嚢、肝外胆管の悪性腫瘍）で、EF上のK688（内視鏡的胆道ステント留置術）や放射線治療M000/M001と臨床像が整合する。",x,,分岐なし（xのみ）,,x,,分岐なし（xのみ）,,97,その他の手術（1件のKコードが他パターンに非該当）,K688(内視鏡的胆道ステント留置術),1,"処置等1=1: K688(内視鏡的胆道ステント留置術)[レセ電=150254410, 実施日=2026-06-29]",2,"処置等2=2: 0008(放射線療法), M001(体外照射（高エネルギー放射線治療）（その他の場合）（１回目）（２門以上の照射を行った場合）)[レセ電=180763210, 実施日=2026-07-08;2026-07-09;2026-07-10], M001(画像誘導放射線治療加算（腫瘍の位置情報によるもの）（体外照射）)[レセ電=180054870, 実施日=2026-07-08;2026-07-09;2026-07-10], M000(放射線治療管理料（分布図の作成１回につき）（４門以上の照射を行った場合）)[レセ電=180018510, 実施日=2026-07-08], M000(放射線治療専任加算)[レセ電=180020170, 実施日=2026-07-08]",x,副傷病の分岐なし,,x,重症度の分岐なし (全 x),,060060xx9712xx,,13日 包括対象外,,rejected,包括対象外,,,,,,,,,,,
4224945,2026-06-29,2026-07-11,ok,72.4,K831,肝門部胆管癌に伴う胆道閉塞による閉塞性黄疸,閉塞性黄疸,0.8,060340,胆管（肝内外）結石、胆管炎,"1. 入院目的: 胆管ステント閉塞疑いに伴う閉塞性胆管炎・閉塞性黄疸の加療（EBS交換目的の準緊急入院）。
2. 主病名: カルテで「＃胆管癌・閉塞性黄疸」「肝門部胆管癌に伴う胆道出血・閉塞性胆管炎」と記載され、腫瘍による胆道閉塞に起因する黄疸像であり、ICD-10としては閉塞性黄疸 K831 が適合。
3. 中心治療: ERCP下のEBSステント3本抜去・新規留置（K688）、入院初期の絶食管理・抗菌薬・点滴、各種血液検査・CT評価、入院を通じた肝胆道系機能モニタリング。
4. ERCP所見で胆道出血とともにステント閉塞を疑う血餅・結石を認めており、EBS交換後に肝胆道系酵素・CRPの改善、解熱を得ていることから、本入院初期の最も直接的な資源投入先は「胆道閉塞に伴う胆管炎・黄疸の解除」と解釈できる。
5. DPC6 はK831→060340（胆管結石・胆管炎）となり、EF に記載されたK688 内視鏡的胆道ステント留置術と完全に整合し、手技の直接対象病態として主傷病候補になりうる。",x,,分岐なし（xのみ）,,x,,分岐なし（xのみ）,,03,パターン 03（必須Kコード 1 マッチ）,K688(内視鏡的胆道ステント留置術),x,処置等1の分岐なし,0,トリガーにマッチする処置コードなし,0,副傷病なし（AI/EF探索で該当なし）,,x,重症度の分岐なし (全 x),,060340xx03x00x,"入院期間I:4日/3233点
入院期間II:7日/2294点
入院期間III:30日/1950点","入院日数13日
入院期間I:3233×4日=12932
入院期間II:2294×3日=6882
入院期間III:1950×6日=11700
合計:31514",31514,selected,,false,false,,060340xx03x00x,,060340xx03x00x,1000,同点候補なし,,,
4224945,2026-06-29,2026-07-11,ok,72.4,C809,胆管癌に伴う悪性腫瘍に伴う貧血,悪性腫瘍に伴う貧血,0.45,180050,その他の悪性腫瘍,"1. 入院目的: 主目的は胆管癌に伴う胆道閉塞・胆管炎・胆道出血の加療だが、入院時より高度貧血（Hb 7g台）が存在し、がんゲノム検査や放射線治療計画と並行して評価されている。
2. 主病名: 血算で赤血球2.6〜2.8M、Hb 7〜8g/dLと持続的貧血があり、原因として進行胆管癌に伴う慢性出血・栄養低下などが考えられ、「悪性腫瘍に伴う貧血」C809が包括的に適合する。
3. 中心治療: 本入院中に輸血記載はないが、頻回採血・鉄・フェリチンなどの評価が行われており、長期的には輸血や造血刺激等の介入が想定される慢性病態である。
4. 最資源投入の中心ではないものの、高度貧血は全身状態や放射線治療適応（Child-Pugh評価など）に影響しうる重要併存疾患であり、がん関連病態として独立した候補として保持する価値がある。
5. DPC6はC809→180050（その他の悪性腫瘍）で、今回入院で直接のKコード介入は乏しいため主傷病となる可能性は相対的に低いが、進行癌患者での長期治療入院や輸血中心入院にシフトした場合には主病名化しうるため補助候補とした。",x,,分岐なし（xのみ）,,x,,分岐なし（xのみ）,,97,その他の手術（1件のKコードが他パターンに非該当）,K688(内視鏡的胆道ステント留置術),x,処置等1の分岐なし,1,"処置等2=1: 0008(放射線療法), M001(体外照射（高エネルギー放射線治療）（その他の場合）（１回目）（２門以上の照射を行った場合）)[レセ電=180763210, 実施日=2026-07-08;2026-07-09;2026-07-10], M001(画像誘導放射線治療加算（腫瘍の位置情報によるもの）（体外照射）)[レセ電=180054870, 実施日=2026-07-08;2026-07-09;2026-07-10], M000(放射線治療管理料（分布図の作成１回につき）（４門以上の照射を行った場合）)[レセ電=180018510, 実施日=2026-07-08], M000(放射線治療専任加算)[レセ電=180020170, 実施日=2026-07-08]",x,副傷病の分岐なし,,x,重症度の分岐なし (全 x),,180050xx97x1xx,"入院期間I:11日/3349点
入院期間II:24日/2442点
入院期間III:60日/2076点","入院日数13日
入院期間I:3349×11日=36839
入院期間II:2442×2日=4884
合計:41723",41723,rejected,上位候補に劣る,,,,,,,,,,,
4244478,2026-06-15,2026-07-09,ok,85.9,S7210,ひだり大腿骨転子部骨折,大腿骨転子部骨折,0.9,160800,股関節・大腿近位の骨折,"1. 入院目的：自宅での転倒による左大腿骨転子部骨折に対し骨接合術を行う目的で紹介・入院。
2. 主病名：カルテで一貫して「ひだり大腿骨転子部骨折（3PartA）」と記載されており、外傷性近位大腿骨骨折として S7210 が適合。
3. 中心治療：K046 大腿骨骨折観血的手術（Targon PF 髄内釘固定）、複数回の保存血輸血、術後長期リハビリが実施され、運動器リハビリテーションが入院中継続。
・本骨折に対して観血的骨接合術という高侵襲手術と周術期管理（輸血、リハ）が集中的に行われており、整形外科入院～リハ転院調整まで入院期間の中核を占める。
・X線・CTで「ひだり大腿骨転子部骨折」と明記されており、開放骨折の記載はないため S7210（転子部骨折）が最も妥当。
・DPC6 は160800「股関節・大腿近位の骨折」で、対応手術KコードにK046が含まれており、実施された骨折観血的手術と完全に整合する。
・胆管炎やCKDなど他病態もあるが、骨折手術とリハ目的での長期入院・転院調整を要しており、総資源投入は本骨折が最大と判断できる。",x,,分岐なし（xのみ）,,x,,分岐なし（xのみ）,,97,その他の手術（2件のKコードが他パターンに非該当）,"K046(骨折観血的手術（大腿骨骨折観血的手術）), K688(内視鏡的胆道ステント留置術)",x,処置等1の分岐なし,x,処置等2の分岐なし,x,副傷病の分岐なし,,x,重症度の分岐なし (全 x),,160800xx97xxxx,"入院期間I:4日/3082点
入院期間II:13日/2119点
入院期間III:60日/1801点","入院日数25日
入院期間I:3082×4日=12328
入院期間II:2119×9日=19071
入院期間III:1801×12日=21612
合計:53011",53011,rejected,点数が低い (差 1903),,,,,,,,,,,
4244478,2026-06-15,2026-07-09,ok,85.9,K803,総胆管結石性胆管炎,総胆管結石性胆管炎,0.85,060340,胆管（肝内外）結石、胆管炎,"1. 入院目的：当初は骨折手術目的入院だが、術後に発熱と肝胆道系酵素上昇をきたし、総胆管結石性胆管炎として消化器内科転科・加療が入院後半の中心となった。
2. 主病名：カルテに「総胆管結石性胆管炎」「総胆管結石性胆管炎に対してERCP施行」と明記されており、結石に起因する胆管炎として K803 が適合。
3. 中心治療：6/27 ERCPにてEST＋胆道ステント留置（EBS）、胆汁培養、6/30 ERCP再施行しEBS抜去＋採石＋EPLBD。内視鏡的胆道ステント留置術 K688 がEFに記録されている。
・術後発熱と肝胆道系酵素・ビリルビン上昇を背景にERCPが二度施行され、内視鏡的ドレナージと採石という高侵襲内視鏡治療が行われており、入院中盤以降の医療資源集中の主因。
・カルテ診断名は「総胆管結石性胆管炎」と一貫しており、単なる無症候性総胆管結石ではなく炎症を伴う病態であるため、K805ではなくK803を選択。
・DPC6 は060340「胆管（肝内外）結石、胆管炎」で、対応KコードにK688（内視鏡的胆道ステント留置術）等が含まれ、EF 記載のK688とよく整合。
・大腿骨骨折に次いで大きな治療イベント（2回のERCP、胆汁培養、連日血液検査・モニタリング）であり、入院期間延長や転院調整の一時中断の直接原因でもあるため、最資源投入病名候補として強い。",x,,分岐なし（xのみ）,,x,,分岐なし（xのみ）,,03,パターン 03（必須Kコード 1 マッチ）,K688(内視鏡的胆道ステント留置術),x,処置等1の分岐なし,0,トリガーにマッチする処置コードなし,0,トリガーに該当する副傷病なし,,x,重症度の分岐なし (全 x),,060340xx03x00x,"入院期間I:4日/3233点
入院期間II:7日/2294点
入院期間III:30日/1950点","入院日数25日
入院期間I:3233×4日=12932
入院期間II:2294×3日=6882
入院期間III:1950×18日=35100
合計:54914",54914,selected,,false,false,,060340xx03x00x,,060340xx03x00x,1000,同点候補なし,,,
4244478,2026-06-15,2026-07-09,ok,85.9,E875,高カリウム血症,高カリウム血症,0.65,10039x,体液・電解質・酸塩基平衡障害,"1. 入院目的：前医入院中にSpO2低下と著明な高K血症を認め、対応困難として当院へ転院となっており、転院時の直接の緊急受診理由の一つ。
2. 主病名：カルテで「＃高カリウム血症」「K 7.9〜8.4 mEq/L」「高Kで当院紹介」と明記されており、電解質異常としての E875 が適合。
3. 中心治療：入院当日からカルチコール静注、GI療法（ブドウ糖＋インスリン）、ロケルマ内服、頻回の血液ガス・電解質測定、心電図・モニタリングなど集中管理が行われた。
・受診時K 7.9〜8.4と致死的不整脈リスクの高いレベルであり、GI療法・陽イオン交換薬投与・内服中止（スピロノラクトン、Mg製剤）など集中的治療が行われ、腎臓内科が加療主体となっている。
・ICU入室記載はないが、動脈血ガス分析や連日の採血、心電図・SpO2モニタリングなど高頻度検査が集中しており、短期間ながら医療資源投入量は大きい。
・高KはCKD・心不全・薬剤の影響など複合要因と考えられるが、今回入院の契機の一つかつ初期数日間の治療の主目的であり、最資源投入病名候補として保持する価値がある。
・DPC6 は10039x「体液・電解質・酸塩基平衡障害」となり、集中管理を要した重度電解質異常として矛盾しない。",x,,分岐なし（xのみ）,,x,,分岐なし（xのみ）,,97,その他の手術（2件のKコードが他パターンに非該当）,"K046(骨折観血的手術（大腿骨骨折観血的手術）), K688(内視鏡的胆道ステント留置術)",x,処置等1の分岐なし,x,処置等2の分岐なし,x,副傷病の分岐なし,,x,重症度の分岐なし (全 x),,10039xxx97xxxx,"入院期間I:9日/3229点
入院期間II:18日/2190点
入院期間III:60日/1861点","入院日数25日
入院期間I:3229×9日=29061
入院期間II:2190×9日=19710
入院期間III:1861×7日=13027
合計:61798",61798,rejected,上位候補に劣る,,,,,,,,,,,
4244478,2026-06-15,2026-07-09,ok,85.9,N185,慢性腎臓病ステージG5,慢性腎臓病ステージＧ５,0.5,110280,慢性腎炎症候群・慢性間質性腎炎・慢性腎不全,"1. 入院目的：直接の入院契機ではないが、既往としてCKD G5があり、今回の高K血症や貧血・利尿の調整など周術期管理全般に強く影響している。
2. 主病名：カルテで「＃慢性腎臓病 CKDG5」「腎不全」等と一貫して記載され、末期腎不全に近い腎機能（eGFR約11 mL/min）で N185 が適合。
3. 中心治療：腎機能・電解質・貧血の連日フォロー、投薬調整（スピロノラクトン・Mg中止）、ロケルマ投与、造影CT・手術時の腎リスク評価、輸液量の制限など周術期管理に大きな配慮が必要であった。
・CKD G5自体に対する新規の透析導入や腎生検等は行っていないが、高K発症、造影検査や手術・ERCP時の腎リスク管理、薬剤選択（NSAIDs等の制限）など入院全体の治療方針を規定している。
・特に高K血症治療、輸血や造影検査・胆道処置時の腎機能モニタなど、腎機能を前提とした多職種の管理負荷が高く、最資源投入病名としては骨折・胆管炎より劣るものの、重要な背景疾患として候補に残す。
・DPC6 は110280「慢性腎炎症候群・慢性間質性腎炎・慢性腎不全」で、末期CKDとして妥当。",x,,分岐なし（xのみ）,,x,,分岐なし（xのみ）,,97,その他の手術（2件のKコードが他パターンに非該当）,"K046(骨折観血的手術（大腿骨骨折観血的手術）), K688(内視鏡的胆道ステント留置術)",x,処置等1の分岐なし,0,トリガーにマッチする処置コードなし,1,副傷病あり（value=1）,"[カルテ記事] J90(胸水，他に分類されないもの) 根拠: 心エコーおよびCTで「両側胸水」ありとされ、利尿薬投与など体液管理を行っている。 引用: 2026-06-15 16:02 入院医師記録（腎臓科）
SOAP_A: …心エコーにて肺高血圧疑いあり、CTにて両側胸水あり、利尿剤投与しておく; 2026-06-16 08:26 入院医師記録（腎臓科）
SOAP_A: ＃肺高血圧疑い
＃両側胸水
…上記所見あり、体液管理を含めて循環器科コンサルト検討 判断: 両側胸水が画像で確認され、利尿剤投与・体液管理の対象となっており入院管理に影響しているため。",x,重症度の分岐なし (全 x),,110280xx97x01x,"入院期間I:12日/3073点
入院期間II:25日/2163点
入院期間III:60日/1838点","入院日数25日
入院期間I:3073×12日=36876
入院期間II:2163×13日=28119
合計:64995",64995,rejected,上位候補に劣る,,,,,,,,,,,
4244478,2026-06-15,2026-07-09,ok,85.9,I509,慢性心不全（重度三尖弁閉鎖不全・僧帽弁閉鎖不全を含む）,慢性心不全,0.45,050130,心不全,"1. 入院目的：心不全自体が主目的ではないが、既往の慢性心不全・三尖弁逆流重症・僧帽弁逆流を背景に、術前・術後の体液管理・循環動態管理が重要な課題となった。
2. 主病名：カルテに「＃慢性心不全」「＃三尖弁逆流重症」「＃僧帽弁逆流 軽症～中等症」「＃慢性心房細動」と記載があり、全体として慢性心不全病態として I509 が代表コードとして適合。
3. 中心治療：心エコー・NT-proBNP計測・酸素投与、利尿薬投与（ラシックス静注）、輸液負荷制限、循環器科コンサルトによる周術期リスク評価と指示などが行われた。
・三尖弁閉鎖不全重症・僧帽弁逆流・慢性心房細動を含む複合弁膜症・不整脈を背景とした慢性心不全であり、術後肺高血圧疑い・両側胸水に対し利尿薬投与や酸素・モニタリングが必要となっている。
・心不全増悪でのICU管理や高度な心不全治療（補助循環など）は行われていないが、術前後のリスク評価と輸液制限が全入院の周術期戦略を左右しており、管理負荷は高い。
・明確な増悪イベントはなく、骨折・胆管炎に比べると今回入院中に新規の大きな処置は少ないが、体液管理や酸素・検査など継続的資源投入が行われており、補助的な最資源投入病名候補として保持する。
・DPC6 は050130「心不全」で、弁膜症・心房細動を含む慢性心不全に対応。",x,,分岐なし（xのみ）,,x,,分岐なし（xのみ）,,97,その他の手術（2件のKコードが他パターンに非該当）,"K046(骨折観血的手術（大腿骨骨折観血的手術）), K688(内視鏡的胆道ステント留置術)",0,トリガーにマッチする処置コードなし,0,トリガーにマッチする処置コードなし,0,トリガーに該当する副傷病なし,,x,重症度の分岐なし (全 x),,050130xx97000x,"入院期間I:9日/3140点
入院期間II:18日/2264点
入院期間III:60日/1924点","入院日数25日
入院期間I:3140×9日=28260
入院期間II:2264×9日=20376
入院期間III:1924×7日=13468
合計:62104",62104,rejected,上位候補に劣る,,,,,,,,,,,
4274661,2026-06-03,2026-06-12,ok,123.1,K803,総胆管結石性胆管炎,総胆管結石性胆管炎,0.9,060340,胆管（肝内外）結石、胆管炎,"1. 入院目的: 黄疸・肝障害精査の結果、総胆管結石性胆管炎と診断され内科治療および内視鏡治療目的で入院。
2. 主病名: カルテ上の診断名「総胆管結石性胆管炎」→ 結石に起因する胆管炎として K803 が最も適合。
3. 中心治療: 抗菌薬投与、経静脈補液、ERCP による EBS 留置（K688 相当）および胆管炎コントロールを行っている。
- 入院初診で #1 総胆管結石性胆管炎と明記され、ERCP 前後の全入院期間で治療の中心となっている。
- 炎症反応上昇、ビリルビン上昇、CT・内視鏡で多数の総胆管結石を認めており、結石に伴う急性胆管炎像と整合する。
- DPC6 は K803 に対応する 060340「胆管（肝内外）結石、胆管炎」であり、surgery_k_codes に K688 を含み、今回実施された内視鏡的胆道ステント留置術と完全に整合。
- 同じ入院中の「総胆管結石」単独よりも、感染性胆管炎としての治療（抗菌薬・ドレナージ）が資源投入の主眼であるため、結石性胆管炎として保持する価値が高い。",x,,分岐なし（xのみ）,,x,,分岐なし（xのみ）,,03,パターン 03（必須Kコード 1 マッチ）,K688(内視鏡的胆道ステント留置術),x,処置等1の分岐なし,0,トリガーにマッチする処置コードなし,0,トリガーに該当する副傷病なし,,x,重症度の分岐なし (全 x),,060340xx03x00x,"入院期間I:4日/3233点
入院期間II:7日/2294点
入院期間III:30日/1950点","入院日数10日
入院期間I:3233×4日=12932
入院期間II:2294×3日=6882
入院期間III:1950×3日=5850
合計:25664",25664,selected,,false,false,,060340xx03x00x,,060340xx03x00x,1000,同点候補なし,,,
4274661,2026-06-03,2026-06-12,ok,123.1,K750,肝嚢胞性病変（肝膿瘍疑い）,肝膿瘍,0.45,060310,肝膿瘍（細菌性・寄生虫性疾患を含む。）,"1. 入院目的: 黄疸・胆管炎の精査・治療中に、CT/US で肝S2/3の嚢胞性病変が見つかり、膿瘍の可能性が指摘されている。
2. 主病名: エコー診断「肝嚢胞性病変（S2/3：R/O 肝膿瘍）」から、胆管炎と関連した細菌性肝膿瘍の鑑別が必要な状況であり、包括的に K750（肝膿瘍）を候補として扱う。
3. 中心治療: 胆管炎に対する抗菌薬全身投与が行われており、潜在的な肝膿瘍に対する治療も兼ねていると解釈できるが、穿刺・ドレナージ等の追加侵襲的処置は行われていない。
- 画像で小さいが膿瘍の可能性を否定できない病変があり、胆管炎に伴う肝内感染病変としての位置づけが考えられる。
- 抗菌薬治療は胆管炎に対してであり、肝膿瘍に特化した処置はなく、入院資源の多くが胆管炎・結石に向けられている点から、主病名としての優先度は下がる。
- ただし DPC6 では 060310「肝膿瘍」にマッピングされ、胆管炎と同じ胆道感染連関の一病態として成立しうるため、条件次第では最資源投入病名となりうる補助候補として保持。",x,,分岐なし（xのみ）,,x,,分岐なし（xのみ）,,97,その他の手術（1件のKコードが他パターンに非該当）,K688(内視鏡的胆道ステント留置術),x,処置等1の分岐なし,x,処置等2の分岐なし,x,副傷病の分岐なし,,x,重症度の分岐なし (全 x),,060310xx97xxxx,"入院期間I:11日/3431点
入院期間II:22日/2397点
入院期間III:60日/2038点","入院日数10日
入院期間I:3431×10日=34310
合計:34310",34310,rejected,上位候補に劣る,,,,,,,,,,,
4274661,2026-06-03,2026-06-12,ok,123.1,I693,脳梗塞後遺症,脳梗塞後遺症,0.5,010069,脳卒中の続発症,"1. 入院目的: 歩行障害・構音障害悪化の訴えがあり、脳梗塞再発の懸念から神経内科に紹介されている。
2. 主病名: 既往歴「脳梗塞（再発予防：バイアスピリン）」と神経学的所見から、右片麻痺・構音障害などの後遺症が持続しており、I693 脳梗塞後遺症が該当。
3. 中心治療: 今回入院では神経内科は「治療介入が必要な疾患は指摘できない」としているが、過去の脳梗塞後遺症による歩行障害に対して廃用症候群リハビリテーション（H001-21 等）が算定されている。
- 歩行障害は今回の主訴の一つであり、評価・画像検査（頭部CT/MRI）という医療資源が投入されている。
- ただし急性期脳梗塞は否定され、今回入院での主たる内視鏡治療・抗菌薬投与は胆管炎・結石に向けられているため、脳梗塞後遺症は資源投入の中心ではない。
- DPC6 は 010069「脳卒中の続発症」に対応し、歩行障害・片麻痺などの機能障害のリハビリ対象として一定の資源投入がある点から、条件によっては主病名候補となりうるため補助的に保持。",x,,分岐なし（xのみ）,,x,,分岐なし（xのみ）,,97,その他の手術（1件のKコードが他パターンに非該当）,K688(内視鏡的胆道ステント留置術),x,処置等1の分岐なし,0,トリガーにマッチする処置コードなし,0,トリガーに該当する副傷病なし,,x,重症度の分岐なし (全 x),,010069xx97x00x,"入院期間I:5日/2884点
入院期間II:10日/2046点
入院期間III:30日/1739点","入院日数10日
入院期間I:2884×5日=14420
入院期間II:2046×5日=10230
合計:24650",24650,rejected,点数が低い (差 1014),,,,,,,,,,,
4274661,2026-06-03,2026-06-12,ok,123.1,M6259,廃用症候群,廃用症候群,0.42,070320,筋拘縮・萎縮（その他）,"1. 入院目的: 高齢で自力歩行困難、転倒リスクありと評価され、歩行障害に対してリハビリが計画されている。
2. 主病名: 明記はないが、H001-21 廃用症候群リハビリテーション料が算定されており、活動性低下と筋力低下を背景とした廃用性変化が実質的なリハビリ対象病態と推定されるため M6259 を候補とする。
3. 中心治療: 廃用症候群リハビリテーション（複数日・加算あり）、リハビリ総合計画評価料など、人的資源と時間が一定量投入されている。
- 既往の脳梗塞後遺症に加え、数日前からの全身倦怠感や食欲低下に伴う活動量低下があり、廃用進行が歩行障害を助長している可能性が高い。
- DPC6 では 070320「筋拘縮・萎縮（その他）」に対応し、リハビリ中心の入院であれば主病名となり得る分類である。
- しかし本症例では ERCP・抗菌薬投与など胆管炎・結石への侵襲的治療が明らかに資源の中心であるため、相対的な主傷病の優先度は低く、胆道疾患を優先しつつ補助候補として保持する。",x,,分岐なし（xのみ）,,x,,分岐なし（xのみ）,,97,その他の手術（1件のKコードが他パターンに非該当）,K688(内視鏡的胆道ステント留置術),x,処置等1の分岐なし,x,処置等2の分岐なし,x,副傷病の分岐なし,,x,重症度の分岐なし (全 x),,070320xx97xxxx,"入院期間I:16日/2741点
入院期間II:36日/2028点
入院期間III:90日/1723点","入院日数10日
入院期間I:2741×10日=27410
合計:27410",27410,rejected,上位候補に劣る,,,,,,,,,,,
4348909,2026-06-17,2026-06-23,ok,38.0,S5250,左橈骨遠位端骨折,橈骨遠位端骨折,0.95,160760,前腕の骨折,"1. 入院目的: 左手関節痛の原因である左橈骨遠位端骨折に対する骨接合術目的で入院。
2. 主病名: カルテ記載「左橈骨遠位端骨折」より、部位・性状から S5250 橈骨遠位端骨折が最も整合。
3. 中心治療: K046（前腕骨骨折観血的手術）、全身麻酔（L008, L009）、創傷処置、術後リハ指導など外科治療と周術期管理が本入院の中心。
- 受傷日から数日後に計画入院し、6/19に骨接合術を実施しており、入院期間・医療資源の大半は骨折手術と術後管理に費やされている。
- ICD-10 S5250 は橈骨遠位端骨折であり、カルテの病名（左橈骨遠位端骨折）に解剖学的に一致、開放・病的骨折の記載もなく単純骨折と判断できる。
- DPC6「160760 前腕の骨折」候補の surgery_k_codes に K046 系（前腕骨骨折観血的手術）が含まれており、EF記載のK046と完全に対応するため、本入院の手術対象疾患としての整合性が極めて高い。
- 糖尿病は併存症として言及されるのみで、今回入院中に糖尿病合併症治療や集中管理の記載はなく、主な資源投入は骨折手術側に集中している。",x,,分岐なし（xのみ）,,x,,分岐なし（xのみ）,,97,その他の手術（1件のKコードが他パターンに非該当）,K046(骨折観血的手術（前腕骨骨折観血的手術）),x,処置等1の分岐なし,x,処置等2の分岐なし,x,副傷病の分岐なし,,x,重症度の分岐なし (全 x),,160760xx97xxxx,"入院期間I:2日/3113点
入院期間II:4日/2179点
入院期間III:30日/1852点","入院日数7日
入院期間I:3113×2日=6226
入院期間II:2179×2日=4358
入院期間III:1852×3日=5556
合計:16140",16140,selected,,false,false,,160760xx97xxxx,,160760xx97xxxx,1000,同点候補なし,,,
4348909,2026-06-17,2026-06-23,ok,38.0,E119,２型糖尿病（糖尿病性合併症なし）,２型糖尿病・糖尿病性合併症なし,0.5,10007x,２型糖尿病（糖尿病性ケトアシドーシスを除く。）,"1. 入院目的: 主目的は骨折手術だが、入院医師記録で糖尿病が併存症として明記され、退院時まで血糖経過に言及がある。
2. 主病名: カルテ記載「# 糖尿病」より、合併症の記載なく高齢であることから、E119 ２型糖尿病・糖尿病性合併症なしが最も一般的に適合。
3. 中心治療: 血糖の経過を見ながらの周術期管理（採血で血糖や生化学評価、D007系検査）および食事療法調整などが行われたと推定されるが、明確な強化インスリン療法や急性合併症治療の記載はない。
- 記録中で糖尿病は問題リストとして繰り返し挙がり、退院時にも言及されており、慢性疾患としての管理対象となっている。
- ただし今回の入院の直接契機は外傷性骨折であり、糖尿病そのものに対する入院加療（教育入院、急性代謝失調の治療等）ではない。
- ICD-10 E119 は糖尿病性合併症の記載がない本症例に最も汎用的に整合し、DPC6 「10007x ２型糖尿病」に対応するが、EF 上は糖尿病特有の手術・処置Kコードはなく、主として周術期の検査・モニタリングに留まる。
- よって、周術期のリスク管理として一定の医療資源は投下された可能性があるものの、骨折手術に比べると相対的な資源投入は小さく、主病名候補としては第二候補程度の位置づけとなる。",x,,分岐なし（xのみ）,,x,,分岐なし（xのみ）,,xx,パターン xx,,x,処置等1の分岐なし,1,"処置等2=1: 0169(インスリン製剤（注射薬に限る。）), (ノボラピッド注　１００単位／ｍｌ)[レセ電=620008895, 実施日=2026-06-17;2026-06-18;2026-06-20;2026-06-21;2026-06-22]",x,副傷病の分岐なし,,x,重症度の分岐なし (全 x),,10007xxxxxx1xx,"入院期間I:6日/2871点
入院期間II:12日/2037点
入院期間III:30日/1731点","入院日数7日
入院期間I:2871×6日=17226
入院期間II:2037×1日=2037
合計:19263",19263,rejected,上位候補に劣る,,,,,,,,,,,
4408589,2026-07-02,2026-07-11,ok,82.2,K830,急性胆管炎,急性胆管炎,0.9,060340,胆管（肝内外）結石、胆管炎,"1. 入院目的: 発熱・上腹部痛を伴う胆管炎に対する加療目的で入院し、同日ERCPを施行。
2. 主病名: カルテ上の主診断は「急性胆管炎／胆管炎」であり、胆管拡張・胆道ステント閉塞疑いと血液培養GNR陽性からも整合 → 急性胆管炎(K830)を選択。
3. 中心治療: 抗菌薬点滴(G004)、血液培養・薬剤感受性検査、CT等の画像検査、そして内視鏡的胆道ステント留置術(K688)＋採石を実施。
・本入院の直接の契機であり、入院期間を通じて経過観察・抗菌薬調整（ESBL対応）など医療資源投入の中心となっている。
・ERCPで小結石排石と胆管ステント交換が行われており、K688が060340「胆管（肝内外）結石、胆管炎」の手術Kコード群に含まれていてDPC6との整合が極めて良い。
・閉塞性成分（ステント閉塞・小結石）があるが、カルテ表現は単に「胆管炎／急性胆管炎」であり結石性胆管炎や肝膿瘍など他候補を支持する所見は乏しいため、K830とした。
・血液培養ESBL陽性の菌血症相当だが、ショックやICU管理はなく、原因巣としての胆管炎自体が資源投入の主体と判断できる。",x,,分岐なし（xのみ）,,x,,分岐なし（xのみ）,,03,パターン 03（必須Kコード 1 マッチ）,K688(内視鏡的胆道ステント留置術),x,処置等1の分岐なし,0,トリガーにマッチする処置コードなし,0,副傷病なし（AI/EF探索で該当なし）,,x,重症度の分岐なし (全 x),,060340xx03x00x,"入院期間I:4日/3233点
入院期間II:7日/2294点
入院期間III:30日/1950点","入院日数10日
入院期間I:3233×4日=12932
入院期間II:2294×3日=6882
入院期間III:1950×3日=5850
合計:25664",25664,selected,,false,false,,060340xx03x00x,,060340xx03x00x,1000,同点候補なし,,,
4408589,2026-07-02,2026-07-11,ok,82.2,Q444,先天性胆道拡張症,先天性胆道拡張症,0.65,140450,胆道の先天異常（拡張症）,"1. 入院目的: 表向きは胆管炎加療目的だが、背景に先天性胆道拡張症と膵胆管合流異常疑いがあり、長年にわたってERCPやステント交換を繰り返している。
2. 主病名: カルテ上「先天性胆道拡張症疑い」と繰り返し記載され、胆管・膵管拡張、膵胆管合流異常が画像・内視鏡で指摘されている → 先天性胆道拡張症(Q444)が妥当。
3. 中心治療: 本入院でも胆管ステント閉塞の背景にこの先天異常があり、ERCPによるステント交換(K688)・採石は基礎疾患の長期管理の一環とも解釈できる。
・ERCP報告に「先天性胆管拡張症にてPigtail留置中」と明記され、今回も胆管ステント交換目的でERCP施行されていることから、構造異常自体に対する継続的内視鏡治療という側面がある。
・Q444はDPC6「140450 胆道の先天異常（拡張症）」に対応し、その手術Kコード群には胆道再建や拡張症手術が含まれる。今回はK688だが、胆道疾患領域での侵襲的処置であり、基礎異常と治療内容の関連は強い。
・胆管炎と基礎先天異常は同一ストーリー上の疾患であり、先天異常がなければ繰り返すステント閉塞・胆管炎も生じにくいと考えられるため、最資源投入病名候補として保持する価値がある。",x,,分岐なし（xのみ）,,x,,分岐なし（xのみ）,,97,その他の手術（1件のKコードが他パターンに非該当）,K688(内視鏡的胆道ステント留置術),x,処置等1の分岐なし,0,トリガーにマッチする処置コードなし,x,副傷病の分岐なし,,x,重症度の分岐なし (全 x),,140450xx97x0xx,"入院期間I:3日/3054点
入院期間II:6日/2166点
入院期間III:30日/1841点","入院日数10日
入院期間I:3054×3日=9162
入院期間II:2166×3日=6498
入院期間III:1841×4日=7364
合計:23024",23024,rejected,点数が低い (差 2640),,,,,,,,,,,
4408589,2026-07-02,2026-07-11,ok,82.2,N185,慢性腎臓病ステージG5（慢性腎不全）,慢性腎臓病ステージＧ５,0.6,110280,慢性腎炎症候群・慢性間質性腎炎・慢性腎不全,"1. 入院目的: 主目的は胆管炎だが、入院時採血でCRE 4.21mg/dL, eGFR 8.6と高度腎機能低下があり、「慢性腎不全」「慢性腎臓病」として経過観察・貧血評価が行われている。
2. 主病名: カルテでは「慢性腎不全」「慢性腎臓病」と記載され、eGFR 10未満で腹膜透析導入予定とされており、CKD G5相当 → N185（慢性腎臓病ステージG5）が最も一致。
3. 中心治療: 腎性貧血の評価（Hb 6〜7台、鉄・UIBC、網赤血球、フェロミア/ESA内服継続）、腎機能モニタリング、多数の検査(D007, D005ほか)が行われ、将来の腹膜透析導入に向けた調整が進められている。
・DPC6は「110280 慢性腎炎症候群・慢性間質性腎炎・慢性腎不全」であり、長期的には透析導入・シャント造設など大きな資源投入が想定される病態である。
・今回入院での侵襲的処置は胆管側が中心だが、重度CKDに対する検査・内服・貧血管理も入院全体で継続しており、将来の透析導入準備入院と一体的に捉えれば最資源投入病名候補として保持しうる。
・ただし本入院期間中の最大の侵襲的手技K688は胆管炎に紐づいており、腎不全に対する手術Kコードは実施されていないため、相対的な主傷病順位は胆管炎群より低く評価した。",x,,分岐なし（xのみ）,,x,,分岐なし（xのみ）,,97,その他の手術（1件のKコードが他パターンに非該当）,K688(内視鏡的胆道ステント留置術),x,処置等1の分岐なし,0,トリガーにマッチする処置コードなし,0,副傷病なし（AI/EF探索で該当なし）,,x,重症度の分岐なし (全 x),,110280xx97x00x,"入院期間I:6日/3004点
入院期間II:11日/2131点
入院期間III:30日/1811点","入院日数10日
入院期間I:3004×6日=18024
入院期間II:2131×4日=8524
合計:26548",26548,rejected,上位候補に劣る,,,,,,,,,,,
4408589,2026-07-02,2026-07-11,ok,82.2,D126,大腸腺腫（内視鏡治療後）,大腸腺腫,0.45,060100,小腸大腸の良性疾患（良性腫瘍を含む。）,"1. 入院目的: 本入院の直接目的ではないが、退院時要約に「大腸腺腫加療後」として重要既往として記載されている。
2. 主病名: 6月4日にGCSで大腸腺腫を内視鏡治療と明記されており、ICD-10は大腸腺腫(D126)が対応。
3. 中心治療: 大腸腺腫に対する内視鏡的切除は本入院より前(6月4日)に施行されており、今回入院中には再治療や合併症管理は行われていない。
・DPCルール上、抜釘など過去の外科的治療が目的の再入院では原疾患を主傷病にする場合があるが、本症例では大腸腺腫治療は今回入院の期間外で既に完結しており、本入院の医療資源投入とは切り離される。
・DPC6は「060100 小腸大腸の良性疾患」であり、内視鏡的ポリペクトミー等に対し高い資源投入となりうるが、それは前回入院の出来事である。
・今回入院の資源投入との直接的関連は弱いため、最資源投入病名としての可能性は低いが、近接時期の内視鏡治療疾患として補助候補に位置づける。",x,,分岐なし（xのみ）,,x,,分岐なし（xのみ）,,97,その他の手術（1件のKコードが他パターンに非該当）,K688(内視鏡的胆道ステント留置術),x,処置等1の分岐なし,x,処置等2の分岐なし,x,副傷病の分岐なし,,x,重症度の分岐なし (全 x),,060100xx97xxxx,"入院期間I:3日/3066点
入院期間II:6日/2179点
入院期間III:30日/1852点","入院日数10日
入院期間I:3066×3日=9198
入院期間II:2179×3日=6537
入院期間III:1852×4日=7408
合計:23143",23143,rejected,点数が低い (差 2521),,,,,,,,,,,
4427907,2026-05-27,2026-06-12,ok,180.8,I63.4,左中大脳動脈領域の心原性脳塞栓症,心原性脳塞栓症,0.86,010060,脳梗塞,"1. 入院目的: ろれつ不良・左口角下垂で救急搬送され，画像で左中大脳動脈領域を含む散在性脳梗塞を認め，脳梗塞急性期管理とリハビリ目的で入院。
2. 主病名: 左中大脳動脈領域の脳塞栓症 → ICD-10 I63.4（心原性脳塞栓症）
3. 中心治療: 急性期脳卒中管理（持続点滴・精査目的のCT/MRI・心エコー・ホルター心電図・脳血管エコー）、脳血管疾患等リハビリテーション多単位、塞栓源精査と抗血栓療法の選択。
・本入院のきっかけかつリハビリ・モニタリング・画像検査など最も多くの資源が投下されている病態であり、急性期入院の主要目的に合致。
・画像上、両側大脳半球に散在する梗塞を認め、塞栓性機序が示唆され、塞栓源評価が集中的に行われている。
・心尖部心室瘤が塞栓源として想定されており、臨床的には心原性脳塞栓症として扱われているため、I63.4が妥当。
・DPC6は010060（脳梗塞）で、EF上の頭部CT・MRI、脳血管エコー、脳血管疾患等リハビリテーションとの整合性が高い。
・競合として心室瘤・陳旧性心筋梗塞があるが、それらは今回入院の直接契機ではなく、むしろこの脳梗塞の原因病態として位置づけられる。",x,,分岐なし（xのみ）,,x,,分岐なし（xのみ）,,99,手術なし,,x,処置等1の分岐なし,4,"処置等2=4: 0049(エダラボン), (エダラボン点滴静注液３０㎎バッグ「ＮＰ」　１００ｍｌ)[レセ電=622079601, 実施日=2026-05-28;2026-05-29;2026-05-30;2026-05-31;2026-06-01;2026-06-02;2026-06-03]",0,トリガーに該当する副傷病なし,,x,重症度の分岐なし (全 x),,010060xx99x40x,"入院期間I:7日/3497点
入院期間II:14日/2400点
入院期間III:60日/1921点","入院日数17日
入院期間I:3497×7日=24479
入院期間II:2400×7日=16800
入院期間III:1921×3日=5763
合計:47042",47042,selected,,false,false,,010060xx99x40x,,010060xx99x40x,1000,同点候補なし,,,
4427907,2026-05-27,2026-06-12,ok,180.8,I25.3,心尖部心室瘤,心室瘤,0.75,050050,狭心症、慢性虚血性心疾患,"1. 入院目的: 急性期は脳塞栓症だが、その塞栓源精査で偶然発見された心尖部心室瘤について、冠動脈疾患評価と抗血栓療法選択のため循環器内科コンサルト・精査が実施されている。
2. 主病名: 心尖部心室瘤 → ICD-10 I25.3（心室瘤）
3. 中心治療: 経胸壁心エコー、CCTAによる冠動脈・瘤評価、ワルファリン導入（INR目標設定）、β遮断薬追加、脂質管理強化。
・本入院中に新たに診断された重要な器質的心疾患であり、脳塞栓症の塞栓源と判断され、長期抗凝固療法導入という大きな治療変更の直接原因となっている。
・CCTA、TTEなど循環器関連検査や内服調整など相応の医療資源が本病態の評価・管理のために投入されている。
・虚血性心疾患に起因する左室瘤と考えられ、慢性虚血性心疾患群のI25.3が最も整合的。
・DPC6は050050（狭心症、慢性虚血性心疾患）であり、将来的な冠動脈治療の対象ともなり得る病態で、循環器精査・薬物療法中心の今回入院内容とも大枠で整合。
・急性期入院の主目的は脳梗塞であるが、塞栓源としての重要性と治療変更の大きさから、独立した最資源投入病名候補として保持する。",x,,分岐なし（xのみ）,,x,,分岐なし（xのみ）,,99,手術なし,,0,トリガーにマッチする処置コードなし,0,トリガーにマッチする処置コードなし,x,副傷病の分岐なし,,0,"branch=0 label=他の病院・診療所の病棟からの転院以外 / 救急要請で家族同伴により当院救急外来を受診し、その後自宅退院予定とされており、他院病棟からの転院を示す記載はない。 (verifier 不整合あり, best-effort 採用: ['conclusion_label_mismatch'])",[2026-05-27]その後22時に奥様にろれつ不良、意識障害を確認され救急要請。; [2026-05-27]救急外来医師記録(消化器内科)…紹介医：無　…　同伴者：家族; [2026-05-30]循環器内科方針決定，INR2.0で自宅退院．外来フォローは牧循環器科を検討．,050050xx9900x0,"入院期間I:2日/4271点
入院期間II:4日/2380点
入院期間III:30日/2023点","入院日数17日
入院期間I:4271×2日=8542
入院期間II:2380×2日=4760
入院期間III:2023×13日=26299
合計:39601",39601,rejected,点数が低い (差 7441),,,,,,,,,,,
4427907,2026-05-27,2026-06-12,ok,180.8,E75.5,中性脂肪蓄積心筋血管症疑い,中性脂肪蓄積心筋血管症,0.42,100335,代謝障害（その他）,"1. 入院目的: 直接の入院契機ではないが、CCTAで冠動脈全体の枯れ枝状狭窄所見から中性脂肪蓄積心筋血管症（TGCV）の可能性が指摘され、脂質管理強化が検討されている。
2. 主病名: 中性脂肪蓄積心筋血管症疑い → ICD-10 E75.5（中性脂肪蓄積心筋血管症）
3. 中心治療: CCTAによる冠動脈全体の評価、脂質異常に対する治療強化（ロスバスタチン増量やエゼチミブ追加など）を検討。
・CCTA読影で明示的にTGCVの可能性が記載されており、脂質リスク管理を強化する方針決定に関与している。
・EF上、脂質関連検査が多数施行されており、代謝背景疾患として一定の評価資源が割かれていると考えられる。
・確定診断というより「可能性」の記載だが、代謝・冠動脈病変の統合的な原因疾患として位置づけられ、今後の長期管理戦略に影響し得る点から、低めのconfidenceながら候補に挙げる。
・DPC6は100335（代謝障害（その他））で、主病名にすると循環器DPCから外れる可能性があるため、脳梗塞や心室瘤に比べ主病名としての優先度は低い。",x,,分岐なし（xのみ）,,x,,分岐なし（xのみ）,,99,手術なし,,x,処置等1の分岐なし,0,トリガーにマッチする処置コードなし,0,トリガーに該当する副傷病なし,,x,重症度の分岐なし (全 x),,100335xx99x00x,"入院期間I:3日/3274点
入院期間II:8日/2311点
入院期間III:30日/1964点","入院日数17日
入院期間I:3274×3日=9822
入院期間II:2311×5日=11555
入院期間III:1964×9日=17676
合計:39053",39053,rejected,点数が低い (差 7989),,,,,,,,,,,
4427907,2026-05-27,2026-06-12,ok,180.8,I61.0,右視床出血（陳旧性）,視床出血,0.4,010040,非外傷性頭蓋内血腫（非外傷性硬膜下血腫以外）,"1. 入院目的: 今回の直接契機ではないが、2024年の右視床出血後の後遺状態があり、今回の抗凝固療法強度（INR目標2.0–2.6）や治療方針に強く影響している。
2. 主病名: 右視床出血（既往） → 原発病名としては I61.0（視床出血）
3. 中心治療: 今回入院中に急性期治療は行っていないが、ワルファリン導入時の出血リスク評価やINR目標設定、血圧管理など治療計画の基礎条件として大きく考慮されている。
・画像で右視床の陳旧性出血およびMicrobleedsが確認され、脳出血既往として繰り返し言及されている。
・この既往により、脳梗塞に対する抗凝固療法の強度や手術適応（心室瘤切除を控える判断）に直接影響しており、間接的ながら今回入院の医療資源配分に関わっている。
・本来はI69.1など後遺症コードも検討されるが、最も資源を投入した急性期は過去入院であり、今回入院での新たな介入は少ないため、主傷病としての優先度は低めに評価する。
・しかし、抗凝固方針決定という観点からは無視できない病態であり、候補として低confidenceで保持。",x,,分岐なし（xのみ）,,x,ＪＣＳ,ＪＣＳ の値を取得できず,"SOAP_O:意識清明
構音わずかに不明瞭
筋力ほぼ正常",,,,,,,,,,,,,,,,,,,,,,,,,,,,,,
4484503,2026-05-26,2026-06-03,ok,32.8,I493,右室流出路起源心室期外収縮（RVOT PVC）,心室期外収縮,0.82,050070,頻脈性不整脈,"1. 入院目的: PVC(RVOT free wall)に対するカテーテルアブレーション目的入院と解釈される。
2. 主病名: 右室流出路起源心室期外収縮 → ICD-10:I493（心室期外収縮）。
3. 中心治療: K595 経皮的カテーテル心筋焼灼術、持続モニタリング(D220)、多数の血液検査・心エコーなど。
4. 頻拍性不整脈に対する根治的アブレーションという侵襲的手技が実施されており、今回入院で最大の医療資源投下対象。
5. I493 は心室性PVCを包括し、DPC6 050070（頻脈性不整脈）に対応し、その手術分岐にK595が含まれておりEFのKコードと整合。
6. 心タンポナーデ/急性心膜炎は合併症として重要だが、資源投入の起点かつ中心はPVCアブレーションであり、本候補を主軸とする構成が妥当。
7. 近接候補として心タンポナーデ(I319)や急性心膜炎(I309)があるが、これらはアブレーションに伴う続発症として位置づけられる。",x,,分岐なし（xのみ）,,x,,分岐なし（xのみ）,,97,その他の手術（1件のKコードが他パターンに非該当）,K595(経皮的カテーテル心筋焼灼術（その他のもの）),0,トリガーにマッチする処置コードなし,0,トリガーにマッチする処置コードなし,x,副傷病の分岐なし,,x,重症度の分岐なし (全 x),,050070xx9700xx,"入院期間I:5日/3160点
入院期間II:9日/2242点
入院期間III:30日/1905点","入院日数9日
入院期間I:3160×5日=15800
入院期間II:2242×4日=8968
合計:24768",24768,rejected,点数が低い (差 9342),,,,,,,,,,,
4484503,2026-05-26,2026-06-03,ok,32.8,I309,急性心膜炎（アブレーション後合併症）,急性心膜炎,0.7,050110,急性心膜炎,"1. 入院目的: PVCアブレーション後に心タンポナーデ/急性心膜炎を発症し、その管理目的で継続入院。
2. 主病名: 急性心膜炎（心タンポナーデを伴う） → ICD-10:I309（急性心膜炎, 詳細不明）。
3. 中心治療: 心嚢ドレーン留置（J019, J002）、酸素投与(J024)、鎮痛薬・コルヒチン内服、連日の心エコー・モニタリング。
4. プロブレムリストに「#心タンポナーデ/急性心膜炎」と明記され、ロキソニン・コルヒチン投与など入院中の治療の大きな焦点となっている。
5. 病因（放射線、リウマチなど）の特定記載が無いため、非特異的な急性心膜炎としてI309を選択するのが適切。
6. I309 は DPC6 050110（急性心膜炎）に対応し、心嚢ドレナージ関連Kコード群と親和性が高く、心嚢ドレーン管理Jコードとの整合も良い。
7. PVC(I493)が原疾患である一方、本疾患は合併症としてICUレベルの管理こそないもののドレーン管理・継続モニタリングなど相当の資源を要しており、最資源投入病名候補として保持する価値がある。",x,,分岐なし（xのみ）,,x,,分岐なし（xのみ）,,97,その他の手術（1件のKコードが他パターンに非該当）,K595(経皮的カテーテル心筋焼灼術（その他のもの）),x,処置等1の分岐なし,x,処置等2の分岐なし,x,副傷病の分岐なし,,x,重症度の分岐なし (全 x),,050110xx97xxxx,"入院期間I:12日/3790点
入院期間II:27日/2509点
入院期間III:90日/2132点","入院日数9日
入院期間I:3790×9日=34110
合計:34110",34110,selected,,false,false,,050110xx97xxxx,,050110xx97xxxx,1000,同点候補なし,,,
4484503,2026-05-26,2026-06-03,ok,32.8,I319,心タンポナーデ（アブレーション後合併症）,心タンポナーデ,0.63,050340,その他の循環器の障害,"1. 入院目的: PVCアブレーション後に発症した心タンポナーデの評価・治療のための継続入院。
2. 主病名: 心タンポナーデ → ICD-10:I319（心タンポナーデ）。
3. 中心治療: 心嚢ドレーン挿入・持続ドレナージ管理(J019, J002)、酸素投与(J024)、心エコーによる心膜液評価、モニタリング(D220)。
4. プロブレムリストで「#心タンポナーデ/急性心膜炎」と明示されており、生命予後に直結する重篤合併症として重点的に管理されている。
5. 「術後心タンポナーデ」I971も候補となりうるが、開心術などの術後ではなくカテーテルアブレーション後事象であり、一般的な心タンポナーデとしてI319を採用する方が文脈に適合すると判断した。
6. I319 は DPC6 050340（その他の循環器の障害）に対応し、直接のKコードは紐づかないが、J019/J002 による心嚢ドレナージ管理と臨床像はよく整合する。
7. 急性心膜炎(I309)と病態的に重なりつつも、より急性期のショック・血行動態不安定の原因病態として資源集中度が高く、別候補として保持する。",x,,分岐なし（xのみ）,,x,,分岐なし（xのみ）,,xx,パターン xx,,x,処置等1の分岐なし,x,処置等2の分岐なし,x,副傷病の分岐なし,,x,重症度の分岐なし (全 x),,050340xxxxxxxx,"入院期間I:4日/3744点
入院期間II:10日/2475点
入院期間III:30日/2104点","入院日数9日
入院期間I:3744×4日=14976
入院期間II:2475×5日=12375
合計:27351",27351,rejected,点数が低い (差 6759),,,,,,,,,,,
4484503,2026-05-26,2026-06-03,ok,32.8,I10,本態性高血圧症,本態性高血圧症,0.45,050140,高血圧性疾患,"1. 入院目的: PVCおよびその合併症管理が主目的であり、高血圧は背景疾患として管理。
2. 主病名: 高血圧症 → ICD-10:I10（本態性高血圧症）。
3. 中心治療: 明確な降圧治療追加・強化の記載はないが、血圧モニタリングと内服管理が継続していると推定される。
4. プロブレムリストに「#HTN」と明記されており、循環器疾患の背景病態として入院全体に影響を与えている慢性疾患。
5. 二次性高血圧や悪性高血圧などの記載がなく、通常の本態性高血圧とみなしてI10を選択するのが妥当。
6. I10 は DPC6 050140（高血圧性疾患）に対応するが、本入院では高血圧それ自体への特別な手術や集中治療は行われておらず、最資源投入病名としての優先度は低い。
7. それでも循環器入院における重要な併存症として診療計画に影響しうるため、補助的候補として保持する。",x,,分岐なし（xのみ）,,x,,分岐なし（xのみ）,,97,その他の手術（1件のKコードが他パターンに非該当）,K595(経皮的カテーテル心筋焼灼術（その他のもの）),x,処置等1の分岐なし,0,トリガーにマッチする処置コードなし,x,副傷病の分岐なし,,x,重症度の分岐なし (全 x),,050140xx97x0xx,"入院期間I:7日/3171点
入院期間II:15日/2216点
入院期間III:60日/1884点","入院日数9日
入院期間I:3171×7日=22197
入院期間II:2216×2日=4432
合計:26629",26629,rejected,点数が低い (差 7481),,,,,,,,,,,
4583363,2026-06-15,2026-07-06,ok,66.5,I256,無症候性心筋虚血（LMT-LADおよびLAD Seg.7狭窄）,無症候性心筋虚血,0.9,050050,狭心症、慢性虚血性心疾患,"1. 入院目的: 「無症候性心筋虚血に対する治療介入目的」「LM-LADに対する治療介入目的に再入院」と明記。
2. 主病名: 無症候性心筋虚血（LM 75％, LAD Seg.6-7 75％, LCx 90％）→ ICD-10 I256（無症候性心筋虚血）。
3. 中心治療: 6/17にLAD Seg.7へ経皮的冠動脈ステント留置術（K549 + K546 90％以上狭窄病変）を実施。
- PCI（K549, K546）が本入院での最大の侵襲的治療であり、その直接対象がLAD/LM-LADの虚血性狭窄である。
- 心筋トロポニンI, CK-MB, 心電図, 心エコー, CT等も冠動脈疾患評価・周術期管理として多数実施され、医療資源投入の中心。
- I256は慢性虚血性冠疾患の一形態として無症候性の虚血を示し、病歴・所見と整合。
- DPC6は050050（狭心症、慢性虚血性心疾患）となり、同分類にPCI用Kコード（K546x, K549x）が網羅され、EF記載のK549・K546と完全整合。
- 既往NSTEMIは前回入院で治療済みであり、今回入院の実際の資源投下は慢性虚血性病変へのPCIとその周術期管理に集中している。",x,,分岐なし（xのみ）,,x,,分岐なし（xのみ）,,97,その他の手術（2件のKコードが他パターンに非該当）,"K549(経皮的冠動脈ステント留置術（その他のもの）), K546(該当する病変（経皮的冠動脈ステント留置術（その他のもの））：イ　心臓カテーテル法における９０％以上の狭窄病変)",x,処置等1の分岐なし,0,トリガーにマッチする処置コードなし,x,副傷病の分岐なし,,x,重症度の分岐なし (全 x),,050050xx97x0xx,"入院期間I:3日/4085点
入院期間II:7日/2612点
入院期間III:30日/2220点","入院日数22日
入院期間I:4085×3日=12255
入院期間II:2612×4日=10448
入院期間III:2220×15日=33300
合計:56003",56003,selected,,false,false,,050050xx97x0xx,,050050xx97x0xx,1000,同点候補なし,,,
4583363,2026-06-15,2026-07-06,ok,66.5,I482,慢性心房細動（持続性）,慢性心房細動,0.5,050070,頻脈性不整脈,"1. 入院目的: PCI・心不全治療が主目的だが、既往からの持続性心房細動が全期間で管理対象となっている。
2. 主病名: 「持続性心房細動」「HR80(Af)」と繰り返し記載→ ICD-10 I482（慢性/永続性心房細動）。
3. 中心治療: レートコントロール薬（β遮断薬）継続と漸減、抗凝固継続が前提と考えられ、心拍数管理下でPCI施行、入院中も持続的モニタリング（心電図D208, 呼吸心拍監視D220）。
- 心房細動は本患者の循環動態や血行再建戦略に影響し、レートコントロール薬の調整が心不全管理とも密接に関連している。
- ただし、本入院で心房細動に対するカテーテルアブレーションや電気的除細動など専用の高侵襲処置は行われていないため、資源投入は間接的・薬物的管理が中心。
- I482は持続性/永続性Afに対応し、DPC6は050070（頻脈性不整脈）。K594等アブレーションKコードは実施されていないが、心拍モニタリング・薬物管理等の資源投入があることから、条件次第で主傷病候補に成り得る補助的候補として位置付ける。",x,,分岐なし（xのみ）,,x,,分岐なし（xのみ）,,97,その他の手術（2件のKコードが他パターンに非該当）,"K549(経皮的冠動脈ステント留置術（その他のもの）), K546(該当する病変（経皮的冠動脈ステント留置術（その他のもの））：イ　心臓カテーテル法における９０％以上の狭窄病変)",0,トリガーにマッチする処置コードなし,0,トリガーにマッチする処置コードなし,x,副傷病の分岐なし,,x,重症度の分岐なし (全 x),,050070xx9700xx,"入院期間I:5日/3160点
入院期間II:9日/2242点
入院期間III:30日/1905点","入院日数22日
入院期間I:3160×5日=15800
入院期間II:2242×4日=8968
入院期間III:1905×13日=24765
合計:49533",49533,rejected,点数が低い (差 6470),,,,,,,,,,,
4583363,2026-06-15,2026-07-06,ok,66.5,N184,慢性腎臓病ステージG4（CKD G4A3）,慢性腎臓病ステージＧ４,0.45,110280,慢性腎炎症候群・慢性間質性腎炎・慢性腎不全,"1. 入院目的: 直接の入院契機ではないが、CKD G4A3は薬剤選択・造影剤使用・血行動態管理に大きく影響し、入院全般の治療方針を規定。
2. 主病名: 「慢性腎臓病G4A3」と明記→ ICD-10 N184（慢性腎臓病ステージG4）。
3. 中心治療: 透析導入などの大きな腎特異的処置はないが、造影剤量や薬物（SGLT2-I中止、RA系薬減量）調整、頻回の腎機能・電解質検査、輸液量調整等により周術期および心不全管理に大きな制約要因となっている。
- CKD G4は高度腎機能低下であり、PCI施行や心不全治療に伴う全身管理資源（検査D007群、ナトリウム・カリウム等、腎機能モニタリング）を増大させている。
- DPC6は110280（慢性腎炎症候群・慢性間質性腎炎・慢性腎不全）であり、直接のKコードはないが、腎不全患者の管理として入院全体の重症度を規定しうる。
- 今回は虚血性心疾患・心不全に比べると手術・処置対象ではないため主候補には劣るが、透析導入や腎代替療法が行われていれば主傷病にもなり得る重症併存症として、条件次第で最資源投入病名となりうる候補として保持。",x,,分岐なし（xのみ）,,x,,分岐なし（xのみ）,,97,その他の手術（2件のKコードが他パターンに非該当）,"K549(経皮的冠動脈ステント留置術（その他のもの）), K546(該当する病変（経皮的冠動脈ステント留置術（その他のもの））：イ　心臓カテーテル法における９０％以上の狭窄病変)",x,処置等1の分岐なし,0,トリガーにマッチする処置コードなし,0,副傷病なし（AI/EF探索で該当なし）,,x,重症度の分岐なし (全 x),,110280xx97x00x,"入院期間I:6日/3004点
入院期間II:11日/2131点
入院期間III:30日/1811点","入院日数22日
入院期間I:3004×6日=18024
入院期間II:2131×5日=10655
入院期間III:1811×11日=19921
合計:48600",48600,rejected,点数が低い (差 7403),,,,,,,,,,,
4583363,2026-06-15,2026-07-06,ok,66.5,I7020,無症候性下肢閉塞性動脈硬化症（Lt.SFA・両側BK狭窄）,下肢閉塞性動脈硬化症,0.4,050170,閉塞性動脈疾患,"1. 入院目的: 主目的は冠動脈PCIだが、入院初診時から下肢動脈エコーを行い「下肢動脈閉塞性疾患（Lt.SFA, 両側BK狭窄）」として評価されており、心血管全体のリスク評価・リハビリ計画に影響。
2. 主病名: 「無症候性下肢動脈閉塞性疾患（Lt.SFA、両側BK狭窄）」→ ICD-10 I7020（下肢閉塞性動脈硬化症）として包括的に表現するのが妥当。
3. 中心治療: 本入院中に下肢血行再建Kコードはなく、評価（下肢血管エコーD215）とリハビリ（H001, H003）が中心。ABI低下も言及。
- 現時点では無症候性だが、高度狭窄があり虚血性心疾患と同じ動脈硬化病態の一環として長期管理対象であり、廃用リハや運動耐容能の低下評価にも関与している。
- DPC6は050170（閉塞性動脈疾患）であり、将来的にK616等の血行再建が行われれば主傷病となりうるカテゴリー。現入院では手術対象ではないため資源投入は中等度にとどまる。
- それでも、心血管全体の管理とリハビリ計画に影響し、下肢検査・評価に一定の資源が投下されているため、補助的な最資源投入候補として保持。",x,,分岐なし（xのみ）,,x,,分岐なし（xのみ）,,97,その他の手術（2件のKコードが他パターンに非該当）,"K549(経皮的冠動脈ステント留置術（その他のもの）), K546(該当する病変（経皮的冠動脈ステント留置術（その他のもの））：イ　心臓カテーテル法における９０％以上の狭窄病変)",0,トリガーにマッチする処置コードなし,0,トリガーにマッチする処置コードなし,0,副傷病なし（AI/EF探索で該当なし）,,x,重症度の分岐なし (全 x),,050170xx97000x,"入院期間I:4日/3178点
入院期間II:8日/2254点
入院期間III:30日/1916点","入院日数22日
入院期間I:3178×4日=12712
入院期間II:2254×4日=9016
入院期間III:1916×14日=26824
合計:48552",48552,rejected,点数が低い (差 7451),,,,,,,,,,,
4605361,2026-06-11,2026-06-15,ok,61.3,I481,持続性心房細動,持続性心房細動,0.9,050070,頻脈性不整脈,"1. 入院目的: 1か月前からの動悸・めまい精査で心房細動を指摘され、「持続性心房細動」を主病名としてアブレーション目的に入院。
2. 主病名: カルテ記載「＃1：持続性心房細動」より、ICD-10 は I481（持続性心房細動）と判断。
3. 中心治療: 経皮的カテーテル心筋焼灼術（K595）施行、心電図・トロポニンI等の循環器系検査、酸素投与・モニタリング。
- 主要な侵襲的処置K595の直接の対象疾患であり、入院の目的そのもの。
- hsトロポニンIの推移なども含め循環器内科的評価の中心となっている病態。
- I481 は DPC6「050070 頻脈性不整脈」に対応し、そのDPC6の手術Kコード群にK5951/5952が含まれ、今回EFのK595と高い整合性がある。
- 他候補（術後血腫や基礎疾患）に比べ、入院全期間を通じた医療資源投入の中心である。",x,,分岐なし（xのみ）,,x,,分岐なし（xのみ）,,97,その他の手術（1件のKコードが他パターンに非該当）,K595(経皮的カテーテル心筋焼灼術（心房中隔穿刺又は心外膜アプローチを伴うもの）),0,トリガーにマッチする処置コードなし,0,トリガーにマッチする処置コードなし,x,副傷病の分岐なし,,x,重症度の分岐なし (全 x),,050070xx9700xx,"入院期間I:5日/3160点
入院期間II:9日/2242点
入院期間III:30日/1905点","入院日数5日
入院期間I:3160×5日=15800
合計:15800",15800,selected,,false,false,,050070xx9700xx,,050070xx9700xx,1000,同点候補なし,,,
4605361,2026-06-11,2026-06-15,ok,61.3,S301,カテーテルアブレーション後鼠径部血腫,鼠径部挫傷,0.6,160580,腹壁損傷,"1. 入院目的: 心房細動のカテーテルアブレーション目的入院中に、鼠径部穿刺部に血腫形成し疼痛を訴えるようになった。
2. 主病名: カルテ記載「鼠径部：シャント音なし、血腫あり」「昨日Z縫合後圧迫不十分…」より、穿刺部位の軟部組織損傷・血腫としてS301（鼠径部挫傷）相当と解釈。
3. 中心治療: Z縫合・圧迫止血、創傷処置（J000）、疼痛・貧血評価として血算追跡。
- カテーテル治療に伴う合併症として創傷処置や経過観察など一定の医療資源が投入されている。
- ただしICD-10上は明示的な「鼠径部血腫」コードがなく、解剖学的部位と性状から S301 鼠径部挫傷を包括コードとして採用するのが実務上妥当と判断。
- DPC6は「160580 腹壁損傷」で、主に外傷系で用いられるが、今回も腹壁（鼠径部）軟部組織損傷として整合性はある。
- 主目的疾患（心房細動）に比べると入院延長や高度処置は要しておらず、最資源投入病名としては次点だが、合併症としての資源投入があり候補に残す。",x,,分岐なし（xのみ）,,x,,分岐なし（xのみ）,,xx,パターン xx,,x,処置等1の分岐なし,0,トリガーにマッチする処置コードなし,x,副傷病の分岐なし,,x,重症度の分岐なし (全 x),,160580xxxxx0xx,"入院期間I:2日/4097点
入院期間II:7日/2144点
入院期間III:30日/1822点","入院日数5日
入院期間I:4097×2日=8194
入院期間II:2144×3日=6432
合計:14626",14626,rejected,点数が低い (差 1174),,,,,,,,,,,
4605361,2026-06-11,2026-06-15,ok,61.3,E119,２型糖尿病,２型糖尿病、詳細不明,0.45,10007x,２型糖尿病（糖尿病性ケトアシドーシスを除く。）,"1. 入院目的: 主目的は心房細動治療だが、既往歴として糖尿病（内服治療中）が挙げられている。
2. 主病名: 特定の合併症や型の記載はなく、高齢で内服治療中であることから一般的には２型糖尿病が最も妥当であり、詳細な合併症記載がないため E119 を選択。
3. 中心治療: 入院中は主として血糖コントロールの継続管理（食事・内服継続、必要な検査）と考えられるが、明確なインスリン導入や糖尿病特異的処置記載はない。
- 血糖やHbA1cデータは提示されていないが、継続治療中慢性疾患として一定の管理資源（内服調整、栄養指導など）が日常的に投下される疾患。
- しかし今回入院の主たる手術・検査は心房細動に集中しており、糖尿病自体に特化した追加資源投入は限定的と推測される。
- I10等の高血圧よりも糖尿病の方が将来の心房細動・心血管リスク管理として重要度が高く、候補として保持する価値はあるが、最資源投入病名としては補助的な位置づけ。",x,,分岐なし（xのみ）,,x,,分岐なし（xのみ）,,xx,パターン xx,,x,処置等1の分岐なし,0,トリガーにマッチする処置コードなし,x,副傷病の分岐なし,,x,重症度の分岐なし (全 x),,10007xxxxxx0xx,"入院期間I:5日/2868点
入院期間II:9日/2035点
入院期間III:30日/1729点","入院日数5日
入院期間I:2868×5日=14340
合計:14340",14340,rejected,点数が低い (差 1460),,,,,,,,,,,
4605361,2026-06-11,2026-06-15,ok,61.3,I109,本態性高血圧症,本態性（一次性）高血圧症、詳細不明,0.4,050140,高血圧性疾患,"1. 入院目的: 高血圧そのものが入院契機ではなく、心房細動の背景として存在する慢性疾患。
2. 主病名: 既往歴に「高血圧」記載があり、二次性高血圧の記載なく、標準的には I109 本態性高血圧症（詳細不明）と判断。
3. 中心治療: アムロジピン、アジルサルタン継続など内科的血圧コントロール。今回入院中に特別な降圧処置や高血圧クリーゼ対応の記載はない。
- 心房細動や心血管リスクの背景因子として長期的管理を要するが、今回入院での追加資源投入は限定的。
- DPC6は「050140 高血圧性疾患」であり、K595等の不整脈関連手術コードとは直接の対応はないため、本入院の主傷病としての整合性は低い。
- とはいえ、慢性基礎疾患として一定の管理資源は要しており、補助候補として保持する。",x,,分岐なし（xのみ）,,x,,分岐なし（xのみ）,,97,その他の手術（1件のKコードが他パターンに非該当）,K595(経皮的カテーテル心筋焼灼術（心房中隔穿刺又は心外膜アプローチを伴うもの）),x,処置等1の分岐なし,0,トリガーにマッチする処置コードなし,x,副傷病の分岐なし,,x,重症度の分岐なし (全 x),,050140xx97x0xx,"入院期間I:7日/3171点
入院期間II:15日/2216点
入院期間III:60日/1884点","入院日数5日
入院期間I:3171×5日=15855
合計:15855",15855,rejected,上位候補に劣る,,,,,,,,,,,
4605361,2026-06-11,2026-06-15,ok,61.3,J459,気管支喘息,気管支喘息,0.35,040100,喘息,"1. 入院目的: 喘息増悪での入院記載はなく、今回入院は心房細動治療目的。
2. 主病名: 既往歴に「喘息（気管支喘息）45歳」とあり、特定の急性発作や重積の記載はないため、J459 気管支喘息（詳細不明）と判断。
3. 中心治療: 本入院中に喘息に対する新規治療や増悪管理の記載はなく、通常の吸入薬等の継続管理レベルと推測される。
- EFに酸素吸入（J024）があるが、主には心房細動アブレーション周術期管理目的と考えられ、喘息増悪のための高流量酸素やステロイドパルス等は示されていない。
- DPC6は「040100 喘息」であり、心臓カテーテル関連K595とは直接関係せず、本入院の主資源投入先ではない。
- 既往としての慢性疾患で一定の管理資源は必要だが、今回入院での相対的重要性は低く、補助的候補と位置付ける。",x,,分岐なし（xのみ）,,x,,分岐なし（xのみ）,,xx,パターン xx,,x,処置等1の分岐なし,0,トリガーにマッチする処置コードなし,1,副傷病あり（value=1）,"[カルテ記事] E119(２型糖尿病，合併症を伴わないもの) 根拠: 入院時アセスメントで「＃2：糖尿病」とのみ記載され、腎・眼・神経・血管などの糖尿病性合併症の記載がない。内服治療中の２型糖尿病として管理。 引用: 【既往歴】
　高血圧  64歳、糖尿病  （内服治療中） 67歳、脂質異常症 、喘息  （気管支喘息） 45歳; 【アセスメント】
    ＃1：持続性心房細動
    ＃2：糖尿病
    ＃3：高血圧 判断: ２型糖尿病が既往・アセスメントに明記され、合併症記載はなく今回入院中も管理継続と考えられるためE119が該当。",x,重症度の分岐なし (全 x),,040100xxxxx01x,"入院期間I:4日/3320点
入院期間II:8日/2403点
入院期間III:30日/2043点","入院日数5日
入院期間I:3320×4日=13280
入院期間II:2403×1日=2403
合計:15683",15683,rejected,点数が低い (差 117),,,,,,,,,,,
4619601,2026-06-12,2026-07-03,ok,82.7,I442,完全房室ブロック,完全房室ブロック,0.9,050210,徐脈性不整脈,"1. 入院目的: ペースメーカー治療・心不全治療目的で緊急搬送・入院（cAVB 30–35bpm, tPM挿入）。
2. 主病名: 完全房室ブロック → I442 完全房室ブロック。
3. 中心治療: 体外ペースメーキング術（K596）反復、恒久的ペースメーカー植込み術DDD60（K597）施行、モニタリング・リハ含む心大血管リハ。
・徐脈性ショックに近い状態でテンポラリーペーシングが緊急実施され、その後もペーシングフェイラーに対するtPM入れ替え、最終的にPPM植込みまで一連の高度な循環器治療が本疾患を直接対象として行われている。
・うっ血性心不全やうっ血肝、多臓器うっ血は「徐脈による続発症」と明記されており、原発病態としての完全房室ブロックが資源投入の起点となっている。
・ICD-10 I442 は後天性完全房室ブロックを表し、本症例の記載（高齢・基礎心疾患検索予定・薬剤/電解質異常なし、先天性記載なし）に整合。
・DPC6「050210 徐脈性不整脈」はK597に代表されるペースメーカー植込み術・体外ペーシング術を手術分岐として持ち、本症例のK596/K597と完全に整合するため、このDPC群に属するI442が最資源投入病名候補として極めて強い。",x,,分岐なし（xのみ）,,x,,分岐なし（xのみ）,,97,その他の手術（3件のKコードが他パターンに非該当）,"K596(体外ペースメーキング術), K688(内視鏡的胆道ステント留置術), K597(ペースメーカー移植術（経静脈電極の場合）)",0,"処置等1=0: K596(体外ペースメーキング術)[レセ電=150267310, 実施日=2026-06-12]",0,トリガーにマッチする処置コードなし,x,副傷病の分岐なし,,x,重症度の分岐なし (全 x),,050210xx9700xx,"入院期間I:4日/3063点
入院期間II:9日/2173点
入院期間III:30日/1847点","入院日数22日
入院期間I:3063×4日=12252
入院期間II:2173×5日=10865
入院期間III:1847×13日=24011
合計:47128",47128,rejected,点数が低い (差 1936),,,,,,,,,,,
4619601,2026-06-12,2026-07-03,ok,82.7,K803,急性総胆管結石性胆管炎,総胆管結石性胆管炎,0.85,060340,胆管（肝内外）結石、胆管炎,"1. 入院目的: 当初は心不全・徐脈で入院したが、その後肝胆道系酵素・Bil上昇と発熱・炎症反応高値から胆道閉塞・胆管炎が顕在化。
2. 主病名: 総胆管結石性胆管炎 → K803 総胆管結石性胆管炎。
3. 中心治療: 抗菌薬ABPC/SBT 3g q8hによる全身抗菌療法、ERCPでEST＋EBS留置（K688相当）、続いてEPLBD＋採石など複数回の内視鏡的胆道ドレナージ・採石術。
・経過中、胆道系酵素・Bilが高値で改善せず、腹部エコー・ERCPで総胆管結石を確認し「総胆管結石性胆管炎」「急性胆管炎」と診断されている。
・胆汁培養でE.coli・Klebsiella検出、広域抗菌薬を10–14日間継続する計画など、感染症としても多大な医療資源が投入されている。
・K803は結石性胆管炎を表し、DPC6「060340 胆管（肝内外）結石、胆管炎」はERCP関連Kコード（K688など）を多数含み、本症例の内視鏡的胆道ステント留置・EPLBD＋採石と整合。
・徐脈性不整脈治療と並行して行われたが、ERCPは複数回・麻酔や体位管理・モニタリング等を要し、入院中期における医療資源集中の大きな要因であり、心疾患とは独立した最資源投入病名候補として成立する。",x,,分岐なし（xのみ）,,x,,分岐なし（xのみ）,,03,パターン 03（必須Kコード 1 マッチ）,K688(内視鏡的胆道ステント留置術),x,処置等1の分岐なし,0,トリガーにマッチする処置コードなし,0,トリガーに該当する副傷病なし,,x,重症度の分岐なし (全 x),,060340xx03x00x,"入院期間I:4日/3233点
入院期間II:7日/2294点
入院期間III:30日/1950点","入院日数22日
入院期間I:3233×4日=12932
入院期間II:2294×3日=6882
入院期間III:1950×15日=29250
合計:49064",49064,selected,,true,false,0.86,060340xx03x00x,060340xx03x00x,060340xx03x00x,1000,同点候補あり,入院契機は完全房室ブロック・心不全だが，中盤以降は急性総胆管結石性胆管炎に対しABPC/SBT投与とERCP＋EST＋EBS（K688）など集中した治療を実施しており，DPC14でも060340にK688がパターン03で紐づく。一方CKD G4は基礎疾患であり手術・処置の直接ターゲットではないため主病名には不適と判断し，候補0を採用する。,,
4619601,2026-06-12,2026-07-03,ok,82.7,I509,慢性心不全（HFpEF）,慢性心不全,0.65,050130,心不全,"1. 入院目的: ペースメーカー治療と「心不全治療」が入院目的として並記され、身体所見で「心不全あり」、うっ血肝・多臓器うっ血も記載されている。
2. 主病名: 慢性心不全（HFpEF） → I509 慢性心不全。
3. 中心治療: 心大血管疾患リハビリテーション、酸素投与、循環動態モニタリング、補液調整、経口摂取調整など。
・カルテ上「うっ血性心不全」「慢性心不全（HFpEF）」と繰り返し診断され、入院中も食思不振・補液・心大血管リハを通じた心機能管理が行われている。
・完全房室ブロックによる徐脈が急性増悪因子であるが、基盤心疾患としてのHFpEFが存在し、入院中も継続的な管理対象となっているため、原疾患として独立に最資源投入病名候補たりうる。
・ICD-10 I509は慢性心不全・急性心不全の包括コードであり、本例ではHFpEFとして慢性経過を背景に急性増悪を伴った病態に適合。
・DPC6「050130 心不全」は心大血管リハや循環器系モニタリング、心臓関連Kコードとリンクしており、本症例で行われたリハビリ・心不全治療の資源投入と整合する。",x,,分岐なし（xのみ）,,x,,分岐なし（xのみ）,,97,その他の手術（3件のKコードが他パターンに非該当）,"K596(体外ペースメーキング術), K688(内視鏡的胆道ステント留置術), K597(ペースメーカー移植術（経静脈電極の場合）)",0,"処置等1=0: K596(体外ペースメーキング術)[レセ電=150267310, 実施日=2026-06-12]",0,"処置等2=0: H000(心大血管疾患リハビリテーション料（１）（１単位）（理学療法士による場合）)[レセ電=180744210, 実施日=2026-06-23], H000(心大血管疾患リハビリテーション料（１）（１単位）（作業療法士による場合）)[レセ電=180744310, 実施日=2026-06-24;2026-06-28;2026-06-30;2026-07-01;2026-07-02]",0,トリガーに該当する副傷病なし,,x,重症度の分岐なし (全 x),,050130xx97000x,"入院期間I:9日/3140点
入院期間II:18日/2264点
入院期間III:60日/1924点","入院日数22日
入院期間I:3140×9日=28260
入院期間II:2264×9日=20376
入院期間III:1924×4日=7696
合計:56332",56332,rejected,上位候補に劣る,,,,,,,,,,,
4619601,2026-06-12,2026-07-03,ok,82.7,N184,慢性腎臓病ステージG4,慢性腎臓病ステージＧ４,0.5,110280,慢性腎炎症候群・慢性間質性腎炎・慢性腎不全,"1. 入院目的: 主目的は心疾患・胆道疾患だが、既往として「慢性腎臓病G4」が明記され、eGFR約30台で全経過を通じて腎機能に配慮した治療が行われている。
2. 主病名: 慢性腎臓病ステージG4 → N184 慢性腎臓病ステージＧ４。
3. 中心治療: 腎機能を踏まえた薬剤・造影・補液量調整、頻回の腎機能・電解質・Dダイマー等の検査フォロー。
・入院初日から退院前までBUN/Cr/eGFRが繰り返し測定され、補液や薬剤（抗菌薬、造影剤、利尿の要否など）がCKDを念頭に置いて調整されていると考えられ、検査・モニタリングという形で相応の医療資源が使われている。
・ステージG4と明記され、eGFRも約30–38と整合するため、ICD-10はN184が適切。
・DPC6「110280 慢性腎炎症候群・慢性間質性腎炎・慢性腎不全」はCKD G4を包含し、腎機能障害を背景にした検査・薬剤管理中心の入院にも対応する区分であり、今回入院の全ての治療計画に影響している基礎病態として最資源投入病名候補に残す意義がある。",x,,分岐なし（xのみ）,,x,,分岐なし（xのみ）,,97,その他の手術（3件のKコードが他パターンに非該当）,"K596(体外ペースメーキング術), K688(内視鏡的胆道ステント留置術), K597(ペースメーカー移植術（経静脈電極の場合）)",x,処置等1の分岐なし,0,トリガーにマッチする処置コードなし,0,トリガーに該当する副傷病なし,,x,重症度の分岐なし (全 x),,110280xx97x00x,"入院期間I:6日/3004点
入院期間II:11日/2131点
入院期間III:30日/1811点","入院日数22日
入院期間I:3004×6日=18024
入院期間II:2131×5日=10655
入院期間III:1811×11日=19921
合計:48600",48600,rejected,点数が低い (差 464),,,,,,,,,,,
4724414,2026-07-02,2026-07-14,ok,67.5,I48.1,持続性心房細動,持続性心房細動,0.86,050070,頻脈性不整脈,"1. 入院目的: 持続性心房細動に対する高周波カテーテルアブレーション（RFCA）目的での計画入院。
2. 主病名: カルテで「＃1：持続性心房細動」と明記され、RFCA対象として位置付けられている。
3. 中心治療: K595 経皮的カテーテル心筋焼灼術、全身麻酔下施行＋モニタリング・心リハ等。
- RFCAという侵襲的手技（K595）に最も多くの医療資源が投入されており、その直接の対象が持続性心房細動である。
- ICD-10 I48.1 は持続性心房細動であり、カルテ病名と整合する4桁コード。
- DPC6 は050070「頻脈性不整脈」で、手術KコードとしてK5951/5952等を包含し、本症例のK595と完全に整合。
- 心不全増悪は術後合併症として加療されているが、入院契機かつ最大侵襲の治療対象は心房細動であり、最資源投入病名候補として極めて有力。
- 近接候補の心不全（I50.0/I50.9）は利尿・hANP・トルバプタン中心であり、手術侵襲という点で本候補より若干劣る。",x,,分岐なし（xのみ）,,x,,分岐なし（xのみ）,,97,その他の手術（1件のKコードが他パターンに非該当）,K595(経皮的カテーテル心筋焼灼術（心房中隔穿刺又は心外膜アプローチを伴うもの）),0,トリガーにマッチする処置コードなし,0,トリガーにマッチする処置コードなし,x,副傷病の分岐なし,,x,重症度の分岐なし (全 x),,050070xx9700xx,"入院期間I:5日/3160点
入院期間II:9日/2242点
入院期間III:30日/1905点","入院日数13日
入院期間I:3160×5日=15800
入院期間II:2242×4日=8968
入院期間III:1905×4日=7620
合計:32388",32388,rejected,点数が低い (差 4928),,,,,,,,,,,
4724414,2026-07-02,2026-07-14,ok,67.5,I50.0,慢性心不全急性憎悪（HFpEF）,うっ血性心不全,0.8,050130,心不全,"1. 入院目的: もともとの慢性心不全に対し、心房細動アブレーション目的入院中に心不全が術後に急性増悪し、退院取り消し・入院延長となった。
2. 主病名: カルテに「#1 慢性心不全急性憎悪（HFpEF）」と明記され、体重増加・胸水増加・呼吸苦悪化の原因とされている。
3. 中心治療: hANP持続静注、フロセミド静注、トルバプタン（TLV）導入、酸素投与、連日モニタリング、心リハ。
- 退院予定日に呼吸苦増悪と体重+3kgで心不全急性増悪と診断され、入院期間が延長されており、時間的・人的資源が大きく投入されている。
- ICD-10 としては「うっ血性心不全」I50.0 がHFpEFによる容量負荷と肺うっ血・胸水の病態に最も整合する。
- DPC6は050130「心不全」で、心不全関連の処置や心大血管リハとの整合性が高い。
- 本候補はRFCA後の合併症・急性増悪として、本入院後半の資源投入の中心となっており、アブレーションそのもの（心房細動）と並ぶ有力な最資源投入病名候補である。",x,,分岐なし（xのみ）,,x,,分岐なし（xのみ）,,97,その他の手術（1件のKコードが他パターンに非該当）,K595(経皮的カテーテル心筋焼灼術（心房中隔穿刺又は心外膜アプローチを伴うもの）),0,トリガーにマッチする処置コードなし,0,"処置等2=0: H000(心大血管疾患リハビリテーション料（１）（１単位）（理学療法士による場合）)[レセ電=180744210, 実施日=2026-07-09], H000(心大血管疾患リハビリテーション料（１）（１単位）（看護師による場合）)[レセ電=180744510, 実施日=2026-07-10;2026-07-13], H000(心大血管疾患リハビリテーション料（１）（１単位）（集団療法による場合）)[レセ電=180744610, 実施日=2026-07-11;2026-07-12;2026-07-13]",0,トリガーに該当する副傷病なし,,x,重症度の分岐なし (全 x),,050130xx97000x,"入院期間I:9日/3140点
入院期間II:18日/2264点
入院期間III:60日/1924点","入院日数13日
入院期間I:3140×9日=28260
入院期間II:2264×4日=9056
合計:37316",37316,selected,,false,false,,050130xx97000x,,050130xx97000x,1000,同点候補なし,,,
4724414,2026-07-02,2026-07-14,ok,67.5,J90,右胸水貯留（心不全に伴う胸水）,胸水貯留,0.48,040190,胸水、胸膜の疾患（その他）,"1. 入院目的: 心房細動アブレーション目的入院時から右胸水貯留があり、術後にさらに胸水増加・葉間胸水増悪が認められた。
2. 主病名: 初診アセスメントで「＃2：右胸水貯留」、以後もCXRで「葉間胸水も濃く胸水も多い」と経過観察されている。
3. 中心治療: 胸水自体に対する穿刺やドレナージは行われていないが、心不全治療（hANP, 利尿薬, TLV）により胸水改善を図る方針で継続的に画像・呼吸状態をフォロー。
- 胸水は呼吸苦・横隔膜挙上の一因として繰り返し評価されており、画像検査などモニタリング資源が投下されている。
- ICD-10 J90「胸水貯留」は右胸水や葉間胸水の記載と整合し、特定の基礎疾患コード（結核・悪性腫瘍など）よりも包括的に表現できる。
- DPC6 040190「胸水、胸膜の疾患（その他）」に対応し、胸水が独立のターゲット疾患として扱われ得る。
- ただし本症例では胸水は主として心不全の従属病態であり、胸水に対する直接侵襲的手技はなく、最資源投入病名としては心不全・心房細動よりやや下位となるが、呼吸苦・横隔膜挙上評価の中心所見として候補に残す。",x,,分岐なし（xのみ）,,x,,分岐なし（xのみ）,,97,その他の手術（1件のKコードが他パターンに非該当）,K595(経皮的カテーテル心筋焼灼術（心房中隔穿刺又は心外膜アプローチを伴うもの）),x,処置等1の分岐なし,x,処置等2の分岐なし,x,副傷病の分岐なし,,x,重症度の分岐なし (全 x),,040190xx97xxxx,"入院期間I:13日/3242点
入院期間II:25日/2190点
入院期間III:60日/1861点","入院日数13日
入院期間I:3242×13日=42146
合計:42146",42146,rejected,上位候補に劣る,,,,,,,,,,,
4724414,2026-07-02,2026-07-14,ok,67.5,I10,高血圧症（本態性高血圧症）,本態性高血圧症,0.42,050140,高血圧性疾患,"1. 入院目的: 直接の入院目的ではないが、心不全・心房細動の背景疾患として高血圧症が長期管理されている。
2. 主病名: カルテに「＃4：高血圧症」と明記され、慢性心不全や心房細動のリスク因子として扱われている。
3. 中心治療: ARNI（サクビトリル/バルサルタン）投与・増量、ミネラルコルチコイド受容体拮抗薬（エプレレノンからフィネレノンへの切替）など降圧・心保護療法が入院中に調整。
- 高血圧は慢性であり、今回入院中も薬剤調整を受けているが、主たる急性資源投入（RFCAや急性心不全治療）の背景に位置する病態である。
- ICD-10 I10「本態性高血圧症」が最も一般的な4桁コードであり、本症例の記載と整合する。
- DPC6 050140「高血圧性疾患」に紐づき、心大血管リハや降圧薬調整とも整合はするが、直接の手術・急性処置の対象ではない。
- 心不全・心房細動に比べ資源投入の中心とは言い難いものの、薬剤調整や長期管理目的での評価がなされており、条件次第では高血圧性疾患DPC選択もあり得るため補助候補として保持。",x,,分岐なし（xのみ）,,x,,分岐なし（xのみ）,,97,その他の手術（1件のKコードが他パターンに非該当）,K595(経皮的カテーテル心筋焼灼術（心房中隔穿刺又は心外膜アプローチを伴うもの）),x,処置等1の分岐なし,0,トリガーにマッチする処置コードなし,x,副傷病の分岐なし,,x,重症度の分岐なし (全 x),,050140xx97x0xx,"入院期間I:7日/3171点
入院期間II:15日/2216点
入院期間III:60日/1884点","入院日数13日
入院期間I:3171×7日=22197
入院期間II:2216×6日=13296
合計:35493",35493,rejected,点数が低い (差 1823),,,,,,,,,,,
4724414,2026-07-02,2026-07-14,ok,67.5,E85.4,心アミロイドーシス疑い,心アミロイドーシス,0.4,100370,アミロイドーシス,"1. 入院目的: 直接の入院目的ではないが、肥大心の割に心電図で低電位であることなどから、入院中に心アミロイドーシス精査が計画されている。
2. 主病名: カルテに「心アミロイドーシス疑い」「amyloidosisも精査」と明記されているが、確定診断には至っていない。
3. 中心治療: 現時点では診断目的の検査・評価が中心で、特異的治療は行われていないが、長期的には心不全・不整脈の背景疾患として重要視されている。
- 疑い診断であっても、検査・精査目的に資源が投下されていれば候補とし得る。本例では現病歴・経過の中で繰り返し言及され、今後の治療方針（左心耳閉鎖の適応など）にも影響する重要病態として扱われている。
- ICD-10 E85.4「心アミロイドーシス」はカルテ病名と直接対応する4桁コードであり、DPC6 100370「アミロイドーシス」にマッピングされる。
- 今回入院での直接資源投入量は心房細動・心不全より少ないため主病名としての可能性は低いが、背景疾患としての重みと精査資源投入を考慮し、低めの信頼度で補助候補として保持する。",x,,分岐なし（xのみ）,,x,,分岐なし（xのみ）,,97,その他の手術（1件のKコードが他パターンに非該当）,K595(経皮的カテーテル心筋焼灼術（心房中隔穿刺又は心外膜アプローチを伴うもの）),x,処置等1の分岐なし,0,トリガーにマッチする処置コードなし,x,副傷病の分岐なし,,x,重症度の分岐なし (全 x),,100370xx97x0xx,"入院期間I:6日/3623点
入院期間II:16日/2479点
入院期間III:60日/2107点","入院日数13日
入院期間I:3623×6日=21738
入院期間II:2479×7日=17353
合計:39091",39091,rejected,上位候補に劣る,,,,,,,,,,,
4779015,2026-07-06,2026-07-14,ok,40.4,K565,癒着性腸閉塞,癒着性イレウス,0.9,060210,ヘルニアの記載のない腸閉塞,"1. 入院目的: 嘔気・嘔吐とストマからの排泄低下を主訴とし、「癒着性腸閉塞」の保存的治療目的で緊急入院。
2. 主病名: カルテで一貫して「癒着性腸閉塞」と記載されており、術後癒着による腸閉塞としてK565（癒着性イレウス）が最も適合。
3. 中心治療: 禁食、補液（G004点滴）、胃管挿入・持続ドレナージ（J020, J002）、CT・単純X線、入院管理、リハビリ。
- CTで胃〜小腸拡張と骨盤内で腸が追えない所見があり、既往の開腹手術歴から癒着性小腸イレウスと臨床的に明記されている。
- 経過中も毎日の記録で「癒着性腸閉塞」と病名が反復され、胃管減圧・造影検査・食事再開判断など入院全体の治療の中心となっている。
- 絞扼所見や虚血・穿孔はなく保存的に改善しているため、単純癒着性腸閉塞としてK565が妥当。
- DPC6はK565→060210（ヘルニアの記載のない腸閉塞）に対応し、本症例は手術Kコードを伴わない保存的加療例としてこのDPC区分と矛盾しない。",x,,分岐なし（xのみ）,,x,,分岐なし（xのみ）,,99,手術なし,,0,トリガーにマッチする処置コードなし,0,トリガーにマッチする処置コードなし,0,副傷病なし（AI/EF探索で該当なし）,,x,重症度の分岐なし (全 x),,060210xx99000x,"入院期間I:4日/3293点
入院期間II:8日/2336点
入院期間III:30日/1985点","入院日数9日
入院期間I:3293×4日=13172
入院期間II:2336×4日=9344
入院期間III:1985×1日=1985
合計:24501",24501,selected,,false,false,,060210xx99000x,,060210xx99000x,1000,同点候補なし,,,
4779015,2026-07-06,2026-07-14,ok,40.4,K319,癒着性腸閉塞による嘔吐・脱水,機能性嘔吐,0.45,060570,その他の消化器等の障害,"1. 入院目的: 嘔気・嘔吐およびストマからの排泄低下が主訴で救急受診しており、症状としての嘔吐が前面に出ている。
2. 主病名: 嘔吐自体に特化した確定診断名は付されていないが、持続する嘔吐としてK319（機能性嘔吐／嘔吐症状コード群）が形式的には該当しうる。
3. 中心治療: 胃管挿入・持続ドレナージによる胃内容排除（J020, J002）、点滴補液（G004）など、嘔吐・脱水の是正にも医療資源が投下されている。
- 本入院では原因病態は癒着性腸閉塞と明記されているが、初期の臨床像としては制御困難な嘔吐・経口摂取不能が受診・入院契機となっている。
- 嘔吐に対して胃管減圧・持続ドレナージが行われており、症状緩和目的でも一定の資源投入があったと評価可能。
- ただし、嘔吐はあくまで腸閉塞の症状であり、独立した主病名としてよりは原因疾患（K565）が優先されるべきであるため、候補としては補助的な位置づけとしconfidenceは控えめにする。
- DPC6（060570 その他の消化器等の障害）は本症例の中心病態とはずれるが、「症状ベースでコーディングした場合の近接候補」として参考候補にとどめる。",x,,分岐なし（xのみ）,,x,,分岐なし（xのみ）,,99,手術なし,,x,処置等1の分岐なし,0,トリガーにマッチする処置コードなし,x,副傷病の分岐なし,,x,重症度の分岐なし (全 x),,060570xx99x0xx,"入院期間I:3日/3235点
入院期間II:6日/2182点
入院期間III:30日/1854点","入院日数9日
入院期間I:3235×3日=9705
入院期間II:2182×3日=6546
入院期間III:1854×3日=5562
合計:21813",21813,rejected,点数が低い (差 2688),,,,,,,,,,,
4779015,2026-07-06,2026-07-14,ok,40.4,C187,既往のS状結腸癌術後状態に伴う腸管癒着,Ｓ状結腸癌,0.4,060035,結腸（虫垂を含む。）の悪性腫瘍,"1. 入院目的: 直接の目的は腸閉塞の保存的治療だが、その背景として2009年のS状結腸癌に対する骨盤内臓全摘術後であることが強調されている。
2. 主病名: 現在は癌自体の再発は記載されておらず、ICD上はC187（S状結腸癌）や術後状態コードが背景疾患として想起されるが、今回入院の主たる治療対象は腸閉塞である。
3. 中心治療: 癒着性腸閉塞に対する保存的加療（禁食・補液・胃管）であり、悪性腫瘍そのものへの抗腫瘍治療は行われていない。
- 腸閉塞の原因として過去の骨盤内臓全摘・人工肛門造設術に伴う癒着が明記されており、原疾患としてのS状結腸癌術後状態は病態形成に関与している。
- しかし、今回入院中に癌の再評価や治療は行われておらず、医療資源投入の中心は腸閉塞の管理にあるため、主傷病としては一段劣後する候補となる。
- DPC6はC187→060035（結腸の悪性腫瘍）だが、本入院で腫瘍関連手術や抗がん剤はなく、DPC観点でも主分岐に採用される可能性は低いため、背景疾患としての補助候補として保持する。",x,,分岐なし（xのみ）,,x,,分岐なし（xのみ）,,99,手術なし,,x,処置等1の分岐なし,0,トリガーにマッチする処置コードなし,x,副傷病の分岐なし,,x,重症度の分岐なし (全 x),,060035xx99x0xx,"入院期間I:2日/3159点
入院期間II:6日/2386点
入院期間III:30日/2028点","入院日数9日
入院期間I:3159×2日=6318
入院期間II:2386×4日=9544
入院期間III:2028×3日=6084
合計:21946",21946,rejected,点数が低い (差 2555),,,,,,,,,,,
4779015,2026-07-06,2026-07-14,ok,40.4,M6259,高齢に伴う廃用症候群（入院中リハビリ対象）,廃用症候群,0.35,070320,筋拘縮・萎縮（その他）,"1. 入院目的: 主目的は腸閉塞の保存的治療だが、入院時評価で「入院により機能障害・ADL低下が予想される」と記載があり、廃用への配慮がなされている。
2. 主病名: 明確に「廃用症候群」と診断名は書かれていないが、H001-21廃用症候群リハビリテーション料が算定されており、機能低下予防・改善が治療対象となっている。
3. 中心治療: 廃用症候群リハビリ（H001-21）および早期リハビリ加算・休日リハビリ加算など、リハビリ関連資源が継続的に投入されている。
- 本入院中に複数日リハビリテーションが行われ、診療報酬上も「廃用症候群リハビリテーション料」として算定されている点から、入院期間中一定の医療資源がこの病態にも向けられていると解釈できる。
- ただし、リハビリは腸閉塞治療に伴う二次的管理であり、入院契機・主目的ではないため、最資源投入病名としては腸閉塞に劣後する。
- DPC6はM6259→070320（筋拘縮・萎縮（その他））であり、腸閉塞DPC（060210）とは別群となるため、後段の比較用に補助候補として保持する。",x,,分岐なし（xのみ）,,x,,分岐なし（xのみ）,,99,手術なし,,x,処置等1の分岐なし,x,処置等2の分岐なし,x,副傷病の分岐なし,,x,重症度の分岐なし (全 x),,070320xx99xxxx,"入院期間I:11日/2643点
入院期間II:22日/1875点
入院期間III:60日/1594点","入院日数9日
入院期間I:2643×9日=23787
合計:23787",23787,rejected,点数が低い (差 714),,,,,,,,,,,
4824290,2026-07-08,2026-07-18,ok,84.4,I219,非ST上昇型急性心筋梗塞,非ＳＴ上昇型心筋梗塞,0.95,050030,急性心筋梗塞（続発性合併症を含む。）、再発性心筋梗塞,"1. 入院目的: 胸部違和感を主訴に受診し，2026/07/08発症の非ST上昇型急性心筋梗塞に対するPCI目的で入院。
2. 主病名: カルテ記載の「非ST上昇型急性心筋梗塞」に対応し，部位・再発などの詳細記載がないため包括コード I219 を選択。
3. 中心治療: K549 経皮的冠動脈ステント留置術（Onyx Frontier 2.5*30），連日の心筋酵素・トロポニン・心電図・胸部X線，心エコー，心大血管疾患リハビリテーションを実施。
・本疾患がPCIおよび周術期モニタリングなど今回入院で最も侵襲的かつ高額な医療資源投入の直接対象となっている。
・CK-MB/トロポニンI上昇やT波異常など急性心筋障害所見と臨床経過が合致し，非ST上昇型心筋梗塞として整合的。
・search結果で I219 はDPC6「050030 急性心筋梗塞」と対応し，その手術Kコード群にEF記載のK549（経皮的冠動脈ステント留置術）が含まれており，DPC上も典型的な組み合わせ。
・K549のDPC定義上は不安定狭心症も対象だが，本症例ではカルテ上明確に『非ST上昇型急性心筋梗塞』と記載されており，NSTEMIとして扱うのが妥当。
・Killip Iで心不全やショックは合併しておらず，合併症ではなく急性冠症候群本体が資源投入の中心である。",x,,分岐なし（xのみ）,,x,,分岐なし（xのみ）,,97,その他の手術（1件のKコードが他パターンに非該当）,K549(経皮的冠動脈ステント留置術（不安定狭心症に対するもの）),x,処置等1の分岐なし,0,"処置等2=0: H000(心大血管疾患リハビリテーション料（１）（１単位）（理学療法士による場合）)[レセ電=180744210, 実施日=2026-07-10], H000(心大血管疾患リハビリテーション料（１）（１単位）（作業療法士による場合）)[レセ電=180744310, 実施日=2026-07-15;2026-07-17], H000(心大血管疾患リハビリテーション料（１）（１単位）（看護師による場合）)[レセ電=180744510, 実施日=2026-07-11;2026-07-12;2026-07-13;2026-07-14;2026-07-15;2026-07-16]",x,副傷病の分岐なし,,x,重症度の分岐なし (全 x),,050030xx97x0xx,"入院期間I:3日/4151点
入院期間II:12日/2457点
入院期間III:60日/2088点","入院日数11日
入院期間I:4151×3日=12453
入院期間II:2457×8日=19656
合計:32109",32109,selected,,true,false,0.96,050030xx97x0xx,050030xx97x0xx,050030xx97x0xx,1000,同点候補あり,入院目的は胸部違和感を主訴とする急性冠症候群であり、SOAP_Aで一貫して「非ST上昇型急性心筋梗塞（2026/07/08発症）」と明記。トロポニンI著明高値・CK-MB上昇など心筋壊死所見もありNSTEMIとして矛盾しない。実施されたK549によるPCIはこのNSTEMI病変（Onyx Frontier 2.5×30留置）がターゲットであり、心不全はStage Bで代償期・既往脳梗塞等は今回の主たる治療対象ではない。EF上の文言は「不安定狭心症に対するもの」だが、カルテ診断と検査所見からは急性心筋梗塞DPC6(050030)を主病名とするのが資源投入・医学的整合性の両面から最も妥当。,,
4824290,2026-07-08,2026-07-18,ok,84.4,I20.0,不安定狭心症,不安定狭心症,0.65,050050,狭心症、慢性虚血性心疾患,"1. 入院目的: 胸部違和感を契機とした急性冠症候群で緊急PCIが行われており，病態として不安定狭心症相当のACS状態も強く疑われる入院。
2. 主病名: カルテ記載は『非ST上昇型急性心筋梗塞』だが，EF上のK549説明は『不安定狭心症に対するもの』であり，DPC上は狭心症カテゴリー I20.0 も候補となる。
3. 中心治療: 経皮的冠動脈ステント留置術K549，周術期モニタリング・血液検査・心大血管疾患リハビリテーションなどは急性冠症候群全体（不安定狭心症〜NSTEMI）の治療として実施。
・診療報酬上，K549はDPC6「050050 狭心症、慢性虚血性心疾患」の代表的手術コードであり，虚血性心疾患のうち心筋壊死が軽微/判然としない場合には不安定狭心症を主病名とする運用も実務上行われうる。
・本例ではトロポニン高値でNSTEMIと診断されているが，CKピークは軽度であり，『ACSとしてのPCI対象病変』という観点ではI219とI20.0がDPC6とKコードの対応上近接する。
・もし後段の査定・点数調整や病理・画像所見の再評価で『心筋梗塞ほどの壊死ではない』と解釈された場合でも，PCIの対象疾患として不安定狭心症 I20.0 を最資源投入病名に選び直せるよう，別候補として保持する価値がある。
・search結果で I20.0 はDPC6「050050」と対応し，そのsurgery_k_codesにK5493（経皮的冠動脈ステント留置術）が含まれており，EFのK549と整合する。",x,,分岐なし（xのみ）,,x,,分岐なし（xのみ）,,97,その他の手術（1件のKコードが他パターンに非該当）,K549(経皮的冠動脈ステント留置術（不安定狭心症に対するもの）),x,処置等1の分岐なし,0,トリガーにマッチする処置コードなし,x,副傷病の分岐なし,,x,重症度の分岐なし (全 x),,050050xx97x0xx,"入院期間I:3日/4085点
入院期間II:7日/2612点
入院期間III:30日/2220点","入院日数11日
入院期間I:4085×3日=12255
入院期間II:2612×4日=10448
入院期間III:2220×4日=8880
合計:31583",31583,rejected,点数が低い (差 526),,,,,,,,,,,
4824290,2026-07-08,2026-07-18,ok,84.4,I50.1,慢性心不全（Stage B，LVEF保たれた心不全）,左室駆出率の保たれた心不全,0.55,050130,心不全,"1. 入院目的: 主たる入院契機は急性冠症候群だが，カルテでは『慢性心不全（Stage：B，LVEF：55%）』として基礎心疾患が明記されており，入院中もリハビリと薬物調整（ARB追加）を継続。
2. 主病名: EF保たれた心不全（HFpEF）に相当し，左室駆出率が保たれている心不全として I50.1 を選択。Stage Bで症候性は乏しいが，構造的心疾患を有する高リスク状態。
3. 中心治療: 心大血管疾患リハビリテーション（H000，各職種），リハビリ総合計画評価料，ARB追加，連日のNT-proBNP測定など心不全管理目的の資源投入あり。
・今回のPCI適応決定やリハビリ計画は，基礎にある慢性心不全・虚血性心疾患の長期管理の一環としても位置づけられるため，入院全体を通じて継続的に評価・管理の対象となっている。
・NT-proBNPは178.1→95.8と推移しており，心不全の病態把握と治療反応性評価に資源が割かれている。
・DPC上，I50.1はDPC6「050130 心不全」と対応し，心大血管リハビリや心機能評価検査と整合的であり，PCIを含むK546〜K549群とも同一DPC群で取り扱われうる。
・Killip Iで急性増悪はないものの，高齢・既往の虚血性心疾患・心機能所見から，心不全予防・管理目的の介入（リハビリ，薬物調整）が今回入院資源の一部を占めていることから，条件次第では心不全DPCでの包括も理論的には成立しうる。",x,,分岐なし（xのみ）,,x,,分岐なし（xのみ）,,97,その他の手術（1件のKコードが他パターンに非該当）,K549(経皮的冠動脈ステント留置術（不安定狭心症に対するもの）),0,トリガーにマッチする処置コードなし,0,"処置等2=0: H000(心大血管疾患リハビリテーション料（１）（１単位）（理学療法士による場合）)[レセ電=180744210, 実施日=2026-07-10], H000(心大血管疾患リハビリテーション料（１）（１単位）（作業療法士による場合）)[レセ電=180744310, 実施日=2026-07-15;2026-07-17], H000(心大血管疾患リハビリテーション料（１）（１単位）（看護師による場合）)[レセ電=180744510, 実施日=2026-07-11;2026-07-12;2026-07-13;2026-07-14;2026-07-15;2026-07-16]",0,副傷病なし（AI/EF探索で該当なし）,,x,重症度の分岐なし (全 x),,050130xx97000x,"入院期間I:9日/3140点
入院期間II:18日/2264点
入院期間III:60日/1924点","入院日数11日
入院期間I:3140×9日=28260
入院期間II:2264×2日=4528
合計:32788",32788,rejected,上位候補に劣る,,,,,,,,,,,
4824290,2026-07-08,2026-07-18,ok,84.4,E11.9,2型糖尿病（合併症記載なし）,２型糖尿病,0.4,10007x,２型糖尿病（糖尿病性ケトアシドーシスを除く。）,"1. 入院目的: 主たる入院契機は急性冠症候群だが，カルテで『＃2型糖尿病　リスク因子コントロール』と繰り返し記載され，心血管リスク管理の重要な基礎疾患として扱われている。
2. 主病名: 糖尿病性腎症や網膜症などの具体的合併症記載がなく，急性代謝失調（DKA/HHS）もないため，2型糖尿病・詳細不明 E11.9 を選択。
3. 中心治療: HbA1c測定，血糖測定，栄養状態・脂質プロファイル評価など，糖代謝とリスク因子是正のための検査資源投入が継続。
・急性期PCI入院であっても，糖尿病は長期のリスク因子として動脈硬化性心血管疾患の背景病態となっており，今回の急性心筋梗塞の原疾患的役割を果たす。
・EFにHbA1c，血糖，各種代謝関連検査が列挙されており，単なる既往ではなく，今回入院中も糖尿病コントロール評価のために検査資源が投入されている。
・DPC上，E11.9はDPC6「10007x ２型糖尿病」に含まれ，急性冠症候群よりも糖尿病管理中心と解釈されるシナリオでは包括主病名となりうるため，理論上の候補として保持する価値がある。
・ただし本症例では手術・リハビリなどの大規模資源は急性冠症候群に対して投入されており，糖尿病単独で最資源投入病名となる可能性は相対的に低い。",x,,分岐なし（xのみ）,,x,,分岐なし（xのみ）,,xx,パターン xx,,x,処置等1の分岐なし,1,"処置等2=1: 0169(インスリン製剤（注射薬に限る。）), (ノボラピッド注　１００単位／ｍｌ)[レセ電=620008895, 実施日=2026-07-09], (ライゾデグ配合注　フレックスタッチ　３００単位)[レセ電=622451001, 実施日=2026-07-10]",x,副傷病の分岐なし,,x,重症度の分岐なし (全 x),,10007xxxxxx1xx,"入院期間I:6日/2871点
入院期間II:12日/2037点
入院期間III:30日/1731点","入院日数11日
入院期間I:2871×6日=17226
入院期間II:2037×5日=10185
合計:27411",27411,rejected,点数が低い (差 4698),,,,,,,,,,,
4824290,2026-07-08,2026-07-18,ok,84.4,E78.5,脂質異常症,脂質異常症,0.35,100300,代謝性疾患（糖尿病を除く。）,"1. 入院目的: 急性冠症候群入院だが，カルテで『＃脂質異常症（目標LDL-C < 55 mg/dL）』と具体的目標が設定され，動脈硬化性疾患の重要なリスク因子として長期管理対象となっている。
2. 主病名: 二次性の記載や具体的遺伝性脂質異常症の記載がなく，単純な脂質異常として E78.5 を選択。
3. 中心治療: LDLコレステロールの連日評価（LDL直接法），スタチン強化やネクセトール追加検討など脂質管理強化のための薬物調整を実施。
・今回の非ST上昇型心筋梗塞の動脈硬化背景として脂質異常症が存在し，退院後を見据えた二次予防戦略（LDL<55 mg/dL）が入院中に立案されている。
・EFでLDL, HDL, 総コレステロール, 中性脂肪など脂質プロファイル測定が複数回算定されており，脂質管理目的の検査資源投入が確認できる。
・DPC上，E78.5はDPC6「100300 代謝性疾患（糖尿病を除く。）」に属し，脂質異常症単独での入院や治療が中心となる症例では包括主病名になりうる。
・本例ではPCIやリハビリ等の主たる医療資源は急性冠症候群に向けられているため，脂質異常症単独で最資源投入病名となる可能性は低いが，虚血性心疾患の原疾患的背景として補助候補に含めておく。",x,,分岐なし（xのみ）,,x,,分岐なし（xのみ）,,xx,パターン xx,,x,処置等1の分岐なし,0,トリガーにマッチする処置コードなし,x,副傷病の分岐なし,,x,重症度の分岐なし (全 x),,100300xxxxx0xx,,11日 包括対象外,,rejected,包括対象外,,,,,,,,,,,
4907602,2026-07-15,2026-07-24,ok,25.7,I442,完全房室ブロック,完全房室ブロック,0.9,050210,徐脈性不整脈,"1. 入院目的: 「CAVBで入院となった」とあり，完全房室ブロックが今回入院契機。
2. 主病名: 完全房室ブロック → ICD-10 I442（完全房室ブロック）を選択。
3. 中心治療: K597 ペースメーカー移植術（経静脈電極），心大血管疾患リハビリ，心エコー・各種血液検査等。
4. ペースメーカー移植という侵襲的手術が本疾患に対して施行されており，最も大きな医療資源投入の直接対象と判断できる。
5. I442 はDPC6「050210 徐脈性不整脈」と対応し，その手術Kコード群にK5971～3, K597-2 が含まれ，今回のK597（ペースメーカー移植）と整合する。
6. 肺高血圧症は入院中に精査・評価されているが，主たる手術・処置の対象はCAVBであり，本候補を最資源投入病名として強く支持できる。",x,,分岐なし（xのみ）,,x,,分岐なし（xのみ）,,97,その他の手術（1件のKコードが他パターンに非該当）,K597(ペースメーカー移植術（経静脈電極の場合）),0,トリガーにマッチする処置コードなし,0,トリガーにマッチする処置コードなし,x,副傷病の分岐なし,,x,重症度の分岐なし (全 x),,050210xx9700xx,"入院期間I:4日/3063点
入院期間II:9日/2173点
入院期間III:30日/1847点","入院日数10日
入院期間I:3063×4日=12252
入院期間II:2173×5日=10865
入院期間III:1847×1日=1847
合計:24964",24964,selected,,false,false,,050210xx9700xx,,050210xx9700xx,1000,同点候補なし,,,
4907602,2026-07-15,2026-07-24,ok,25.7,I270,肺高血圧症,肺高血圧症,0.65,04026x,肺高血圧性疾患,"1. 入院目的: CAVBでの入院だが，入院時TTEで肺高血圧を指摘され，デバイス留置後にPH再評価が入院中の重要テーマとなっている。
2. 主病名: 肺高血圧症（PH） → 特発性か続発性か明記なく，原因精査でも膠原病・PEは否定されているため，包括的な I270「肺高血圧症」を採用。
3. 中心治療: 心エコー・CT等の画像検査，膠原病関連自己抗体やPE関連検査など，PH原因精査のための多岐にわたる検査実施。
4. 入院期間を通じてPHの有無・程度・原因評価が繰り返し言及され，検査資源投入が大きい病態であり，最資源投入病名候補として成立する。
5. I270 はDPC6「04026x 肺高血圧性疾患」と対応し，今回入院での心大血管疾患リハや心機能評価とも臨床的に整合する（ただし主要Kコードは徐脈性不整脈側に紐づく）。
6. CAVBが手術対象としては優位だが，PHも並行して精査されており，検査・モニタリング資源の観点から独立候補として保持する。",x,,分岐なし（xのみ）,,x,,分岐なし（xのみ）,,97,その他の手術（1件のKコードが他パターンに非該当）,K597(ペースメーカー移植術（経静脈電極の場合）),x,処置等1の分岐なし,0,トリガーにマッチする処置コードなし,x,副傷病の分岐なし,,x,重症度の分岐なし (全 x),,04026xxx97x0xx,"入院期間I:6日/3611点
入院期間II:16日/2508点
入院期間III:60日/2132点","入院日数10日
入院期間I:3611×6日=21666
入院期間II:2508×4日=10032
合計:31698",31698,rejected,上位候補に劣る,,,,,,,,,,,
4907602,2026-07-15,2026-07-24,ok,25.7,I281,肺動脈拡張（肺動脈拡張症）,肺動脈拡張,0.45,040240,肺循環疾患,"1. 入院目的: CAVBでの入院だが，画像検査で「肺動脈の著明な拡張」が指摘され，PH評価の一環として注目されている。
2. 主病名: 肺動脈拡張（肺動脈拡張症） → 形態学的異常としてI281「肺動脈拡張」を選択。
3. 中心治療: CT等画像診断による評価，心エコーでの肺動脈圧・形態評価などが本所見に関連。
4. 肺高血圧症と密接に関連しつつも，形態異常そのものが精査対象となっており，肺循環疾患として独立した病態候補とみなせる。
5. I281 はDPC6「040240 肺循環疾患」に対応し，肺高血圧性疾患（04026x）とは別のDPC分類となるため，DPC観点での別候補として保持する意義がある。
6. 実際の資源投入は主としてPH全体の評価に紐づくため，I270候補よりは優先度がやや低いが，形態異常を主軸としたコーディングが選択される可能性を残す。",x,,分岐なし（xのみ）,,x,,分岐なし（xのみ）,,97,その他の手術（1件のKコードが他パターンに非該当）,K597(ペースメーカー移植術（経静脈電極の場合）),x,処置等1の分岐なし,0,トリガーにマッチする処置コードなし,x,副傷病の分岐なし,,x,重症度の分岐なし (全 x),,040240xx97x0xx,"入院期間I:2日/3059点
入院期間II:4日/2229点
入院期間III:30日/1895点","入院日数10日
入院期間I:3059×2日=6118
入院期間II:2229×2日=4458
入院期間III:1895×6日=11370
合計:21946",21946,rejected,点数が低い (差 3018),,,,,,,,,,,
4919405,2026-06-02,2026-06-18,ok,59.7,J841,特発性肺線維症に伴う間質性肺炎急性増悪,急性間質性肺炎,0.86,040110,間質性肺炎,"1. 入院目的: 「間質性肺炎急性増悪治療」、呼吸困難・低酸素血症の増悪を主訴として救急搬送・入院。
2. 主病名: 既知のprobable UIP pattern の線維性間質性肺炎(IPF相当)に対する急性増悪として診断・記載されており、ICD-10では急性間質性肺炎(J841)として包括。
3. 中心治療: mPSL 1,000mg/日×3日のステロイドパルス後、高用量ステロイド継続、広域抗菌薬2剤、継続的酸素投与・呼吸心拍監視、頻回血液ガス・炎症マーカー・KL-6・自己抗体パネル、呼吸リハビリなど、入院全体の医療資源が本病態に集中。
- 高度低酸素血症と画像上のびまん性すりガラス影、KL-6・LDH高値、既存のUIP背景から、IPF急性増悪としての急性間質性肺炎が今回入院の中心病態。
- ICU管理こそないが、高流量酸素(オキシマイザー最大7L/分負荷時)とステロイドパルスを含む集中治療が本病態に対して行われている。
- ICD-10:J841(急性/特発性間質性肺炎)はIP急性増悪の実臨床コードとして広く用いられ、本症例の背景肺(特発性肺線維症)と急性増悪パターンに合致。
- DPC6:040110(間質性肺炎)が対応し、今回の検査(J・Dコード多数)、酸素療法(J024)、呼吸リハ(H003)など呼吸器内科的治療内容と整合する。",x,,分岐なし（xのみ）,,x,,分岐なし（xのみ）,,xx,パターン xx,,0,トリガーにマッチする処置コードなし,0,トリガーにマッチする処置コードなし,x,副傷病の分岐なし,,x,重症度の分岐なし (全 x),,040110xxxx00xx,"入院期間I:8日/3193点
入院期間II:15日/2255点
入院期間III:60日/1917点","入院日数17日
入院期間I:3193×8日=25544
入院期間II:2255×7日=15785
入院期間III:1917×2日=3834
合計:45163",45163,selected,,false,false,,040110xxxx00xx,,040110xxxx00xx,1000,同点候補なし,,,
4919405,2026-06-02,2026-06-18,ok,59.7,J9609,急性呼吸不全（間質性肺炎急性増悪による）,急性呼吸不全,0.7,040130,呼吸不全（その他）,"1. 入院目的: 主訴は呼吸困難であり、「低酸素血症が著しく」救急外来へ紹介されたと記載されており、急性呼吸不全そのものが救急受診・入院の直接契機。
2. 主病名: ガス交換障害に基づく低酸素血症・高流量酸素投与・頻回血液ガス測定が行われており、臨床的には急性呼吸不全に相当しICD-10 J9609が妥当。
3. 中心治療: オキシマイザーを用いた酸素療法(J024)、呼吸心拍監視(D220)、動脈血ガス分析(D007/D419)を連日施行し、呼吸リハビリ(H003)も併用するなど、呼吸不全の管理に相当な医療資源が投入されている。
- 呼吸状態悪化に伴うSpO2低下(安静時酸素4L→2L、労作時7L)の経過観察が入院全体を通じて行われている。
- 背景病態はIP急性増悪だが、実際に救急室・病棟で日々モニターされ治療目標となっているのは酸素化(SpO2)と呼吸状態であり、急性呼吸不全も資源投入病名として独立候補。
- ICD-10:J9609(急性呼吸不全)は、原因疾患が呼吸器(間質性肺炎)である本例にも適合しうる汎用コード。
- DPC6:040130(呼吸不全（その他）)は酸素療法や血液ガス管理を主とした入院と整合し、今回のJ024/J007/J223/D220等のEF記載と矛盾しない。",x,,分岐なし（xのみ）,,x,,分岐なし（xのみ）,,99,手術なし,,x,処置等1の分岐なし,0,トリガーにマッチする処置コードなし,x,副傷病の分岐なし,,x,重症度の分岐なし (全 x),,040130xx99x0xx,"入院期間I:4日/3127点
入院期間II:9日/2236点
入院期間III:30日/1900点","入院日数17日
入院期間I:3127×4日=12508
入院期間II:2236×5日=11180
入院期間III:1900×8日=15200
合計:38888",38888,rejected,点数が低い (差 6275),,,,,,,,,,,
4919405,2026-06-02,2026-06-18,ok,59.7,J449,慢性閉塞性肺疾患（COPD）,慢性閉塞性肺疾患,0.45,040120,慢性閉塞性肺疾患,"1. 入院目的: 直接の入院理由はIP急性増悪であるが、既往歴にCOPDが明記されており、慢性呼吸機能低下の一因として背景に存在。
2. 主病名: 「COPD」の既往が記載されるのみで急性増悪とは書かれていないため、ICD-10としては慢性閉塞性肺疾患(J449:詳細不明)が最も無難。
3. 中心治療: 今回入院中の主要治療はIP急性増悪に対するものだが、酸素療法や呼吸リハビリはCOPD由来の慢性呼吸機能低下にも寄与しており、一部資源がCOPDを背景とした慢性呼吸不全の管理にも費やされていると解釈可能。
- COPDはIPF急性増悪と併存することでガス交換障害を増悪させうるため、呼吸不全の重症度に寄与した可能性が高い。
- ただしカルテ上、COPD急性増悪や気道感染の明確な記載はなく、NT-proBNP軽度高値以外に心不全所見も乏しいため、今回入院の“主”資源投入先としては一段低い。
- ICD-10:J449(慢性閉塞性肺疾患)は合併症の特記がないCOPDの包括コードとして妥当であり、DPC6:040120(慢性閉塞性肺疾患)は本疾患の入院管理に対応する。",x,,分岐なし（xのみ）,,x,,分岐なし（xのみ）,,99,手術なし,,0,トリガーにマッチする処置コードなし,0,トリガーにマッチする処置コードなし,x,副傷病の分岐なし,,x,重症度の分岐なし (全 x),,040120xx9900xx,"入院期間I:6日/3300点
入院期間II:11日/2227点
入院期間III:30日/1893点","入院日数17日
入院期間I:3300×6日=19800
入院期間II:2227×5日=11135
入院期間III:1893×6日=11358
合計:42293",42293,rejected,点数が低い (差 2870),,,,,,,,,,,
4919405,2026-06-02,2026-06-18,ok,59.7,I693,脳梗塞後遺症,脳梗塞後遺症,0.4,010069,脳卒中の続発症,"1. 入院目的: 直接の入院理由ではないが、既往歴としての脳梗塞後遺症がADL低下や転倒リスクの一因となり、入院中のリハビリやケア資源配分に影響している可能性があると評価されている(自力歩行困難、ADL低下予測の記載)。
2. 主病名: 「脳梗塞後遺症」と明示されており、ICD-10ではI693(脳梗塞後遺症)が標準コード。
3. 中心治療: 呼吸器リハビリ(H003)や転倒リスク管理、ADL低下予防などの非薬物的資源投入が、呼吸器疾患とともに脳梗塞後遺症に起因する運動障害・機能障害を背景としている。
- せん妄リスク・ADL低下の予測など、全身管理における基礎疾患として今回入院中も意識されており、リハ総合計画評価料の算定など長期的な機能障害に対する資源投入がみられる。
- とはいえ、医療資源の大半は呼吸器疾患に対して投入されているため、最資源投入病名としては優先度は低いが、機能障害ベースのDPC(010069)も候補として残す価値がある。",x,,分岐なし（xのみ）,,x,,分岐なし（xのみ）,,99,手術なし,,0,トリガーにマッチする処置コードなし,0,トリガーにマッチする処置コードなし,0,トリガーに該当する副傷病なし,,x,重症度の分岐なし (全 x),,010069xx99000x,"入院期間I:3日/3194点
入院期間II:8日/2050点
入院期間III:30日/1742点","入院日数17日
入院期間I:3194×3日=9582
入院期間II:2050×5日=10250
入院期間III:1742×9日=15678
合計:35510",35510,rejected,点数が低い (差 9653),,,,,,,,,,,
4949523,2026-05-27,2026-07-02,ok,146.0,I639,脳梗塞（病型未同定、左中大脳動脈領域に散在）,脳梗塞・急性期,0.9,010060,脳梗塞,"1. 入院目的: 「脳梗塞の精査加療目的」で紹介入院、構音障害・右口角下垂など急性発症の巣症状あり。
2. 主病名: カルテ記載は「脳梗塞（病型不明、左中大脳動脈領域に散在）」で、塞栓源検索でも病型未同定のまま。→ 病型未同定の急性期脳梗塞として I639 が整合的。
3. 中心治療: 抗血小板薬2剤による二次予防、頭頚部血管造影や各種エコー・ホルター心電図等の塞栓源精査、脳血管疾患等リハビリテーション（PT・OT・ST）。
4. 本疾患が入院の直接契機かつリハビリ・画像検査・モニタリングなど最も大きな医療資源の対象となっている。
5. t-PAや血栓回収術などのKコードはないが、DPC上 I639 は脳梗塞（010060）の標準コードであり、EF記載のリハビリH001、一連の脳血管・心エコー・CT/MRI/血管造影等と整合する。
6. 病巣は左被殻〜半卵円中心で散在、多発だが頚動脈病変・心疾患いずれも決め手に欠けるため、特定病型（アテローム血栓性 I633 や塞栓性 I634）よりも病型未同定 I639 がカルテの記載と一致する。
7. 維持透析中などリスク因子はあるものの、それ自体よりも急性期脳梗塞が今回入院のストーリーの中心であり、他候補（末期腎不全等）より主傷病としての妥当性が高い。",x,,分岐なし（xのみ）,,x,,分岐なし（xのみ）,,99,手術なし,,x,処置等1の分岐なし,2,"処置等2=2: H001(脳血管疾患等リハビリテーション料（１）（１単位）（理学療法士による場合）)[レセ電=180745310, 実施日=2026-06-10], H001(脳血管疾患等リハビリテーション料（１）（１単位）（言語聴覚士による場合）)[レセ電=180745510, 実施日=2026-05-29;2026-05-31;2026-06-03;2026-06-06;2026-06-07;2026-06-10;2026-06-13;2026-06-16;2026-06-18;2026-06-19;2026-06-20;2026-06-21;2026-06-23;2026-06-27;2026-06-28;2026-07-01], H001(脳血管疾患等リハビリテーション料（１）（１単位）（作業療法士による場合）)[レセ電=180745410, 実施日=2026-05-29;2026-06-01;2026-06-04;2026-06-08;2026-06-09;2026-06-13;2026-06-14;2026-06-15;2026-06-17;2026-06-18;2026-06-22;2026-06-24;2026-06-25;2026-06-27;2026-06-29;2026-07-01]",0,副傷病なし（AI/EF探索で該当なし）,,x,重症度の分岐なし (全 x),,010060xx99x20x,"入院期間I:7日/3191点
入院期間II:14日/2168点
入院期間III:60日/1842点","入院日数37日
入院期間I:3191×7日=22337
入院期間II:2168×7日=15176
入院期間III:1842×23日=42366
合計:79879",79879,selected,,false,false,,010060xx99x20x,,010060xx99x20x,1000,同点候補なし,,,
4949523,2026-05-27,2026-07-02,ok,146.0,N185,末期腎不全（慢性腎不全・維持透析中）,慢性腎不全・維持透析中,0.8,110280,慢性腎炎症候群・慢性間質性腎炎・慢性腎不全,"1. 入院目的: 主目的は脳梗塞だが、入院中も継続して維持透析が必要であり、透析スケジュールの調整が行われている。
2. 主病名: カルテに「末期腎不全、維持透析中」「慢性腎不全（維持透析中）」と明記されており、造影検査・抗血小板療法のリスク評価でも常に考慮されている。→ N185（慢性腎不全・維持透析中）が妥当。
3. 中心治療: J038 による慢性維持透析（人工腎臓）を入院期間中継続、透析条件や薬剤（パーサビブ減量）調整、透析関連検査多数。
4. 週3回以上の透析は人的・時間的資源投入が大きく、入院全体を通じて継続されている点で最資源投入病名候補になりうる。
5. N185 は DPC6「110280 慢性腎炎症候群・慢性間質性腎炎・慢性腎不全」に対応し、EF上の人工腎臓 J038 群と整合する。
6. ただし今回の入院は脳梗塞精査加療目的であり、腎不全自体の急性増悪や透析導入を目的とした入院ではないため、主傷病としては脳梗塞より一段低い位置づけとした。",x,,分岐なし（xのみ）,,x,,分岐なし（xのみ）,,99,手術なし,,0,トリガーにマッチする処置コードなし,0,トリガーにマッチする処置コードなし,0,副傷病なし（AI/EF探索で該当なし）,,x,重症度の分岐なし (全 x),,110280xx99000x,"入院期間I:4日/3055点
入院期間II:9日/2285点
入院期間III:30日/1942点","入院日数37日
入院期間I:3055×4日=12220
入院期間II:2285×5日=11425
入院期間III:1942×21日=40782
合計:64427",64427,rejected,点数が低い (差 15452),,,,,,,,,,,
4949523,2026-05-27,2026-07-02,ok,146.0,E10.9,１型糖尿病,１型糖尿病,0.45,10006x,１型糖尿病（糖尿病性ケトアシドーシスを除く。）,"1. 入院目的: 主として脳梗塞だが、既往歴として「1型糖尿病」が挙げられており、血糖・HbA1c 等の検査が継続実施されている。
2. 主病名: カルテに「＃1型糖尿病」と明示され、急性代謝異常やケトアシドーシスの記載はなく、合併症の具体的記載も本入院中には乏しいため、合併症なしの E10.9 相当とみなすのが妥当。
3. 中心治療: 糖尿病に特化した集中治療はなく、主に血糖・HbA1c モニタリングや栄養管理レベルでの介入にとどまる。
4. 本疾患は脳梗塞や腎不全の背景リスクとして重要だが、今回入院中に最も医療資源が投入された病名ではなく、補助的候補。
5. DPC上は「10006x １型糖尿病（糖尿病性ケトアシドーシスを除く。）」に対応するが、EF上に糖尿病急性合併症に特有のK/Jコードは見られないため、主傷病として採用される可能性は脳梗塞・末期腎不全より低い。",x,,分岐なし（xのみ）,,x,,分岐なし（xのみ）,,xx,パターン xx,,x,処置等1の分岐なし,1,"処置等2=1: 0169(インスリン製剤（注射薬に限る。）), (ランタス注１００単位／ｍｌ)[レセ電=620008945, 実施日=2026-05-27;2026-05-28;2026-05-29;2026-05-30;2026-05-31;2026-06-01;2026-06-02;2026-06-03;2026-06-04;2026-06-05;2026-06-06;2026-06-07;2026-06-08;2026-06-09;2026-06-10;2026-06-11;2026-06-12;2026-06-13;2026-06-14;2026-06-15;2026-06-16;2026-06-17;2026-06-18;2026-06-19;2026-06-20;2026-06-21;2026-06-22;2026-06-23;2026-06-24;2026-06-25;2026-06-26;2026-06-27;2026-06-28;2026-06-29;2026-06-30;2026-07-01], (ノボラピッド注　１００単位／ｍｌ)[レセ電=620008895, 実施日=2026-05-28;2026-05-29;2026-05-30;2026-05-31;2026-06-01;2026-06-02;2026-06-03;2026-06-04;2026-06-05;2026-06-06;2026-06-07;2026-06-08;2026-06-09;2026-06-10;2026-06-11;2026-06-12;2026-06-13;2026-06-14;2026-06-15;2026-06-16;2026-06-17;2026-06-18;2026-06-19;2026-06-20;2026-06-21;2026-06-22;2026-06-23;2026-06-24;2026-06-25;2026-06-26;2026-06-27;2026-06-28;2026-06-29;2026-06-30;2026-07-01;2026-07-02]",x,副傷病の分岐なし,,x,重症度の分岐なし (全 x),,10006xxxxxx1xx,"入院期間I:6日/2802点
入院期間II:11日/1988点
入院期間III:30日/1689点","入院日数37日
入院期間I:2802×6日=16812
入院期間II:1988×5日=9940
入院期間III:1689×19日=32091
合計:58843",58843,rejected,点数が低い (差 21036),,,,,,,,,,,
4949523,2026-05-27,2026-07-02,ok,146.0,I652,頚動脈硬化症（左外頚動脈プラーク）,頚動脈粥状硬化症,0.4,010070,脳血管障害,"1. 入院目的: 脳梗塞精査の一環として塞栓源検索が行われ、その過程で左外頚動脈起始部のプラークが指摘されている。
2. 主病名: カルテには「左ECA起始部にプラークあり」「左外頚動脈プラークについては当院外来でフォロー予定」と明記され、頚動脈粥状硬化症として I652 が対応する。
3. 中心治療: 本入院中に外科的治療やステント等の介入は行われておらず、今後の外来フォロー対象とされている。
4. ただし、このプラークが脳梗塞の塞栓源候補として繰り返し議論されており、病態理解および二次予防戦略上は重要な病変であるため、脳梗塞に隣接する主病変候補として保持する価値がある。
5. I652 は DPC6「010070 脳血管障害」に属し、脳梗塞自体（010060）とは別のDPC群になりうるが、本症例では実際の資源投入（リハビリ・薬物療法等）は脳梗塞そのものに紐づいており、頚動脈病変は主病名としては劣後する。",x,,分岐なし（xのみ）,,x,,分岐なし（xのみ）,,99,手術なし,,1,"処置等1=1: E003(造影剤注入（動脈造影カテーテル法）（選択的血管造影）)[レセ電=170027110, 実施日=2026-06-02]",0,トリガーにマッチする処置コードなし,x,副傷病の分岐なし,,x,重症度の分岐なし (全 x),,010070xx9910xx,"入院期間I:1日/5279点
入院期間II:3日/1973点
入院期間III:30日/2296点","入院日数37日
入院期間I:5279×1日=5279
入院期間II:1973×2日=3946
入院期間III:2296×27日=61992
合計:71217",71217,rejected,点数が低い (差 8662),,,,,,,,,,,
5047065,2026-06-01,2026-06-05,ok,41.9,I489,心房粗動（uAFL）,心房粗動,0.9,050070,頻脈性不整脈,"1. 入院目的: 「カテーテルアブレーション」目的入院で、動悸・心房粗動（uAFL）に対する治療目的と記載。
2. 主病名: 入院診断は発作性心房細動だが、入院時現病歴および経過でuAFL（心房粗動）として記載があり、今回の主たる不整脈病態。
3. 中心治療: K595 経皮的カテーテル心筋焼灼術およびJ047 カウンターショック（DC cardioversion）、心電図・経食道心エコー等の不整脈治療関連検査が集中的に実施。
- K595は頻脈性上室性不整脈（AF/AFL等）に対する根治治療として施行されており、その直接対象は今回問題となった心房粗動である。
- SOAP記載でAFL波形が問題視され、cardioversion方針とされていることから、本入院中の症候性頻脈性不整脈の中心はuAFLと判断でき、これに対して最も医療資源（アブレーション＋DC）が投入された。
- ICD-10 I489（心房粗動/心房細動）はsearch結果でDPC6「050070 頻脈性不整脈」に対応し、surgery_k_codesにK5951/2が含まれており、本症例EFのK595と整合する。
- 発作性心房細動(I480)も背景にあるが、今回の入院時にはuAFLとして認識されており、同一DPC6群内でより今回のイベントを表すコードとしてI489を優先候補とした。",x,,分岐なし（xのみ）,,x,,分岐なし（xのみ）,,97,その他の手術（1件のKコードが他パターンに非該当）,K595(経皮的カテーテル心筋焼灼術（心房中隔穿刺又は心外膜アプローチを伴うもの）),0,トリガーにマッチする処置コードなし,0,トリガーにマッチする処置コードなし,x,副傷病の分岐なし,,x,重症度の分岐なし (全 x),,050070xx9700xx,"入院期間I:5日/3160点
入院期間II:9日/2242点
入院期間III:30日/1905点","入院日数5日
入院期間I:3160×5日=15800
合計:15800",15800,selected,,false,false,,050070xx9700xx,,050070xx9700xx,1000,同点候補なし,,,
5047065,2026-06-01,2026-06-05,ok,41.9,I10,本態性高血圧症,境界型高血圧症,0.45,050140,高血圧性疾患,"1. 入院目的: カテーテルアブレーション目的だが、2006年からの高血圧が基礎疾患として存在。
2. 主病名: 初診時「＃2：高血圧」と併記されており、長期管理が必要な循環器基礎疾患。
3. 中心治療: 今回入院中に高血圧自体に対する特別な処置や検査は記載されておらず、主たる資源は不整脈治療に投入されている。
- ICD-10検索ではI10台の高血圧が「050140 高血圧性疾患」に対応するが、EFには高血圧特有のKコードや高度な降圧治療関連処置は見られない。
- ただし高血圧はAF/AFL発症や進展に寄与する基礎心疾患であり、長期的な医療資源投入の対象になっているため、入院全体の循環器疾患管理の一部として候補に含めた。
- 今回入院単体でみると最資源投入病名としては不整脈に明らかに劣後するため、confidenceおよびprimary_likelihoodは低めとした。",x,,分岐なし（xのみ）,,x,,分岐なし（xのみ）,,97,その他の手術（1件のKコードが他パターンに非該当）,K595(経皮的カテーテル心筋焼灼術（心房中隔穿刺又は心外膜アプローチを伴うもの）),x,処置等1の分岐なし,0,トリガーにマッチする処置コードなし,x,副傷病の分岐なし,,x,重症度の分岐なし (全 x),,050140xx97x0xx,"入院期間I:7日/3171点
入院期間II:15日/2216点
入院期間III:60日/1884点","入院日数5日
入院期間I:3171×5日=15855
合計:15855",15855,rejected,上位候補に劣る,,,,,,,,,,,
5047065,2026-06-01,2026-06-05,ok,41.9,E785,脂質異常症,脂質異常症,0.4,100300,代謝性疾患（糖尿病を除く。）,"1. 入院目的: 主目的はカテーテルアブレーションであり、脂質異常症は直接の入院契機ではない。
2. 主病名: 入院診断「＃3：脂質異常症」として記載され、2006年からの慢性代謝性疾患として加療中。
3. 中心治療: 今回入院中、脂質異常症自体に対する特別な処置や検査は記載されておらず、主な資源は不整脈治療に投下されている。
- ICD-10 E785（脂質異常症）はsearch結果でDPC6「100300 代謝性疾患（糖尿病を除く。）」に対応するが、EFには脂質異常症を主対象とする手術・処置・精査はみられない。
- 心房性不整脈や心血管リスクの背景因子として重要だが、今回入院エピソード単体で最も医療資源を要した病名とはいえないため、補助候補として保持するにとどめた。",x,,分岐なし（xのみ）,,x,,分岐なし（xのみ）,,xx,パターン xx,,x,処置等1の分岐なし,0,トリガーにマッチする処置コードなし,x,副傷病の分岐なし,,x,重症度の分岐なし (全 x),,100300xxxxx0xx,,5日 包括対象外,,rejected,包括対象外,,,,,,,,,,,
5072765,2026-07-03,2026-07-22,ok,49.3,J690,誤嚥性肺炎（嘔吐後誤嚥性肺炎）,誤嚥性肺炎,0.86,040081,誤嚥性肺炎,"1. 入院目的: 発熱・嘔吐後の呼吸不全に対する肺炎・敗血症治療目的で緊急入院（誤嚥性肺炎パス適用）。
2. 主病名: 嘔吐後の誤嚥を契機として発症した誤嚥性肺炎 → 誤嚥性肺炎に対応するJ690を選択。
3. 中心治療: 広域抗菌薬（TAZ/PIPC→CTRX）を約1週間以上投与、酸素8L/FMから段階的減量、喀痰吸引・呼吸リハ・摂食機能療法、頻回検査・画像評価。
- 入院時CT・経過記録で「誤嚥性肺炎」を一貫して診断・治療しており、抗菌薬加療・酸素療法・モニタリングなど本入院の資源投入の中心。
- 肺炎像は下葉優位で誤嚥分布として矛盾せず、痰培養陰性や尿中抗原陰性から起炎菌特定には至らずも『口腔内常在菌・消化管内GNR想定』と記載されており、細菌性誤嚥性肺炎の包括コードJ690が妥当。
- 呼吸不全や一時的な敗血症性ショック傾向も誤嚥性肺炎に続発した病態として位置付けられており、原発フォーカスとしての肺炎を主に置くのが入院全体のストーリーと整合。
- DPC6はJ690→040081（誤嚥性肺炎）となり、酸素吸入(J024)、喀痰吸引(J018)、呼吸モニタリング(D220,D223)、CT(E200,E203)、胸腹部US(D215)、抗菌薬点滴(G004)などEFの処置内容と典型的に整合する。
- 近接候補である急性呼吸不全（J9609）や敗血症（原因不明のA41.9相当）は、本疾患に続発した病態であり、原発巣としての誤嚥性肺炎を最資源投入病名候補として優先的に保持する。",x,,分岐なし（xのみ）,,x,,分岐なし（xのみ）,,99,手術なし,,x,処置等1の分岐なし,0,トリガーにマッチする処置コードなし,x,副傷病の分岐なし,,x,重症度の分岐なし (全 x),,040081xx99x0xx,"入院期間I:9日/3320点
入院期間II:17日/2169点
入院期間III:60日/1844点","入院日数20日
入院期間I:3320×9日=29880
入院期間II:2169×8日=17352
入院期間III:1844×3日=5532
合計:52764",52764,selected,,false,false,,040081xx99x0xx,,040081xx99x0xx,1000,同点候補なし,,,
5072765,2026-07-03,2026-07-22,ok,49.3,J9609,急性呼吸不全,急性呼吸不全,0.72,040130,呼吸不全（その他）,"1. 入院目的: 発熱・嘔吐に続く呼吸不全を主訴として救急搬送・緊急入院（qSOFA2点、低血圧・低酸素を伴う）。
2. 主病名: 肺炎により急性に増悪した呼吸不全 → 急性呼吸不全に対応するJ9609を選択。
3. 中心治療: 酸素8L/FMで開始し段階的に減量、呼吸心拍監視(D220)、SpO2連日測定(D223)、喀痰吸引(J018)、呼吸リハ(H003)、気道閉塞・痰詰まりへの対応など呼吸管理に相当な資源投入。
- 入院時から「呼吸不全」が診断名（＃2）として明示され、酸素療法とモニタリングが入院初期を通じて治療の中心の一つになっている。
- EFで酸素吸入(J024)、呼吸心拍監視(D220)、SpO2測定(D223)が連日算定されており、肺炎治療とは別に呼吸不全そのものへの集中管理が行われたと評価できる。
- 呼吸不全は誤嚥性肺炎と一体の病態だが、酸素需要の高さとモニタリングの継続期間から、DPC上は040130（呼吸不全）を軸に資源投入病名とみなす選択も現実的なオプションとなる。
- DPC6マッピングはJ9609→040130（呼吸不全（その他））。このDPC6にも酸素療法や気道関連処置(K386など)が紐づいており、本症例で算定されているJ024,J018,D220,D223と整合しうる。
- 誤嚥性肺炎（J690）は原疾患として競合候補だが、酸素療法・モニタリングなどの資源はむしろ呼吸状態の安定化に向けて投入されており、呼吸不全を主とみなすDPC選択も検討余地があるため、別候補として保持する。",x,,分岐なし（xのみ）,,x,,分岐なし（xのみ）,,99,手術なし,,x,処置等1の分岐なし,0,トリガーにマッチする処置コードなし,x,副傷病の分岐なし,,x,重症度の分岐なし (全 x),,040130xx99x0xx,"入院期間I:4日/3127点
入院期間II:9日/2236点
入院期間III:30日/1900点","入院日数20日
入院期間I:3127×4日=12508
入院期間II:2236×5日=11180
入院期間III:1900×11日=20900
合計:44588",44588,rejected,点数が低い (差 8176),,,,,,,,,,,
5072765,2026-07-03,2026-07-22,ok,49.3,A419,肺炎に伴う敗血症（細菌性敗血症）,敗血症，起炎菌不明,0.62,180010,敗血症,"1. 入院目的: qSOFA2点（意識変容・頻呼吸）、低血圧傾向を伴う感染症として『敗血症の治療』が入院目的に明記されている。
2. 主病名: 誤嚥性肺炎をフォーカスとする全身性炎症反応・循環動態悪化 → 起炎菌不明の敗血症としてA419を包括的に選択。
3. 中心治療: 広域抗菌薬TAZ/PIPC高用量から開始し、ESBL含むグラム陰性桿菌までカバー、その後CTRXへde-escalation。血液培養複数セット、尿・喀痰培養、CRP・血算・腎機能の頻回フォロー、輸液負荷での血圧維持。
- 入院初期は『しばらくSBP < HRとなる低血圧も遷延し細胞外液負荷での対応中。NAdまでは要さず』とあり、ショック一歩手前の敗血症性循環不全として管理されている。
- 診断名として＃1敗血症が最上位に記載され、血培・尿培・痰培養、尿中抗原、結核核酸検出など多くの検査が敗血症精査として実施されており、検査・抗菌薬・輸液にかなりの医療資源が投入されている。
- 起炎菌は痰培養・血培とも陰性で特定困難なため、部位特異的なA40.xではなくA419（起炎菌不明の敗血症）がICD-10として最も適合する。
- DPC6は180010（敗血症）となり、血液培養(D018), CRP(D015), 血液一般(D005), 点滴注射(G004), 画像検査(E200,E203)などEFに示される全身精査・治療内容と整合する。
- 誤嚥性肺炎（J690）および急性呼吸不全（J9609）はフォーカスおよび臓器障害として並行する候補であり、全身管理の中心病態として敗血症も最資源投入病名候補として保持する価値がある。",x,,分岐なし（xのみ）,,x,年齢,年齢 の値を取得できず,,,,,,,,,,,,,,,,,,,,,,,,,,,,,,,
5072765,2026-07-03,2026-07-22,ok,49.3,M1123,右手関節偽痛風,手関節偽痛風,0.48,070510,痛風、関節の障害（その他）,"1. 入院目的: 当初は肺炎・敗血症治療目的だが、入院中に右手関節腫脹・疼痛が出現し、整形外科コンサルトおよび関節穿刺が追加で行われた。
2. 主病名: 右手関節の急性炎症性関節症でXp上石灰化を伴い『偽痛風疑い』と評価 → 部位特異的にM1123（手関節偽痛風）を選択。
3. 中心治療: 関節穿刺(D405, D018 関節液培養)、鎮痛薬処方、クーリング、炎症再燃の鑑別として血液検査継続など、肺炎とは別系統の医療資源が投入されている。
- 7/10に整形外科コンサルトが行われ、右手関節偽痛風がほぼ確定診断として扱われており、炎症反応再燃の主因と評価されているため、単なる軽微な随伴症状ではない。
- EFに関節穿刺(D405)と関節液培養(D018)が算定されており、この関節病変に対して新たな検査リソースが用いられている。
- DPC6は070510（痛風、関節の障害（その他））となり、関節穿刺や鎮痛管理を要する急性関節疾患として分類可能である。
- 入院全体の資源投入量からみると肺炎・呼吸不全に比べて比重は小さいが、炎症再燃の主因として数日間評価・治療の中心となっており、条件次第で最資源投入病名として選択されうるため補助的候補として保持する。",x,,分岐なし（xのみ）,,x,,分岐なし（xのみ）,,99,手術なし,,x,処置等1の分岐なし,x,処置等2の分岐なし,x,副傷病の分岐なし,,x,重症度の分岐なし (全 x),,070510xx99xxxx,"入院期間I:5日/3246点
入院期間II:9日/2056点
入院期間III:30日/1748点","入院日数20日
入院期間I:3246×5日=16230
入院期間II:2056×4日=8224
入院期間III:1748×11日=19228
合計:43682",43682,rejected,点数が低い (差 9082),,,,,,,,,,,
5072765,2026-07-03,2026-07-22,ok,49.3,Q613,多発性嚢胞腎（両側多発腎のう胞）,多発性のう胞腎,0.44,140550,先天性嚢胞性腎疾患,"1. 入院目的: 直接の入院契機ではないが、既往・基礎疾患として多発嚢胞腎が指摘され、感染嚢胞・出血性嚢胞などの鑑別のため腹部CT・腎エコー・泌尿器科コンサルトが行われた。
2. 主病名: 両側腎に多数の単純嚢胞を有する多発性嚢胞腎 → 多発性のう胞腎に対応するQ613を選択。
3. 中心治療: 腹部CT(E200,E203)と腎US(D215)の読影・フォロー、尿検査（尿沈渣・培養）、泌尿器科紹介と経過観察方針決定など、肺炎とは別の臓器系に対する検査資源が一定量投入されている。
- 現病歴・各SOAPで『両側多発性のう胞腎、多発腎のう胞』として繰り返し記載があり、入院時には感染嚢胞や腹部感染源として敗血症の原因候補に挙げられている。
- エコー・CTで内部エコーや腎周囲炎症が否定的であり、最終的には『左腎出血性嚢胞疑い、現状は経過観察』と整理されているが、この評価過程での画像検査・専門科コンサルトは一定の医療資源を要している。
- ICD-10としては先天性嚢胞性腎疾患に分類されるQ613（多発性のう胞腎）がカルテ用語と整合し、DPC6は140550（先天性嚢胞性腎疾患）となる。
- 今回入院の主たる治療対象は肺炎であるため本疾患が最資源投入病名となる可能性は高くないが、敗血症の鑑別として入院初期の検査資源が割かれており、基礎疾患として別候補に保持する意義はある。",x,,分岐なし（xのみ）,,x,,分岐なし（xのみ）,,99,手術なし,,x,処置等1の分岐なし,0,トリガーにマッチする処置コードなし,x,副傷病の分岐なし,,x,重症度の分岐なし (全 x),,140550xx99x0xx,"入院期間I:3日/3398点
入院期間II:9日/2354点
入院期間III:30日/2001点","入院日数20日
入院期間I:3398×3日=10194
入院期間II:2354×6日=14124
入院期間III:2001×11日=22011
合計:46329",46329,rejected,点数が低い (差 6435),,,,,,,,,,,
5074517,2026-07-07,2026-07-24,ok,162.8,K500,小腸クローン病再燃（終末回腸縦走潰瘍）,小腸クローン病,0.85,060180,クローン病等,"1. 入院目的: 脳梗塞入院中に発熱・腹痛・下痢・血便を来し、クローン病再燃疑いとして消化器内科へ転科・加療。
2. 主病名: 終末回腸に縦走潰瘍を認め「小腸クローン病再燃」と判断 → 小腸病変優位より K500 を選択。
3. 中心治療: メサラジン3g/日、エレンタール、抗菌薬(CMZ)投与、TCS・造影CTなど精査、今後のバイオ導入も検討。
・入院中の腹部症状、検査、栄養療法などの資源投入の中心がクローン病再燃であり、転院調整も含め管理の主題となっている。
・大腸は異常なしで小腸病変主体なため小腸クローン病(K500)が妥当。小腸大腸型(K508)や部位不詳(K509)より特定しやすい。
・DPC6 はクローン病等(060180)に一意にマップされ、本症例で手術Kはなく内科治療分岐で整合。
・骨盤内膿瘍や水腎症はクローン病に伴う続発症と考えられ、原疾患として本候補を最資源投入病名とし得る。",x,,分岐なし（xのみ）,,x,,分岐なし（xのみ）,,99,手術なし,,x,処置等1の分岐なし,0,トリガーにマッチする処置コードなし,x,副傷病の分岐なし,,x,重症度の分岐なし (全 x),,060180xx99x0xx,"入院期間I:3日/3326点
入院期間II:5日/2360点
入院期間III:30日/2006点","入院日数18日
入院期間I:3326×3日=9978
入院期間II:2360×2日=4720
入院期間III:2006×13日=26078
合計:40776",40776,rejected,点数が低い (差 6026),,,,,,,,,,,
5074517,2026-07-07,2026-07-24,ok,162.8,K650,クローン病に伴う骨盤内膿瘍（小腸穿通／瘻孔形成疑い）,骨盤膿瘍・男性,0.8,060370,腹膜炎、腹腔内膿瘍（女性器臓器を除く。）,"1. 入院目的: 7/9頃からの腹痛・発熱・下痢・血便に対し精査したところ、CTで骨盤内膿瘍が判明し、その評価と治療が入院の主要目的の一つとなった。
2. 主病名: 「＃骨盤内膿瘍」「骨盤部左側に気腫を伴う被包化液体貯留…膿瘍が疑われます。」→ 男性骨盤内膿瘍として K650 を選択。
3. 中心治療: 抗菌薬CMZ 1.0g q12h 持続、造影CT・腹部エコーによる膿瘍評価、今後のCTガイド下ドレナージやbio導入時期の検討。
・腹痛・発熱の直接原因であり、尿管狭窄や水腎症を生じさせるほどの病変で、感染制御目的の抗菌薬投与と画像モニタリングに相当の資源が投入されている。
・CT所見から骨盤部小腸と連続する膿瘍で、クローン病の穿通／瘻孔形成による続発性腹腔内膿瘍と判断されるが、感染巣として独立に重篤であり主病名候補となりうる。
・ICD-10上は腹腔内膿瘍として K650 が最も適合し、DPC6 は060370（腹膜炎、腹腔内膿瘍）で、将来的なドレナージK637xとの整合も良い。",x,,分岐なし（xのみ）,,x,,分岐なし（xのみ）,,99,手術なし,,x,処置等1の分岐なし,0,トリガーにマッチする処置コードなし,x,副傷病の分岐なし,,x,重症度の分岐なし (全 x),,060370xx99x0xx,"入院期間I:5日/3491点
入院期間II:10日/2487点
入院期間III:30日/2114点","入院日数18日
入院期間I:3491×5日=17455
入院期間II:2487×5日=12435
入院期間III:2114×8日=16912
合計:46802",46802,selected,,false,false,,060370xx99x0xx,,060370xx99x0xx,1000,同点候補なし,,,
5074517,2026-07-07,2026-07-24,ok,162.8,N131,骨盤膿瘍による左水腎症（尿管狭窄を伴う左水腎症）,尿管狭窄を伴う水腎症,0.55,110420,水腎症等,"1. 入院目的: 主としてクローン病再燃と骨盤内膿瘍の加療のための入院だが、その合併として尿管圧排に伴う左水腎症が新規に指摘され、経過観察の対象となった。
2. 主病名: 「膿瘍尿管圧排によるひだり水腎症」「骨盤膿瘍で左中部尿管が狭窄…水腎症」→ 尿管狭窄に伴う水腎症として N131 を選択。
3. 中心治療: 腎機能・電解質モニタリング、造影CT・腹部エコーでの尿路評価、必要なら将来的な尿管ステントやドレナージを検討する状況。
・現在は腎機能保たれ侵襲的処置は行われていないが、尿路閉塞性障害としては重篤化しうる病態であり、画像・検査上のフォローに一定の資源が割かれている。
・ICD-10 は「尿管狭窄を伴う水腎症」(N131)が記載と整合し、単なる水腎症(N133)より原因を反映。
・DPC6は水腎症等(110420)となり、本入院では対応する泌尿器科手術Kはまだないものの、将来の介入の余地を踏まえ補助的候補として保持する。",x,,分岐なし（xのみ）,,x,,分岐なし（xのみ）,,99,手術なし,,x,処置等1の分岐なし,x,処置等2の分岐なし,0,副傷病なし（AI/EF探索で該当なし）,,x,重症度の分岐なし (全 x),,110420xx99xx0x,"入院期間I:2日/3219点
入院期間II:4日/2284点
入院期間III:30日/1941点","入院日数18日
入院期間I:3219×2日=6438
入院期間II:2284×2日=4568
入院期間III:1941×14日=27174
合計:38180",38180,rejected,点数が低い (差 8622),,,,,,,,,,,
5074517,2026-07-07,2026-07-24,ok,162.8,I638,ラクナ梗塞（脳梗塞）,ラクナ梗塞,0.6,010060,脳梗塞,"1. 入院目的: 当初はラクナ梗塞による脳梗塞治療目的で 7/7 脳神経内科に入院し、急性期管理と脳血管リハビリが行われた。
2. 主病名: 「＃ラクナ梗塞」記載より、急性期脳梗塞として I638（ラクナ梗塞）を選択。
3. 中心治療: 脳血管疾患等リハビリテーション(理学療法・言語療法、早期リハ加算、休日リハ)、ホルター心電図、心エコー、脳MRI/CT、各種血液検査など。
・本入院前半は脳梗塞急性期〜回復期管理が主であり、画像診断、心電図・ホルター、心エコー、NT-proBNPなど脳梗塞原因検索・二次予防目的の検査が多数実施されている。
・クローン病関連病態は経過途中から顕在化したが、入院期間全体で見ると脳梗塞に対しても相当量の医療資源が投入されており、主傷病候補として十分成立する。
・ICD-10 I638 は DPC6「脳梗塞」(010060)にマップされ、実際のリハビリ算定と整合する。",x,,分岐なし（xのみ）,,x,,分岐なし（xのみ）,,99,手術なし,,x,処置等1の分岐なし,2,"処置等2=2: H001(脳血管疾患等リハビリテーション料（１）（１単位）（理学療法士による場合）)[レセ電=180745310, 実施日=2026-07-08;2026-07-09;2026-07-10;2026-07-13;2026-07-14;2026-07-16;2026-07-21;2026-07-23], H001(脳血管疾患等リハビリテーション料（１）（１単位）（言語聴覚士による場合）)[レセ電=180745510, 実施日=2026-07-08;2026-07-10;2026-07-11;2026-07-13;2026-07-15;2026-07-21;2026-07-22;2026-07-23]",0,副傷病なし（AI/EF探索で該当なし）,,x,重症度の分岐なし (全 x),,010060xx99x20x,"入院期間I:7日/3191点
入院期間II:14日/2168点
入院期間III:60日/1842点","入院日数18日
入院期間I:3191×7日=22337
入院期間II:2168×7日=15176
入院期間III:1842×4日=7368
合計:44881",44881,rejected,点数が低い (差 1921),,,,,,,,,,,
5074517,2026-07-07,2026-07-24,ok,162.8,C20,直腸癌術後リンパ節転移疑い（直腸癌術後再発疑い）,直腸癌術後再発,0.45,060040,直腸肛門（直腸Ｓ状部から肛門）の悪性腫瘍,"1. 入院目的: 主目的はクローン病と骨盤内膿瘍であるが、フォロー中の直腸癌に対して 7/17 造影CT で骨盤内リンパ節転移疑いが指摘され、その情報共有と今後の治療方針検討が行われた。
2. 主病名: 「＃直腸癌術後　リンパ節転移疑い」「直腸癌にて直腸切除と前立腺合併切除術後。人工肛門造設術後。」→ 直腸癌の術後再発疑いとして C20（直腸癌術後再発）を採用。
3. 中心治療: 本院では積極的抗腫瘍治療は行わず、造影CTによる評価と中央病院外科との情報共有・転院調整が主体。
・悪性腫瘍再発は本来極めて資源集中しうる病態であり、今後の入院・化学療法など別エピソードで主傷病となる可能性が高い。
・しかし今回入院では診断・情報共有にとどまり、抗がん剤や手術は未実施であり、クローン病や膿瘍ほどの資源は投入されていない。
・ICD-10 C20 は DPC6「直腸肛門の悪性腫瘍」(060040)に対応し、Miles術後フォロー中という背景とも整合するため、将来的主病名候補として低めの優先度で保持する。",x,,分岐なし（xのみ）,,x,,分岐なし（xのみ）,,99,手術なし,,x,処置等1の分岐なし,0,トリガーにマッチする処置コードなし,0,副傷病なし（AI/EF探索で該当なし）,,x,重症度の分岐なし (全 x),,060040xx99x00x,"入院期間I:3日/3222点
入院期間II:8日/2333点
入院期間III:30日/1983点","入院日数18日
入院期間I:3222×3日=9666
入院期間II:2333×5日=11665
入院期間III:1983×10日=19830
合計:41161",41161,rejected,点数が低い (差 5641),,,,,,,,,,,
5186336,2026-06-30,2026-07-06,ok,44.0,I480,発作性心房細動,発作性心房細動,0.9,050070,頻脈性不整脈,"1. 入院目的: 「アブレーション」目的入院で、症状の強いAFに対する治療のため入院。
2. 主病名: カルテ診断名「発作性心房細動」→ ICD-10 I480 発作性心房細動。
3. 中心治療: 経皮的カテーテル心筋焼灼術（K595）施行、モニタリング・各種検査、抗不整脈薬・レートコントロール薬など。
- K595 による高侵襲カテーテルアブレーションが本入院最大の医療資源投入であり、その直接の対象が発作性心房細動。
- 臨床経過でも動悸・呼吸苦を伴うAF発作が入院契機となっており、入院期間を通じた治療の中心病態。
- I480 は発作性の非弁膜症性AFを含み、本症例も弁膜症の記載なくEF良好で適合。
- DPC6 は050070「頻脈性不整脈」で、手術分岐のsurgery_k_codes にK5951/5952 が含まれており、今回のK595と厳密に整合する。",x,,分岐なし（xのみ）,,x,,分岐なし（xのみ）,,97,その他の手術（1件のKコードが他パターンに非該当）,K595(経皮的カテーテル心筋焼灼術（心房中隔穿刺又は心外膜アプローチを伴うもの）),0,トリガーにマッチする処置コードなし,0,トリガーにマッチする処置コードなし,x,副傷病の分岐なし,,x,重症度の分岐なし (全 x),,050070xx9700xx,"入院期間I:5日/3160点
入院期間II:9日/2242点
入院期間III:30日/1905点","入院日数7日
入院期間I:3160×5日=15800
入院期間II:2242×2日=4484
合計:20284",20284,selected,,false,false,,050070xx9700xx,,050070xx9700xx,1000,同点候補なし,,,
5186336,2026-06-30,2026-07-06,ok,44.0,I693,陳旧性脳梗塞,陳旧性脳梗塞,0.4,010069,脳卒中の続発症,"1. 入院目的: 直接の入院目的ではないが、過去にMRIで脳梗塞を指摘されており、心原性などの精査目的で当院紹介歴がある。
2. 主病名: 現在の診断名として「＃4：陳旧性脳梗塞」と明記されており、ICD-10 I693 陳旧性脳梗塞が該当。
3. 中心治療: 今回入院では脳卒中急性期治療は行われておらず、あくまで既往としての位置づけであり、検査や抗凝固の適応判断に影響する背景病態。
- 陳旧性脳梗塞は今回のアブレーション適応（脳塞栓リスク評価）に重要な情報であるものの、入院期間中の主たる医療資源投入はAF治療に向けられている。
- DPC6は010069「脳卒中の続発症」であり、本入院で関連する手術Kコードはなく、主病名よりも併存症・既往として扱うのが妥当。
- ただし、将来的に脳梗塞再発で入院した場合には最資源投入病名となりうるため、背景としての補助的候補として保持。",x,,分岐なし（xのみ）,,x,,分岐なし（xのみ）,,97,その他の手術（1件のKコードが他パターンに非該当）,K595(経皮的カテーテル心筋焼灼術（心房中隔穿刺又は心外膜アプローチを伴うもの）),x,処置等1の分岐なし,0,トリガーにマッチする処置コードなし,0,副傷病なし（AI/EF探索で該当なし）,,x,重症度の分岐なし (全 x),,010069xx97x00x,"入院期間I:5日/2884点
入院期間II:10日/2046点
入院期間III:30日/1739点","入院日数7日
入院期間I:2884×5日=14420
入院期間II:2046×2日=4092
合計:18512",18512,rejected,点数が低い (差 1772),,,,,,,,,,,
5218587,2026-06-04,2026-07-14,ok,45.0,M165,右変形性股関節症（外傷後変形性股関節症）,外傷後変形性股関節症,0.9,07040x,股関節骨頭壊死、股関節症（変形性を含む。）,"1. 入院目的: 「みぎTHA」「＃1：右変形性股関節症」と明記され、右股関節痛・末期OAに対する人工股関節置換術目的の予定入院。
2. 主病名: 右変形性股関節症 → 既往に右大腿骨転子下骨折・骨接合後であり、外傷後の変形が進行した経過から M165 外傷後変形性股関節症が最も適合。
3. 中心治療: K082 人工股関節置換術（抜釘併用）、全身麻酔（L008/L009）、周術期栄養管理(K000)、輸血(K920)、運動器リハビリ(H002) など大量の医療資源が本疾患に対して投入。
4. 右股関節の末期OAとして疼痛増悪し、患者希望のもとTHAを実施しており、入院全体の中心病態。
5. ICD-10選択は「既往骨折・骨接合後に徐々にOA進行」という経過から原発性ではなく外傷後変形と判断しM165を採用。
6. DPC6はM16x/M165が07040xにマッピングされ、K082人工股関節置換術がsurgery_k_codesに含まれており、本入院のK082と完全に整合する。",x,,分岐なし（xのみ）,,x,,分岐なし（xのみ）,,97,その他の手術（3件のKコードが他パターンに非該当）,"K082(人工関節置換術（人工股関節置換術）), K000(周術期栄養管理実施加算), K000(創傷処理（筋肉、臓器に達するもの（長径１０センチメートル以上）（その他のもの））)",x,処置等1の分岐なし,x,処置等2の分岐なし,x,副傷病の分岐なし,,x,重症度の分岐なし (全 x),,07040xxx97xxxx,,41日 包括対象外,,rejected,包括対象外,,,,,,,,,,,
5218587,2026-06-04,2026-07-14,ok,45.0,T845,右人工股関節周囲感染（MRSEによる人工股関節感染疑い）,人工股関節感染,0.75,180040,手術・処置等の合併症,"1. 入院目的: 当初は右THA目的だが、術後2週以降、創部発赤・滲出液持続・培養でMRSE検出となり、術後創感染／人工関節周囲感染に対する治療が入院延長と追加手術の主因となった。
2. 主病名: 右人工股関節周囲感染 → 臨床的には手術創感染だが、人工股関節上の感染としてT845 人工股関節感染が代表コードとなる。
3. 中心治療: 創部洗浄デブリードマン（6/24 腰椎麻酔下洗浄デブリ）、ドレーン留置と持続ドレナージ(J002)、長期抗菌薬(MINO内服2か月継続)、複数回の創処置(J000)、細菌培養・感受性検査(D017/D018/D019)など、感染コントロールに相当の医療資源が投下され入院期間も延長。
4. 6/24以降は転院予定が延期され、感染精査・治療（洗浄手術と抗菌薬）により入院が約1か月以上延長しており、最資源投入病名として独立候補となる。
5. 培養でS. epidermidis（CEZ耐性）、術中検体でMRSE検出と記載され、人工物関連感染としてT845が臨床的に最も整合。
6. DPC6はT845が180040（手術・処置等の合併症）にマップされ、洗浄・デブリ・ドレナージは合併症DPCで典型的な治療内容であり、本件の追加手術群と整合する。",x,,分岐なし（xのみ）,,x,,分岐なし（xのみ）,,97,その他の手術（3件のKコードが他パターンに非該当）,"K082(人工関節置換術（人工股関節置換術）), K000(周術期栄養管理実施加算), K000(創傷処理（筋肉、臓器に達するもの（長径１０センチメートル以上）（その他のもの））)",x,処置等1の分岐なし,0,トリガーにマッチする処置コードなし,x,副傷病の分岐なし,,x,重症度の分岐なし (全 x),,180040xx97x0xx,"入院期間I:4日/3001点
入院期間II:14日/2249点
入院期間III:60日/1911点","入院日数41日
入院期間I:3001×4日=12004
入院期間II:2249×10日=22490
入院期間III:1911×27日=51597
合計:86091",86091,selected,,false,false,,180040xx97x0xx,,180040xx97x0xx,1000,同点候補なし,,,
5218587,2026-06-04,2026-07-14,ok,45.0,S7210,右大転子裂離骨折（右人工股関節周囲骨折／大腿骨転子部骨折）,大腿骨転子部骨折,0.55,160800,股関節・大腿近位の骨折,"1. 入院目的: 初期目的はTHAだが、術後に「大転子裂離骨折有り」と判明し、当初予定していた早期転院が延期され、ADL再獲得のため入院継続となった。
2. 主病名: 右大転子裂離骨折 → 画像上「大転子裂離骨折有り」と記載され、DPC的には大腿骨転子部骨折 S7210（股関節・大腿近位骨折）として扱うのが一般的。
3. 中心治療: 追加観察入院、X線・CT撮影(E001/E002/E200)、呼吸心拍モニタリング(D220)を含む全身管理、運動器リハビリ強化(H002)、転院延期による在院日数増加など、骨折安定性評価と機能再獲得に相応の資源が投入。
4. XP/CTでインプラント転位なしと判定され手術追加は行っていないが、骨折の存在によりリハビリ方針や荷重制限が調整され、入院継続の主要因の一つになっている。
5. ICD-10は、記載「大転子裂離骨折」より大腿骨近位の骨折カテゴリであるS7210（大腿骨転子部骨折）が最も近く、THA周囲骨折としても同領域に包括される。
6. DPC6はS720x/S7210が160800「股関節・大腿近位の骨折」にマップされ、人工股関節関連手術K082とも同DPC領域で扱われることが多く、本入院の骨折管理とも整合。",x,,分岐なし（xのみ）,,x,,分岐なし（xのみ）,,97,その他の手術（3件のKコードが他パターンに非該当）,"K082(人工関節置換術（人工股関節置換術）), K000(周術期栄養管理実施加算), K000(創傷処理（筋肉、臓器に達するもの（長径１０センチメートル以上）（その他のもの））)",x,処置等1の分岐なし,x,処置等2の分岐なし,x,副傷病の分岐なし,,x,重症度の分岐なし (全 x),,160800xx97xxxx,"入院期間I:4日/3082点
入院期間II:13日/2119点
入院期間III:60日/1801点","入院日数41日
入院期間I:3082×4日=12328
入院期間II:2119×9日=19071
入院期間III:1801×28日=50428
合計:81827",81827,rejected,点数が低い (差 4264),,,,,,,,,,,
5234935,2026-07-09,2026-07-23,ok,107.0,I50.0,急性代償不全を来したうっ血性心不全（HFpEF）,うっ血性心不全,0.86,050130,心不全,"1. 入院目的: 左THA目的で入院したが、麻酔導入時からの低酸素血症と肺うっ血のため手術は中止され、心不全増悪への対応が入院の中心となった。
2. 主病名: カルテ上 #1. ADHF(HFpEF) と繰り返し記載されており、うっ血性心不全の急性増悪として I50.0 を選択。
3. 中心治療: 高流量酸素投与、持続的な呼吸・心拍モニタリング、フロセミド静注・各種利尿薬・MRA・SGLT2阻害薬導入・心リハなど、多数の検査と薬剤調整を集中的に実施。
- 肺うっ血、下腿浮腫、NT-proBNP高値、胸部X線・CTでのうっ血所見などから、心不全増悪が低酸素血症と長期酸素療法・リハの主因。
- 本入院で最も多くの医療資源（酸素療法、検査、心リハ、入院日数）が割かれており、術前中止の原因疾患でもあるため、最資源投入病名として極めて有力。
- ICD-10 的には、基礎に高血圧や心疾患があるが、本入院では全身性高血圧の精査治療より心不全管理が主であり、単純な I50.0 を採用。
- DPC6 は心不全 050130 に対応し、心大血管疾患リハ、酸素療法、心エコー・NT-proBNP等の実施と整合する。",x,,分岐なし（xのみ）,,x,,分岐なし（xのみ）,,99,手術なし,,0,トリガーにマッチする処置コードなし,0,"処置等2=0: H000(心大血管疾患リハビリテーション料（１）（１単位）（作業療法士による場合）)[レセ電=180744310, 実施日=2026-07-14;2026-07-15;2026-07-16;2026-07-21;2026-07-22;2026-07-23]",x,副傷病の分岐なし,,0,"branch=0 label=他の病院・診療所の病棟からの転院以外 / 紹介元は外来クリニックであり、入院病棟からの転院とは記載されておらず、病棟転院とは判断できない。 (verifier 不整合あり, best-effort 採用: ['conclusion_label_mismatch'])",[2026-07-09]ひだり変形性股関節症に対する手術目的で当院整形外科入院。; [2026-07-09]左変形性股関節症に対し手術希望のため、井上整形外科クリニックより紹介。,050130xx9900x0,"入院期間I:7日/3150点
入院期間II:14日/2242点
入院期間III:60日/1906点","入院日数15日
入院期間I:3150×7日=22050
入院期間II:2242×7日=15694
入院期間III:1906×1日=1906
合計:39650",39650,selected,,false,false,,050130xx9900x0,,050130xx9900x0,1000,同点候補なし,,,
5234935,2026-07-09,2026-07-23,ok,107.0,N18.4,慢性腎臓病ステージG4相当の慢性腎不全,慢性腎臓病ステージＧ４,0.7,110280,慢性腎炎症候群・慢性間質性腎炎・慢性腎不全,"1. 入院目的: 左THA予定で入院したが、心不全増悪とともに腎機能悪化が顕在化し、心不全治療と一体で腎機能管理が入院の大きなテーマとなった。
2. 主病名: カルテで #2. CKD と繰り返し記載。eGFR 28.1→22.9 mL/min/1.73m² 程度でステージG4相当と判断し N18.4 を選択。
3. 中心治療: ループ利尿薬・MRA・サイアザイド・SGLT2阻害薬の導入と中止調整、腎機能・電解質の頻回採血、生化学検査、尿検査、超音波検査での腎形態評価などを実施。
- eGFR 39.1→28.1→22.9、BUN 20.2→32.2→42.7 と上昇し、CKDの存在と増悪が明らかで、利尿薬調整の制約要因となり心不全管理の難治性に寄与。
- 「腎障害進行 アゾセミド、ケレンディアの内服は終了」など、腎機能悪化が治療方針変更の直接原因であり、資源投入の一端を担う。
- ICD-10 はCKDの重症度分類に基づき eGFR 15〜29 の範囲から N18.4（G4）を選択。蛋白尿など詳細不明だが、ステージ別コードが優先される。
- DPC6 は 110280（慢性腎不全）に対応し、頻回の腎機能検査、利尿薬・RA系薬の調整などEF記載の検査・処置と整合。",x,,分岐なし（xのみ）,,x,,分岐なし（xのみ）,,99,手術なし,,0,トリガーにマッチする処置コードなし,0,トリガーにマッチする処置コードなし,0,トリガーに該当する副傷病なし,,x,重症度の分岐なし (全 x),,110280xx99000x,"入院期間I:4日/3055点
入院期間II:9日/2285点
入院期間III:30日/1942点","入院日数15日
入院期間I:3055×4日=12220
入院期間II:2285×5日=11425
入院期間III:1942×6日=11652
合計:35297",35297,rejected,点数が低い (差 4353),,,,,,,,,,,
5234935,2026-07-09,2026-07-23,ok,107.0,J96.00,心不全増悪に伴う急性呼吸不全,急性１型呼吸不全,0.63,040130,呼吸不全（その他）,"1. 入院目的: THA予定手術中に低酸素血症が出現し、手術中止と内科転科の契機となった病態が酸素化低下である。
2. 主病名: カルテでは「低酸素血症」「酸素化低下」と記載され、SpO2低下の精査目的にコンサルト、FM O2 3〜4L、長期酸素投与・モニタリングが必要であり、急性1型呼吸不全 J96.00 と考える。
3. 中心治療: 持続酸素投与（J024）、経皮的SpO2測定（D223）、呼吸心拍監視（D220、入院前半は>7日区分）、胸部X線・CT、喀痰検査・尿中抗原検査など、呼吸不全精査と管理に相応の資源が投入された。
- 胸部X線・CTで肺うっ血、B-line陽性、気管支拡張はあるが、医師評価は「肺炎より肺うっ血（心不全）徴候が目立つ」とし、心不全に伴うガス交換障害と判断。
- 酸素は数日〜2週間に及び継続され、退院前ようやく日中 room air でSpO2>90%を維持できるレベルまで改善しており、入院期間の多くを占める主病態。
- ICD-10 としては、原因心不全(I50.0)とは別に、ガス交換障害そのものを表すJ96.00を併記することで、酸素療法・モニタリング・画像・細菌検査等への資源投入先を表現。
- DPC6 は 040130（呼吸不全）であり、心不全DPC（050130）と競合しうるが、今回の入院では循環器内科主導の心不全管理が明記されているため、呼吸不全は従として候補に位置付ける。",x,,分岐なし（xのみ）,,x,,分岐なし（xのみ）,,99,手術なし,,x,処置等1の分岐なし,0,トリガーにマッチする処置コードなし,x,副傷病の分岐なし,,x,重症度の分岐なし (全 x),,040130xx99x0xx,"入院期間I:4日/3127点
入院期間II:9日/2236点
入院期間III:30日/1900点","入院日数15日
入院期間I:3127×4日=12508
入院期間II:2236×5日=11180
入院期間III:1900×6日=11400
合計:35088",35088,rejected,点数が低い (差 4562),,,,,,,,,,,
5234935,2026-07-09,2026-07-23,ok,107.0,M16.1,左一側性原発性変形性股関節症,一側性原発性変形性股関節症,0.55,07040x,股関節骨頭壊死、股関節症（変形性を含む。）,"1. 入院目的: カルテ冒頭に「【入院の目的】ひだりTHA」「左変形性股関節症に対し手術希望のため紹介」と明記され、当初は左THA施行を目的とする整形外科入院であった。
2. 主病名: 「＃1：左変形性股関節症」と診断名に記載され、既往に右THA歴、画像で「骨頭荷重部の圧潰有り 脆弱性骨折 THAの適応」とされており、片側性原発性変形性股関節症 M16.1 が妥当。
3. 中心治療: 今回は麻酔導入時の低酸素血症で手術自体は中止され、左THA（K082-2等）は施行されていないが、術前評価、VTEリスク評価、リハ準備など一定の資源投入がある。
- THA準備の入院であった点から、本来は股関節症に対する手術が最大の資源投入となる予定であったが、実際には心不全増悪により治療方針が大きく変更されている。
- DPC上は「最も医療資源を投入した病名」であり、実際の入院中に投入されたリソースは心不全関連が上回ると思われるが、もし術前管理や整形外科的評価に相当な日数や処置が割かれている場合、股関節症DPC（07040x）が検討される余地もあるため候補に残す。
- ICD-10 は左右記載があり一側性であることから、両側性コード M16.0 ではなく M16.1（一側性原発性変形性股関節症）を選択。DPC6 は股関節症 07040x であり、予定されていたTHA系Kコード（K082-2など）と整合する分類。",x,,分岐なし（xのみ）,,x,,分岐なし（xのみ）,,99,手術なし,,x,処置等1の分岐なし,x,処置等2の分岐なし,x,副傷病の分岐なし,,x,重症度の分岐なし (全 x),,07040xxx99xxxx,"入院期間I:3日/3105点
入院期間II:9日/2066点
入院期間III:30日/1756点","入院日数15日
入院期間I:3105×3日=9315
入院期間II:2066×6日=12396
入院期間III:1756×6日=10536
合計:32247",32247,rejected,点数が低い (差 7403),,,,,,,,,,,
5234935,2026-07-09,2026-07-23,ok,107.0,G45.9,一過性脳虚血発作（TIA）の既往を伴う脳血管疾患,一過性脳虚血発作,0.42,010061,一過性脳虚血発作,"1. 入院目的: 直接の入院契機ではないが、既往歴に「TIA（左内頚動脈、中大脳動脈狭窄）」と明記され、抗血小板薬の変更（シロスタゾール中止→アスピリン開始）が今回入院中に行われている。
2. 主病名: 既往としての TIA であり、本来はZコード等で表現されることもあるが、ここでは実際に抗血小板療法が継続され、周術期管理・心不全治療時の抗血小板選択に影響している脳血管疾患として G45.9 を採用して候補に含める。
3. 中心治療: シロスタゾールからアスピリンへの切替、心不全・CKDを考慮した抗血小板戦略の調整、血圧管理（ARB/ARNI検討）などが行われ、脳血管イベント再発予防の観点からも入院中の薬剤調整に資源が割かれている。
- 心不全・CKD・TIA既往の三者が絡み、抗血小板薬・降圧薬の選択に影響しているため、一定の医療資源（時間的・判断資源）が投じられた病態とみなせる。
- ただし、画像検査や急性期治療は今回入院中には行われておらず、主に既往歴としての位置づけであるため、心不全やCKDに比べると物理的資源投入は少ない。
- ICD-10 は特定の部位・病型の詳細が記載されていないため、包括的な G45.9 を選択。DPC6 は 010061（一過性脳虚血発作）で、神経内科的入院であれば主病名となり得る分類であるが、本例では補助的候補とする。",x,,分岐なし（xのみ）,,x,,分岐なし（xのみ）,,xx,パターン xx,,x,処置等1の分岐なし,0,トリガーにマッチする処置コードなし,x,副傷病の分岐なし,,x,重症度の分岐なし (全 x),,010061xxxxx0xx,"入院期間I:3日/3996点
入院期間II:5日/2835点
入院期間III:30日/2334点","入院日数15日
入院期間I:3996×3日=11988
入院期間II:2835×2日=5670
入院期間III:2334×10日=23340
合計:40998",40998,rejected,上位候補に劣る,,,,,,,,,,,
5269180,2026-06-10,2026-06-30,ok,65.7,J189,右上葉肺炎を含む肺炎,肺炎,0.82,040080,肺炎等,"1. 入院目的: 持続する発熱の精査目的で入院し、途中から胸部CTで右上葉・両側下葉の陰影を認め肺炎として治療開始。
2. 主病名: 右上葉肺炎疑い → 肺炎としてセフトリアキソン開始（J189: 部位・起因菌特定困難な肺炎に合致）。
3. 中心治療: 6/15〜22のCTRX点滴、酸素投与、頻回の血液検査・画像フォロー、喀痰培養等。
・発熱精査の過程で肺炎像が新出し、その後の抗菌薬治療と酸素管理が入院後半の医療資源の中心となっている。
・起因菌同定されず、基礎に心不全やうっ血もあるが、画像所見・炎症所見の推移と抗菌薬への反応から、詳細不明肺炎コードJ189が最も妥当。
・DPC6「040080 肺炎等」は本症例の画像・抗菌薬治療と整合し、EFにも抗菌薬点滴に対応する注射・検査・画像コードが多数計上されている。
・「Focus不明の発熱」から肺炎へと診断がシフトし、治療資源配分も肺炎治療に収斂している点から、最資源投入病名候補として非常に有力と判断した。",0,病態等分類（年齢・肺炎種別）,年齢不明、デフォルト分岐 '0' を使用,,x,,分岐なし（xのみ）,,99,手術なし,,x,処置等1の分岐なし,0,トリガーにマッチする処置コードなし,x,副傷病の分岐なし,,x,重症度の分岐なし (全 x),,0400800x99x0xx,"入院期間I:7日/3424点
入院期間II:15日/2308点
入院期間III:60日/1961点","入院日数21日
入院期間I:3424×7日=23968
入院期間II:2308×8日=18464
入院期間III:1961×6日=11766
合計:54198",54198,selected,,false,false,,0400800x99x0xx,,0400800x99x0xx,1000,同点候補なし,,,
5269180,2026-06-10,2026-06-30,ok,65.7,I500,拡張型心筋症に伴ううっ血性心不全,うっ血性心不全,0.55,050130,心不全,"1. 入院目的: 主訴は発熱だが、基礎に拡張型心筋症・心尖部瘤血栓があり、入院中NT-proBNP高値・酸素需要・喘鳴などうっ血の関与が繰り返し指摘されている。
2. 主病名: 拡張型心筋症（I420）を基礎にしたうっ血性心不全増悪（I500）が臨床像に合致。
3. 中心治療: 酸素投与持続（J024）、呼吸心拍監視（D220）、NT-proBNP測定、容量過多評価の心エコー、利尿や心不全管理を意識した呼吸管理。
・胸部レントゲンや心エコーで容量過多が疑われ、「うっ血もベースにありそう」「心不全の要素が強いのか」と記載されており、呼吸困難・喘鳴・酸素需要は心不全寄与が大きいと判断されている。
・NT-proBNP3941と高値であり、心不全増悪に伴う呼吸状態悪化が、酸素吸入・モニタリング・入院期間延長の一因となり、一定の医療資源を要している。
・EF上も心エコー、NT-proBNP、動脈血ガス、持続SpO2モニタなど、循環・呼吸管理関連検査が多数算定されている。
・DPC6「050130 心不全」は慢性心不全増悪入院と整合し、本入院での管理対象として主病名候補になり得る。",x,,分岐なし（xのみ）,,x,,分岐なし（xのみ）,,99,手術なし,,0,トリガーにマッチする処置コードなし,0,トリガーにマッチする処置コードなし,x,副傷病の分岐なし,,0,"branch=0 numeric=0 label=他の病院・診療所の病棟からの転院以外 / 他院受診歴はあるが当院外来を受診して一度自宅へ帰宅しており、病棟からの直接転院ではない。 (verifier 不整合あり, best-effort 採用: ['conclusion_label_mismatch'])",[2026-06-10]2026/6/7より発熱あり、東病院を受診した。6/8にかかりつけを受診し…発熱改善なく、当院救急外来を受診。熱源の特定には至らず帰宅となっていたが発熱が持続するため6/10再度受診した。精査にて明らかな熱源なし。培養採取の上で熱型観察目的に6/10入院。; [2026-06-10]熱源の特定には至らず帰宅となっていたが発熱が持続するため6/10再度受診した。精査にて明らかな熱源なし。培養採取の上で熱型観察目的に6/10入院。,050130xx9900x0,"入院期間I:7日/3150点
入院期間II:14日/2242点
入院期間III:60日/1906点","入院日数21日
入院期間I:3150×7日=22050
入院期間II:2242×7日=15694
入院期間III:1906×7日=13342
合計:51086",51086,rejected,点数が低い (差 3112),,,,,,,,,,,
5269180,2026-06-10,2026-06-30,ok,65.7,I480,頻脈性心房細動（発作性心房細動）,発作性心房細動,0.45,050070,頻脈性不整脈,"1. 入院目的: 当初は発熱精査目的だが、入院中に頻脈性心房細動が新たに出現し、別途対応が必要となった。
2. 主病名: 「PAFを疑うが…」「頻脈性心房細動」との記載から、発作性心房細動（I480）が最も適合。
3. 中心治療: 心電図モニタリング、呼吸心拍監視（D220）、心電図検査（D208）、ワソラン静注による頻脈コントロール。
・病棟から頻脈性心房細動の報告があり、抗不整脈薬（ワソラン静注）による治療を要しており、入院経過中の重要なイベントといえる。
・このエピソードに対し心電図・モニタリングの強化などの資源投入が行われており、頻脈性不整脈としてDPC6「050070 頻脈性不整脈」と整合する。
・入院の主因ではないものの、合併症として追加の管理・処置（薬剤投与・モニタリング）を必要としたため、最資源投入病名候補の一つとして保持する。",x,,分岐なし（xのみ）,,x,,分岐なし（xのみ）,,99,手術なし,,0,トリガーにマッチする処置コードなし,0,トリガーにマッチする処置コードなし,1,副傷病あり（value=1）,[EF] J024(酸素吸入（１日につき）) レセ電=140005610 → J96$(呼吸不全)とみなす 判断: EF上の酸素吸入の算定により呼吸不全相当と判定,x,重症度の分岐なし (全 x),,050070xx99001x,"入院期間I:5日/3315点
入院期間II:12日/2240点
入院期間III:30日/1904点","入院日数21日
入院期間I:3315×5日=16575
入院期間II:2240×7日=15680
入院期間III:1904×9日=17136
合計:49391",49391,rejected,点数が低い (差 4807),,,,,,,,,,,
5269180,2026-06-10,2026-06-30,ok,65.7,M6259,廃用症候群,廃用症候群,0.4,070320,筋拘縮・萎縮（その他）,"1. 入院目的: 発熱精査・肺炎治療が主だが、高齢・基礎心疾患のある患者に対し、入院中盤以降はADL低下への対応としてリハビリが強化され、最終的にリハビリ目的転院となっている。
2. 主病名: 長期臥床・活動性低下に伴う全身の筋力低下・ADL低下として、廃用症候群（M6259）がリハビリ診療報酬の根拠となっている可能性が高い。
3. 中心治療: 廃用症候群リハビリテーション料（H001-21）、早期リハビリ加算・初期加算、リハビリ総合計画評価料（H003）などの集中的リハビリテーション。
・熱の改善後も長期入院・活動低下が続き、「リハビリ強化」「リハビリ転院調整」「転院待ち」と記載され、機能回復目的の介入が入院後半の資源投入の主題となっている。
・EFで廃用症候群リハビリテーション料が算定されており、DPC上は「070320 筋拘縮・萎縮（その他）」に対応する主病名候補として扱いうる。
・原疾患（肺炎など）に続発した病態ではあるが、入院後半の医療資源（人員・時間・日数）は廃用に対するリハビリが大きな割合を占めるため、補助的候補として保持する。",x,,分岐なし（xのみ）,,x,,分岐なし（xのみ）,,99,手術なし,,x,処置等1の分岐なし,x,処置等2の分岐なし,x,副傷病の分岐なし,,x,重症度の分岐なし (全 x),,070320xx99xxxx,"入院期間I:11日/2643点
入院期間II:22日/1875点
入院期間III:60日/1594点","入院日数21日
入院期間I:2643×11日=29073
入院期間II:1875×10日=18750
合計:47823",47823,rejected,点数が低い (差 6375),,,,,,,,,,,
5370212,2026-05-19,2026-06-22,ok,52.5,C182,上行結腸癌,上行結腸癌,0.95,060035,結腸（虫垂を含む。）の悪性腫瘍,"1. 入院目的: 上行結腸癌に対する根治手術目的での計画入院。
2. 主病名: カルテで一貫して「上行結腸癌cT3N0M0→cT4aN1bM0」と記載されており、結腸の原発悪性腫瘍に該当するため C182 を選択。
3. 中心治療: ロボット支援腹腔鏡下回盲部切除術（D3郭清、K719-**）、周術期全身麻酔、術中血管描出、輸血、周術期栄養管理、画像・検査、リハビリなど大量の医療資源が本腫瘍切除を目的に投下。
- 内視鏡・CT で上行結腸2型腫瘍・腺癌と診断され、切除標的が明確。
- K719（腹腔鏡下結腸悪性腫瘍切除術）の施行により、DPC6「060035 結腸（虫垂を含む。）の悪性腫瘍」と完全整合。
- 術前の輸血準備・術中/周術期輸血、長期入院・リハビリもすべて本癌手術を契機とした資源投入であり、入院全体を支配している。
- 結腸癌（部位不明 C189）など近接コードもあるが、カルテに上行結腸と明記されているため部位特異的な C182 を優先した。",x,,分岐なし（xのみ）,,x,,分岐なし（xのみ）,,97,その他の手術（4件のKコードが他パターンに非該当）,"K719(腹腔鏡下結腸悪性腫瘍切除術（内視鏡手術用支援機器を用いて行った場合）), K000(周術期栄養管理実施加算), K936(自動縫合器（４個）使用加算), K939(術中血管等描出撮影加算)",x,処置等1の分岐なし,0,トリガーにマッチする処置コードなし,x,副傷病の分岐なし,,x,重症度の分岐なし (全 x),,060035xx97x0xx,"入院期間I:6日/3165点
入院期間II:13日/2289点
入院期間III:30日/1946点","入院日数35日
入院期間I:3165×6日=18990
入院期間II:2289×7日=16023
入院期間III:1946×17日=33082
合計:68095",68095,selected,,false,false,,060035xx97x0xx,,060035xx97x0xx,1000,同点候補なし,,,
5370212,2026-05-19,2026-06-22,ok,52.5,E11.9,２型糖尿病,２型糖尿病,0.7,10007x,２型糖尿病（糖尿病性ケトアシドーシスを除く。）,"1. 入院目的: 主目的は結腸癌手術だが、入院当初より『2026/5/19 入院～血糖コントロール』と明記され、周術期の血糖管理が重要課題として並立。
2. 主病名: 既往歴に『2型糖尿病』と明記され、術後も内科コンサルトで『２型糖尿病』として治療調整されているため、合併症の明記がない現状では E11.9（詳細不明／合併症なし）とみなすのが妥当。
3. 中心治療: 術前後を通じて血糖モニタリング（多数の血糖検査 D007）、内服薬の調整（SU薬中止、DPP4阻害薬＋グリニド追加）、麻酔困難患者としての管理など、糖尿病関連の資源投入が継続。
- EF 上でも『L008 シ　留意事項通知に規定する糖尿病の患者』とされており、全身麻酔管理における糖尿病の影響が明示される。
- 糖尿病性神経因性膀胱などの合併症は既往としてあるが、本入院中は主に血糖コントロールが対象であり、特定合併症を前面に出した管理ではないため .9 を選択。
- DPC6「10007x ２型糖尿病」は周術期糖尿病管理入院の主病名として成立しうるが、本症例では悪性腫瘍手術がより大きな資源投入の中心であり、主病名としては第二候補群と位置づける。",x,,分岐なし（xのみ）,,x,,分岐なし（xのみ）,,xx,パターン xx,,x,処置等1の分岐なし,1,"処置等2=1: 0169(インスリン製剤（注射薬に限る。）), (ノボラピッド注　１００単位／ｍｌ)[レセ電=620008895, 実施日=2026-05-19;2026-05-20;2026-05-21;2026-05-22;2026-05-23;2026-05-25;2026-05-26;2026-05-27;2026-05-28;2026-05-29;2026-05-30;2026-05-31;2026-06-01;2026-06-02;2026-06-03;2026-06-04;2026-06-13;2026-06-14;2026-06-15;2026-06-16;2026-06-17;2026-06-18]",x,副傷病の分岐なし,,x,重症度の分岐なし (全 x),,10007xxxxxx1xx,"入院期間I:6日/2871点
入院期間II:12日/2037点
入院期間III:30日/1731点","入院日数35日
入院期間I:2871×6日=17226
入院期間II:2037×6日=12222
入院期間III:1731×18日=31158
合計:60606",60606,rejected,点数が低い (差 7489),,,,,,,,,,,
5404924,2026-06-21,2026-07-09,ok,88.1,J69.0,誤嚥性肺炎,誤嚥性肺炎,0.9,040081,誤嚥性肺炎,"1. 入院目的: 「誤嚥性肺炎に対する内科的治療」と明記され、発熱・湿性咳嗽・体動困難を主訴として入院。
2. 主病名: カルテで一貫して「#誤嚥性肺炎」と記載されており、右肺浸潤影と発熱・炎症反応上昇から誤嚥性肺炎 J69.0 が妥当。
3. 中心治療: 抗菌薬CTRXの7日間投与、点滴注射(G004)、呼吸心拍監視(D220)、呼吸リハビリ(H003)、喀痰吸引(J018)など、入院初期の主要資源が肺炎治療・管理に投入されている。
4. EFの検査・画像(D007, D007血液ガス, CXP, CT)はいずれも肺炎精査・治療モニタリング目的で実施されており、本疾患が今回入院の直接原因。
5. DPC6はJ69.0→040081(誤嚥性肺炎)となり、抗菌薬治療中心の非手術例としてEF内容と整合、最資源投入病名として最有力候補と判断。
6. 末期腎不全や嚥下障害は基礎疾患・誘因として重要だが、今回入院中に新規の侵襲的処置や急性増悪治療の中心とはなっておらず、資源投入の主軸は肺炎に向いている。",x,,分岐なし（xのみ）,,x,,分岐なし（xのみ）,,99,手術なし,,x,処置等1の分岐なし,0,トリガーにマッチする処置コードなし,x,副傷病の分岐なし,,x,重症度の分岐なし (全 x),,040081xx99x0xx,"入院期間I:9日/3320点
入院期間II:17日/2169点
入院期間III:60日/1844点","入院日数19日
入院期間I:3320×9日=29880
入院期間II:2169×8日=17352
入院期間III:1844×2日=3688
合計:50920",50920,selected,,false,false,,040081xx99x0xx,,040081xx99x0xx,1000,同点候補なし,,,
5404924,2026-06-21,2026-07-09,ok,88.1,N18.5,末期腎不全（慢性腎臓病ステージG5D、維持透析中）,慢性腎臓病ステージＧ５,0.8,110280,慢性腎炎症候群・慢性間質性腎炎・慢性腎不全,"1. 入院目的: 主目的は誤嚥性肺炎治療だが、患者は「嘉島クリニックで維持透析中」「末期腎不全」と明記されており、入院中も透析を継続する必要がある状態で入院管理されている。
2. 主病名: eGFR 7.1、長期透析歴、カルテ上「末期腎不全（慢性糸球体腎炎）」と記載されており、CKDステージ5Dに相当する慢性腎臓病 N18.5 が最も臨床的に適合。
3. 中心治療: 人工腎臓(J038)による慢性維持透析を入院中も継続し、透析関連加算（障害者等加算・水質確保・体制充実・認知症加算）も算定されており、透析自体も高い医療資源を継続的に要している。
4. 本症は入院前から存在するが、今回も入院日から退院まで週3回透析を院内で実施しており、日数・人的資源両面で大きなウェイトを占めるため、DPC上は最資源投入病名候補となり得る。
5. DPC6はN18.5→110280(慢性腎炎症候群・慢性間質性腎炎・慢性腎不全)であり、EFに記載の人工腎臓(J038)はこの群の典型的主要処置と整合し、透析を主とする入院として評価し得る。",x,,分岐なし（xのみ）,,x,,分岐なし（xのみ）,,99,手術なし,,0,トリガーにマッチする処置コードなし,0,トリガーにマッチする処置コードなし,0,副傷病なし（AI/EF探索で該当なし）,,x,重症度の分岐なし (全 x),,110280xx99000x,"入院期間I:4日/3055点
入院期間II:9日/2285点
入院期間III:30日/1942点","入院日数19日
入院期間I:3055×4日=12220
入院期間II:2285×5日=11425
入院期間III:1942×10日=19420
合計:43065",43065,rejected,点数が低い (差 7855),,,,,,,,,,,
5404924,2026-06-21,2026-07-09,ok,88.1,I69.1,右被殻出血後遺症に伴う慢性神経障害,脳出血後遺症,0.45,010069,脳卒中の続発症,"1. 入院目的: 誤嚥性肺炎治療目的で入院したが、ADLほぼ全介助、構音障害、左顔面麻痺、嚥下障害などは右被殻出血の後遺症として既存の重度障害を形成している。
2. 主病名: 既往歴に「右被殻出血」とあり、現在もJCS2、構音障害、顔面麻痺、巧緻性低下など神経学的後遺症が固定的に存在しており、ICD上は脳出血後遺症 I69.1 が適合。
3. 中心治療: 今回入院中のSTによる構音・嚥下訓練、呼吸リハ、ADL維持のためのリハビリ総合計画(H003関連)は、被殻出血後遺症に伴う神経・嚥下障害の長期管理の一環として行われている面があり、相応の医療資源が継続投入されている。
4. DPC6はI69.1→010069(脳卒中の続発症)となり、慢性期脳卒中後遺症患者に対するリハ中心入院の典型群であり、本症例でも嚥下障害やADL低下、せん妄傾向に対する多職種介入が入院期間を延長させているため、原発肺炎と競合しうる背景病態として候補に含める。
5. ただし、今回の入院契機はあくまで急性誤嚥性肺炎であり、被殻出血自体への新規急性治療は行われていないため、主病名としての相対順位は低く評価する。",x,,分岐なし（xのみ）,,x,,分岐なし（xのみ）,,99,手術なし,,0,トリガーにマッチする処置コードなし,0,トリガーにマッチする処置コードなし,0,副傷病なし（AI/EF探索で該当なし）,,x,重症度の分岐なし (全 x),,010069xx99000x,"入院期間I:3日/3194点
入院期間II:8日/2050点
入院期間III:30日/1742点","入院日数19日
入院期間I:3194×3日=9582
入院期間II:2050×5日=10250
入院期間III:1742×11日=19162
合計:38994",38994,rejected,点数が低い (差 11926),,,,,,,,,,,
5404924,2026-06-21,2026-07-09,ok,88.1,E11.9,2型糖尿病,２型糖尿病,0.4,10007x,２型糖尿病（糖尿病性ケトアシドーシスを除く。）,"1. 入院目的: 直接の目的は誤嚥性肺炎治療だが、既往歴に2型糖尿病があり、経口血糖降下薬やDPP-4阻害薬を含む糖尿病治療薬が継続されている。
2. 主病名: 急性代謝合併症（ケトアシドーシス、昏睡等）の記載はなく、血糖121mg/dLと急性増悪所見も乏しいため、2型糖尿病(合併症詳細不明)としてE11.9相当が最も無難。
3. 中心治療: HbA1c測定(D005)、血糖測定(D007)、糖尿病薬の内服継続など、入院中も血糖管理のための検査・薬剤が継続されており一定の資源を要しているものの、透析や肺炎治療と比べるとウェイトは低い。
4. DPC6はE11.x→10007x(２型糖尿病)であり、糖尿病自体を主病名とするDPCにも該当するが、本症例では肺炎・透析管理が主であり糖尿病は背景因子としての比重が高く、最資源投入病名としては補助的候補にとどまる。
5. それでもCKD・動脈硬化性疾患リスクとして全身状態や感染リスクに影響し、長期的には多大な医療資源を要するため、隣接候補の一つとして保持する。",x,,分岐なし（xのみ）,,x,,分岐なし（xのみ）,,xx,パターン xx,,x,処置等1の分岐なし,1,"処置等2=1: 0169(インスリン製剤（注射薬に限る。）), (ノボラピッド注　１００単位／ｍｌ)[レセ電=620008895, 実施日=2026-06-23]",x,副傷病の分岐なし,,x,重症度の分岐なし (全 x),,10007xxxxxx1xx,"入院期間I:6日/2871点
入院期間II:12日/2037点
入院期間III:30日/1731点","入院日数19日
入院期間I:2871×6日=17226
入院期間II:2037×6日=12222
入院期間III:1731×7日=12117
合計:41565",41565,rejected,点数が低い (差 9355),,,,,,,,,,,
5427275,2026-06-12,2026-06-30,ok,63.0,I350,重症大動脈弁狭窄症,大動脈弁狭窄症,0.95,050080,弁膜症（連合弁膜症を含む。）,"1. 入院目的: 超重症大動脈弁狭窄症に対する精査・加療（TAVI検討・施行）目的で前医から転院。
2. 主病名: カルテで「超重症大動脈弁狭窄症」と明記されており、ICD-10 は後天性大動脈弁狭窄症 I350 が最も整合。
3. 中心治療: K555-22 経カテーテル大動脈弁置換術（TF-TAVI）＋全身麻酔、心臓CT・心エコーなど重装備の循環器画像検査、心大血管リハ。
・TAVIという高侵襲かつ高コストの手術の直接対象であり、本入院で最も医療資源を集中投下した病態。
・心エコーで PSV 6.0 m/s, mean PG 100 mmHg と超重症 AS 所見、症状として呼吸苦・心不全増悪があり、治療適応が明確。
・術後もTAVI後評価エコーや心電図フォロー等、管理の中心は大動脈弁機能（PVL含む）に置かれている。
・DPC6 050080「弁膜症」は I350 に対する代表サブグループであり、その手術KにK555-22が含まれており、EF実施手術と完全整合する。",x,,分岐なし（xのみ）,,x,,分岐なし（xのみ）,,02,パターン 02（必須Kコード 1 マッチ）,K555-22(経カテーテル弁置換術（経皮的大動脈弁置換術）),0,トリガーにマッチする処置コードなし,0,トリガーにマッチする処置コードなし,x,副傷病の分岐なし,,x,重症度の分岐なし (全 x),,050080xx0200xx,"入院期間I:5日/3408点
入院期間II:10日/2458点
入院期間III:30日/2089点","入院日数19日
入院期間I:3408×5日=17040
入院期間II:2458×5日=12290
入院期間III:2089×9日=18801
合計:48131",48131,rejected,点数が低い (差 2429),,,,,,,,,,,
5427275,2026-06-12,2026-06-30,ok,63.0,I509,慢性心不全（重症大動脈弁狭窄症による）,慢性心不全,0.8,050130,心不全,"1. 入院目的: 呼吸苦と心不全増悪のため前医へ緊急入院後、慢性心不全精査・加療目的で当院へ転院。
2. 主病名: カルテ診断名「慢性心不全」。基礎に超重症大動脈弁狭窄症があり、病態としての慢性心不全 I509 が適合。
3. 中心治療: 心不全増悪への補液や利尿・血圧調整、心大血管リハ（H000）、連日のBNP・心エコー・X線・心電図フォロー。
・入院契機が心不全増悪であり、症状（呼吸苦）の主因として入院全体を通じて管理対象となっている。
・TAVIも心不全の改善を目的とした治療であり、重症心不全としての管理に相当の人的・時間的資源が投入されている。
・DPC6 050130「心不全」はI509と整合し、心大血管リハや循環器管理などEFに見られる処置群と適合する。
・ただし手術自体のDPCサブグループは弁膜症側で拾われるため、主手術対象であるASよりわずかに主傷病候補としての優先度は下がる。",x,,分岐なし（xのみ）,,x,,分岐なし（xのみ）,,97,その他の手術（1件のKコードが他パターンに非該当）,K555-22(経カテーテル弁置換術（経皮的大動脈弁置換術）),0,トリガーにマッチする処置コードなし,0,"処置等2=0: H000(心大血管疾患リハビリテーション料（１）（１単位）（理学療法士による場合）)[レセ電=180744210, 実施日=2026-06-15;2026-06-17;2026-06-18;2026-06-19;2026-06-20;2026-06-23;2026-06-24;2026-06-26;2026-06-27;2026-06-28], H000(心大血管疾患リハビリテーション料（１）（１単位）（作業療法士による場合）)[レセ電=180744310, 実施日=2026-06-13]",0,副傷病なし（AI/EF探索で該当なし）,,x,重症度の分岐なし (全 x),,050130xx97000x,"入院期間I:9日/3140点
入院期間II:18日/2264点
入院期間III:60日/1924点","入院日数19日
入院期間I:3140×9日=28260
入院期間II:2264×9日=20376
入院期間III:1924×1日=1924
合計:50560",50560,selected,,false,false,,050130xx97000x,,050130xx97000x,1000,同点候補なし,,,
5427275,2026-06-12,2026-06-30,ok,63.0,D594,機械的溶血性貧血（TAVI後 paravalvular leakage に伴う）,機械的溶血性貧血,0.7,130090,貧血（その他）,"1. 入院目的: 当初はAS/心不全加療目的だが、TAVI後に貧血進行・溶血が問題となり、追加検査・治療が行われた。
2. 主病名: カルテに「ハプトグロビン低値、LDH高値あり、溶血をきたしている…PVLが溶血の原因」と記載があり、機械弁周囲逆流による機械的溶血性貧血 D594 が臨床像に合致。
3. 中心治療: 連日の血液検査（CBC, LDH, ハプトグロビン, 鉄, フェリチン）、鉄剤やHIF-PH阻害薬の導入、輸血検討など貧血評価・治療に一定の資源が投入。
・TAVI後 Hb 7 g/dL台まで低下し、白血球・血小板減少もあり、貧血原因精査が繰り返されている。
・便潜血陰性で消化管出血は否定的とされ、弁周囲逆流による溶血が主因と判断されており、術後合併症としての位置づけが明確。
・BAV再介入も検討されるほど病態の重要度は高く、入院後半の治療・方針決定の中心テーマとなっている。
・DPC6 130090「貧血（その他）」はD594と対応し、大量の血液検査・内服導入と整合する重症度を持つため、AS/心不全に次ぐ最資源投入候補と評価できる。",x,,分岐なし（xのみ）,,x,,分岐なし（xのみ）,,97,その他の手術（1件のKコードが他パターンに非該当）,K555-22(経カテーテル弁置換術（経皮的大動脈弁置換術）),x,処置等1の分岐なし,0,トリガーにマッチする処置コードなし,x,副傷病の分岐なし,,x,重症度の分岐なし (全 x),,130090xx97x0xx,"入院期間I:4日/3362点
入院期間II:9日/2226点
入院期間III:30日/1892点","入院日数19日
入院期間I:3362×4日=13448
入院期間II:2226×5日=11130
入院期間III:1892×10日=18920
合計:43498",43498,rejected,点数が低い (差 7062),,,,,,,,,,,
5427275,2026-06-12,2026-06-30,ok,63.0,M1316,膝関節炎疑い（症候性膝関節炎）,膝関節炎,0.4,07010x,化膿性関節炎（下肢）,"1. 入院目的: 主目的ではなく、入院中に出現した膝痛に対する対症的対応。
2. 主病名: 「膝関節炎疑い」と記載され、感染性などの明確な原因は不詳。ICD-10 上は包括的な膝関節炎コード M1316（膝関節炎）が最も近い。
3. 中心治療: アセトアミノフェン内服と局所冷罨法の指示のみで、画像・侵襲的処置やリハ加算の主目的にはなっていない。
・入院中に新規症状として評価され、一時的に治療対象となっているが、医療資源投入量は他の心血管関連病態に比べて明らかに小さい。
・DPC6 07010x「化膿性関節炎（下肢）」に紐づくが、本症例では化膿性を示唆する所見や手術Kコードはなく、純粋なサブ的合併症としての扱いになる。
・主傷病として採用される可能性は低いが、「入院中に医療資源（薬剤・評価）が投入された別病態」として境界的候補に留める。",x,,分岐なし（xのみ）,,x,,分岐なし（xのみ）,,97,その他の手術（1件のKコードが他パターンに非該当）,K555-22(経カテーテル弁置換術（経皮的大動脈弁置換術）),x,処置等1の分岐なし,x,処置等2の分岐なし,x,副傷病の分岐なし,,x,重症度の分岐なし (全 x),,07010xxx97xxxx,"入院期間I:19日/2910点
入院期間II:37日/2065点
入院期間III:90日/1755点","入院日数19日
入院期間I:2910×19日=55290
合計:55290",55290,rejected,上位候補に劣る,,,,,,,,,,,
5433913,2026-05-31,2026-06-18,ok,130.7,J938,右続発性気胸（COPD関連）,続発性気胸,0.86,040200,気胸,"1. 入院目的: 当初は肺炎・心不全疑いで入院したが、6/9夜に呼吸苦増悪・SpO2低下を来し、右自然気胸が確認され、その後の治療の中心となった。
2. 主病名: 高度肺気腫を背景とした右続発性気胸 → J938（続発性気胸）
3. 中心治療: 胸腔ドレーン挿入による持続胸腔ドレナージ（J019, J002）、50%ブドウ糖を用いた胸膜癒着術を2回施行、連日の胸部Xp/CTでの評価、酸素療法、呼吸管理。
・気腫性変化・肺尖ブラを背景に発症しており、基礎肺疾患に続発した気胸と判断でき、特発性ではなく続発性気胸が適切。
・6/10〜6/17までドレーン管理と癒着術・クランプテスト・再開放など、多くの医療資源（処置・画像・管理）が本病態に投下され、入院後半の経過をほぼ支配している。
・肺炎は既に解熱・炎症反応改善後であり、気胸発症後は治療の主眼は気胸/呼吸状態の安定維持に移行している。
・ICD-10 J938 は基礎肺疾患等に伴う二次性気胸を包含し、本症例の『COPD高度肺気腫に伴う右続発性気胸』に臨床的に整合する。
・DPC6は040200（気胸）で、持続胸腔ドレナージや癒着術に用いるKコード群を手術分岐に包含しており、今回のJ019/J002によるドレナージ管理との資源投入構造と整合する。",x,,分岐なし（xのみ）,,x,,分岐なし（xのみ）,,99,手術なし,,x,処置等1の分岐なし,0,トリガーにマッチする処置コードなし,1,副傷病あり（value=1）,[カルテ記事] J189(肺炎，原因菌不明) 根拠: CTで気管支肺炎の可能性とされ、入院後「肺炎」としてABPC/SBTで治療され経過観察されており、今回入院中の主要管理対象となっている。 引用: 右上葉S2…淡いすりガラス陰影、気管支壁肥厚を認め、気管支肺炎の可能性を疑います。; ＃気管支肺炎の疑い…市中肺炎として抗菌薬（SBT/ABPC）投与とする。 判断: 画像と臨床所見から肺炎と診断され、起因菌不詳の市中肺炎として抗菌薬治療が行われており、副傷病に該当する。,x,重症度の分岐なし (全 x),,040200xx99x01x,"入院期間I:9日/3172点
入院期間II:18日/2250点
入院期間III:60日/1913点","入院日数19日
入院期間I:3172×9日=28548
入院期間II:2250×9日=20250
入院期間III:1913×1日=1913
合計:50711",50711,selected,,true,false,0.86,040200xx99x01x,040200xx99x01x,040200xx99x01x,1000,同点候補あり,入院契機は肺炎疑いだが、抗菌薬ABPC/SBTは約1週間で終了し以後再燃なく経過。6/9夜に呼吸苦悪化し右続発性気胸が判明し、胸腔ドレーン留置、胸膜癒着術を2回施行し、連日CXP/CTとドレーン管理が6/10〜17の入院後半を支配し入院延長の主因となっている。Kコード相当の処置・画像など資源投入の中心は続発性気胸であり、DPC原則上J938・040200を主病名とする候補0が妥当。,,
5433913,2026-05-31,2026-06-18,ok,130.7,J189,市中肺炎（COPD合併）,肺炎,0.8,040080,肺炎等,"1. 入院目的: 発熱・呼吸困難で前医受診し心不全疑いとされたが、当院CTで右中葉・下葉にすりガラス影、高度肺気腫背景に湿性咳嗽と炎症反応上昇を認め、市中肺炎疑いとして入院加療開始。
2. 主病名: 背景COPDを有する市中肺炎 → 明確な起炎菌や部位限定の詳細なく、J189（肺炎，急性肺炎，詳細不明）が妥当。
3. 中心治療: 酸素投与（J024）、心肺モニタリング（D220, D223）、複数回の採血・炎症マーカー・PCT、血培・尿培・喀痰培養、胸部Xp/CT、ABPC/SBTによる静注抗菌薬治療約1週間。
・6/1の時点で『気管支肺炎の疑い』とされ、翌日以降『肺炎』と確定し、hsCRP・WBC・PCT高値に対しABPC/SBT投与が行われ、解熱と炎症低下に明確に反応している。
・原因菌や部位（右中葉・下葉）以外に特定記載がなく、ICD-10上はJ18.9相当のJ189（急性肺炎，詳細不明）が最も包括的でDPC6 040080（肺炎等）と整合する。
・入院初期は酸素・抗菌薬・検査・モニタリングなど相当量の資源が肺炎管理に投下され、心カテは肺炎の改善を待って予定されていたことからも、本入院の前半を規定した主要病態といえる。
・DPC6 040080（肺炎等）は肺炎一般の入院加療を対象とし、本症例の抗菌薬治療・酸素管理・培養検査などと資源構造が一致する。",0,病態等分類（年齢・肺炎種別）,年齢不明、デフォルト分岐 '0' を使用,,x,,分岐なし（xのみ）,,99,手術なし,,x,処置等1の分岐なし,0,トリガーにマッチする処置コードなし,x,副傷病の分岐なし,,x,重症度の分岐なし (全 x),,0400800x99x0xx,"入院期間I:7日/3424点
入院期間II:15日/2308点
入院期間III:60日/1961点","入院日数19日
入院期間I:3424×7日=23968
入院期間II:2308×8日=18464
入院期間III:1961×4日=7844
合計:50276",50276,rejected,点数が低い (差 435),,,,,,,,,,,
5433913,2026-05-31,2026-06-18,ok,130.7,J439,慢性閉塞性肺疾患（高度肺気腫）,肺気腫,0.65,040120,慢性閉塞性肺疾患,"1. 入院目的: 入院時主訴は呼吸困難・発熱であったが、画像上『背景肺は高度な肺気腫』と繰り返し記載され、もともとCOPDとしてICS/LAMA/LABAやビレーズトリ吸入治療を継続している患者。
2. 主病名: 高度肺気腫を主体とするCOPD → 部位・型の詳細言及がないため、J439（肺気腫，慢性肺気腫）を用いた慢性閉塞性肺疾患として整理。
3. 中心治療: ビレーズトリ等の持続吸入治療、酸素投与（J024）、心肺モニタリング（D220, D223）、心大血管疾患リハビリテーション(H000)での呼吸循環リハ。
・今回の肺炎や続発性気胸はいずれも高度肺気腫/COPDを背景とした増悪イベントであり、特に気胸は『もともと気腫性変化強く、肺尖部にブラあり』と基礎病態が直接的な原因となっている。
・COPD自体に対する特別な急性増悪治療（全身ステロイド・SABA頻回吸入など）は抑制されているが、入院全期間を通して吸入薬調整、酸素管理、心大血管リハによる運動耐容能評価等、継続的な管理対象となっている。
・ICD-10 J439 は形態記載としての肺気腫を含み、DPC6 040120（慢性閉塞性肺疾患）にマップされ、COPD管理入院に相当する。今回、主資源は続発性イベントに向いているが、基礎疾患としての重要度から主傷病候補として保持する価値がある。",x,,分岐なし（xのみ）,,x,,分岐なし（xのみ）,,99,手術なし,,0,トリガーにマッチする処置コードなし,0,トリガーにマッチする処置コードなし,x,副傷病の分岐なし,,x,重症度の分岐なし (全 x),,040120xx9900xx,"入院期間I:6日/3300点
入院期間II:11日/2227点
入院期間III:30日/1893点","入院日数19日
入院期間I:3300×6日=19800
入院期間II:2227×5日=11135
入院期間III:1893×8日=15144
合計:46079",46079,rejected,点数が低い (差 4632),,,,,,,,,,,
5433913,2026-05-31,2026-06-18,ok,130.7,I743,下肢急性動脈閉塞症（既往・Fogarty血栓摘除後）,下肢急性動脈閉塞症,0.45,050170,閉塞性動脈疾患,"1. 入院目的: 今回入院の直接目的ではないが、『急性左下肢動脈閉塞既往/Fogaty後（2025/4/10 心外）』と記載され、心大血管リハや下肢血管エコー(D215)などの評価対象となっている。
2. 主病名: 既往としての左下肢急性動脈閉塞症 → ICD-10 では I743（下肢急性動脈閉塞症）。
3. 中心治療: 今回入院中に外科的再介入はないが、下肢血管エコー(D215)、心大血管疾患リハ(H000)、抗血小板薬・DOAC内服継続など、虚血性心疾患とともに血管病変全体の二次予防・リスク管理の一環として継続的資源投入。
・DPC疑義解釈では抜釘入院などで原骨折コードを主病名としうるが、本症例では下肢動脈閉塞それ自体に対する再手術・侵襲的処置は行っていないため、最資源投入病名としての相対的位置は低い。
・ただし下肢血管エコーやリハ、抗血栓療法調整など、一部資源はこの動脈閉塞既往に関連しており、閉塞性動脈疾患（DPC6 050170）としての主病名選択余地を完全には否定できないため、補助候補として保持する。",x,,分岐なし（xのみ）,,x,,分岐なし（xのみ）,,99,手術なし,,0,トリガーにマッチする処置コードなし,0,"処置等2=0: H000(心大血管疾患リハビリテーション料（１）（１単位）（理学療法士による場合）)[レセ電=180744210, 実施日=2026-06-01;2026-06-02;2026-06-03;2026-06-04;2026-06-05;2026-06-06;2026-06-07;2026-06-08;2026-06-09;2026-06-11;2026-06-12;2026-06-13;2026-06-14;2026-06-15;2026-06-16;2026-06-17]",0,トリガーに該当する副傷病なし,,x,重症度の分岐なし (全 x),,050170xx99000x,"入院期間I:3日/3695点
入院期間II:9日/2340点
入院期間III:30日/1989点","入院日数19日
入院期間I:3695×3日=11085
入院期間II:2340×6日=14040
入院期間III:1989×10日=19890
合計:45015",45015,rejected,点数が低い (差 5696),,,,,,,,,,,
5433913,2026-05-31,2026-06-18,ok,130.7,I208,労作性狭心症疑い（LAD中等度狭窄）,労作性狭心症,0.5,050050,狭心症、慢性虚血性心疾患,"1. 入院目的: 発熱・呼吸苦で搬送時に胸部圧迫感も自覚し、hsトロポニンI 962まで上昇、既往CCTAでLAD中等度狭窄を認めることから、『狭心症疑い』としてカテーテル精査・PCI予定の評価も今回入院の目的に含まれていた。
2. 主病名: 労作時胸部圧迫感を背景にした安定労作性狭心症疑い → ICD-10ではI208（労作性狭心症）が最も近似。
3. 中心治療: 心電図検査(D208)、NT-proBNP/心筋トロポニンI測定、心エコー(D215)、心大血管リハ(H000)、抗血小板薬（クロピドグレル追加、のちDOAC+DAPT, 退院前にアスピリン再導入）による薬物的介入、7/1 ad hoc PCI目的の再入院計画。
・肺炎・気胸のため予定された心カテ・PCIは実施されず、侵襲的資源は投入されなかったが、抗血小板療法の強化や心大血管リハ導入など、一定の医療資源が虚血性心疾患管理に向けられている。
・虚血性心疾患が今回入院時の『CS1心不全』や胸部圧迫感の一因である可能性も示唆されており、DPC6上は050050（狭心症、慢性虚血性心疾患）が候補となる。
・とはいえ、実際の入院中にPCIやカテーテル検査といった高コスト手技は行われておらず、肺炎・続発性気胸に比べると資源投入は相対的に少ないため、確率は中等度にとどめる。",x,,分岐なし（xのみ）,,x,,分岐なし（xのみ）,,99,手術なし,,0,トリガーにマッチする処置コードなし,0,トリガーにマッチする処置コードなし,x,副傷病の分岐なし,,0,"branch=0 numeric=0 label=他の病院・診療所の病棟からの転院以外 / 前医受診後に当院へ救急搬送されたが、「前医病棟からの転院」とは明記されておらず、外来からの救急搬送の可能性も高い。 (verifier 不整合あり, best-effort 採用: ['conclusion_label_mismatch'])",[2026-05-31]発熱、呼吸苦にて前医受診、CS1心不全の診断で硝酸薬開始。NPPV管理ベターとの判断だが病床都合で管理困難で搬送。; [2026-06-01]※かかりつけ/紹介元：済生会みすみ病院（Dr.）,050050xx9900x0,"入院期間I:2日/4271点
入院期間II:4日/2380点
入院期間III:30日/2023点","入院日数19日
入院期間I:4271×2日=8542
入院期間II:2380×2日=4760
入院期間III:2023×15日=30345
合計:43647",43647,rejected,点数が低い (差 7064),,,,,,,,,,,
5490711,2026-07-06,2026-07-13,ok,58.2,K922,S状結腸ポリープからの下部消化管出血,下部消化管出血,0.82,060130,食道、胃、十二指腸、他腸の炎症（その他良性疾患）,"1. 入院目的: 血便と貧血精査加療目的で入院し，下部消化管出血疑いとして評価された。
2. 主病名: 下部消化管出血疑い → 大腸内視鏡でS状結腸出血性ポリープを同定し，出血源として治療。
3. 中心治療: 高圧浣腸下での大腸内視鏡検査と内視鏡的大腸ポリープ・粘膜切除術（K721），輸液，モニタリング等。
- 血便・Hb低下に対する精査と止血が今回入院の主目的であり，実施されたK721はまさに下部消化管出血精査・治療のための内視鏡手技。
- ICD-10 K922（下部消化管出血／消化管出血）は，出血源がS状結腸ポリープと考えられる本症例に合致し，症状（血便）と貧血悪化の原因病態を包括できる。
- DPC6 060130（食道、胃、十二指腸、他腸の炎症（その他良性疾患））には消化管出血K922が含まれ，関連手術Kコードに大腸内視鏡的手技（K721と同じシリーズのK722等）が設定されており，本症例のK721と整合する群に属するため資源投入病名として妥当。
- 競合する『単純な大腸ポリープ（K635）』よりも，入院の直接契機・輸液やモニタリングの中心となったのは出血イベントそのものであり，本候補を優位に評価する。",x,,分岐なし（xのみ）,,x,,分岐なし（xのみ）,,97,その他の手術（1件のKコードが他パターンに非該当）,K721(内視鏡的大腸ポリープ・粘膜切除術（長径２センチメートル未満）),0,トリガーにマッチする処置コードなし,0,トリガーにマッチする処置コードなし,x,副傷病の分岐なし,,x,重症度の分岐なし (全 x),,060130xx9700xx,"入院期間I:5日/3228点
入院期間II:9日/2255点
入院期間III:30日/1917点","入院日数8日
入院期間I:3228×5日=16140
入院期間II:2255×3日=6765
合計:22905",22905,selected,,true,false,0.93,060130xx9700xx,060130xx9700xx,060130xx9700xx,1000,同点候補あり,入院目的は血便とHb低下の精査加療であり，内視鏡でS状結腸出血性ポリープを同定しK721にてEMR・止血している。資源投入の中心は出血源（S状結腸ポリープからの下部消化管出血）の検索治療で，貧血はその結果としての従属病態のため，DPC6=060130の候補0が妥当。,,
5490711,2026-07-06,2026-07-13,ok,58.2,K635,S状結腸ポリープ,Ｓ状結腸ポリープ,0.78,060100,小腸大腸の良性疾患（良性腫瘍を含む。）,"1. 入院目的: 血便・貧血の原因精査として下部消化管出血疑いで入院。
2. 主病名: 大腸内視鏡検査で出血性S状結腸ポリープを同定し，今回消化管出血の原因病変として評価。
3. 中心治療: K721 内視鏡的大腸ポリープ・粘膜切除術によるポリープ切除，術後モニタリングと輸液管理。
- 実際に行われた主要な侵襲的処置（K721）の直接対象はS状結腸ポリープであり，病変切除に相当の医療資源が投入されている。
- ICD-10 K635（Ｓ状結腸ポリープ）は内視鏡所見『S状結腸の10mmポリープ』に一致し，良性大腸ポリープとして妥当。
- DPC6 060100（小腸大腸の良性疾患）は，大腸ポリープに対する内視鏡的粘膜切除（K721, K722など）を手術分岐に含む群であり，本症例のK721と整合するため，最資源投入病名候補として十分成立する。
- 競合するK922（下部消化管出血）はイベント側の診断であり，病変そのものの治療（根治的意味合い）としてはポリープ切除が中心であるため，両者を並行候補として保持する。",x,,分岐なし（xのみ）,,x,,分岐なし（xのみ）,,97,その他の手術（1件のKコードが他パターンに非該当）,K721(内視鏡的大腸ポリープ・粘膜切除術（長径２センチメートル未満）),x,処置等1の分岐なし,x,処置等2の分岐なし,x,副傷病の分岐なし,,x,重症度の分岐なし (全 x),,060100xx97xxxx,"入院期間I:3日/3066点
入院期間II:6日/2179点
入院期間III:30日/1852点","入院日数8日
入院期間I:3066×3日=9198
入院期間II:2179×3日=6537
入院期間III:1852×2日=3704
合計:19439",19439,rejected,点数が低い (差 3466),,,,,,,,,,,
5490711,2026-07-06,2026-07-13,ok,58.2,D509,消化管出血に伴う貧血,鉄欠乏性貧血,0.55,130090,貧血（その他）,"1. 入院目的: Hb低下（7台→11→9台）と血便を背景にした貧血精査・加療も目的と記載されている。
2. 主病名: 長期にわたる消化管出血により鉄欠乏性貧血が疑われ，輸血や鉄剤投与による是正が既に行われている。
3. 中心治療: 過去からの輸血・鉄剤投与，今回入院中も血液検査・輸液・モニタリング等で貧血を評価・管理。
- 現病歴に『Hb7.3の貧血を認めていた』『輸血や鉄剤投与でHb11まで改善』『7/1頃からの血便持続とともにHb9まで低下』とあり，慢性的な出血性貧血として相応の医療資源が投下されている。
- ICD-10 D509（鉄欠乏性貧血）は，消化管からの慢性的な出血を背景とした貧血像に合致し，原因精査中の段階でも本態として妥当。
- DPC6 130090（貧血（その他））は輸血・血液検査・管理を主とする入院に対応する群であり，本症例でも貧血是正・評価が治療目標の一つであった点から，最資源投入病名候補として一定の位置づけがある。
- ただし今回の入院では貧血自体よりも，その原因となる消化管出血とポリープ治療により多くの資源が割かれているため，相対的な主病名としての可能性はやや低めに評価する。",x,,分岐なし（xのみ）,,x,,分岐なし（xのみ）,,97,その他の手術（1件のKコードが他パターンに非該当）,K721(内視鏡的大腸ポリープ・粘膜切除術（長径２センチメートル未満）),x,処置等1の分岐なし,0,トリガーにマッチする処置コードなし,x,副傷病の分岐なし,,x,重症度の分岐なし (全 x),,130090xx97x0xx,"入院期間I:4日/3362点
入院期間II:9日/2226点
入院期間III:30日/1892点","入院日数8日
入院期間I:3362×4日=13448
入院期間II:2226×4日=8904
合計:22352",22352,rejected,点数が低い (差 553),,,,,,,,,,,
5490711,2026-07-06,2026-07-13,ok,58.2,I693,心原性脳塞栓症後の廃用症候群・ADL低下,脳梗塞後遺症,0.45,010069,脳卒中の続発症,"1. 入院目的: 主たる目的は消化管出血精査であるが，ADL全介助・嚥下障害・高齢認知症など，心原性脳梗塞後の後遺状態としての管理も並行して必要。
2. 主病名: 2026/5にMCA領域に心原性脳梗塞を発症し，以後ADL全介助・摂食嚥下障害・転倒リスク高値・褥瘡リスクなど脳梗塞後遺症に伴う状態が継続。
3. 中心治療: 廃用症候群リハビリテーション（H001-21 等），早期リハ加算，摂食機能療法（H004）などリハ・嚥下訓練に相当の人的資源が投入されている。
- 今回入院中に実施された廃用リハや摂食機能療法は，直接には脳梗塞後遺症に伴うADL低下・嚥下障害に対する介入であり，消化管出血とは別軸の医療資源消費要因である。
- ICD-10 I693（脳梗塞後遺症）は，MCA領域心原性脳梗塞後の長期的後遺状態を表し，本症例のADL全介助・認知症を伴う状態像に合致する。
- DPC6 010069（脳卒中の続発症）は脳卒中後遺症に対するリハビリテーション入院などを含む群であり，本症例のH001系リハビリ・H004摂食機能療法との整合性が高い。
- 今回入院の主契機ではないものの，入院期間を通じて継続的にリハ・嚥下介入が行われており，これらにかかる資源投入は小さくないため，消化管出血関連病名と並ぶ補助的主傷病候補として保持する。",x,,分岐なし（xのみ）,,x,,分岐なし（xのみ）,,97,その他の手術（1件のKコードが他パターンに非該当）,K721(内視鏡的大腸ポリープ・粘膜切除術（長径２センチメートル未満）),x,処置等1の分岐なし,0,トリガーにマッチする処置コードなし,0,副傷病なし（AI/EF探索で該当なし）,,x,重症度の分岐なし (全 x),,010069xx97x00x,"入院期間I:5日/2884点
入院期間II:10日/2046点
入院期間III:30日/1739点","入院日数8日
入院期間I:2884×5日=14420
入院期間II:2046×3日=6138
合計:20558",20558,rejected,点数が低い (差 2347),,,,,,,,,,,
5557535,2026-07-23,2026-07-29,ok,67.1,I208,労作性狭心症（LAD#7慢性完全閉塞病変）,労作性狭心症,0.9,050050,狭心症、慢性虚血性心疾患,"1. 入院目的: 「PCI」「LAD CTOへのPCIを予定」と明記され，労作時胸痛を主訴として入院。
2. 主病名: 診断名として一貫して「＃労作性狭心症」が記載されており，LAD#7 100％狭窄による労作性狭心症としてI208を選択。
3. 中心治療: 経皮的冠動脈ステント留置術 K549（LAD#7 CTOに対するPCI），入院中の心拍・呼吸監視 D220，各種心筋マーカー・血液検査。
4. 慢性完全閉塞（CTO）病変に対する待機的PCIが今回入院の最大の医療資源投入イベントである。
5. ICD-10上，症候としては狭心症であり，背景病変の冠動脈慢性完全閉塞(I258)よりも，入院契機となった症状病名として労作性狭心症を主とみなすのが通常。
6. DPC6は050050で，対応Kコード群にK549が含まれており，EF記載のK549と完全に整合するため，DPC的にも主候補として妥当。
7. 近接候補のI251（冠動脈硬化性心疾患）やI258（冠動脈慢性完全閉塞）は同じDPC6に入るが，カルテ上の主病名表現が「労作性狭心症」である点で本候補を優先して保持。",x,,分岐なし（xのみ）,,x,,分岐なし（xのみ）,,97,その他の手術（2件のKコードが他パターンに非該当）,"K549(経皮的冠動脈ステント留置術（その他のもの）), K546(該当する病変（経皮的冠動脈ステント留置術（その他のもの））：イ　心臓カテーテル法における９０％以上の狭窄病変)",x,処置等1の分岐なし,0,トリガーにマッチする処置コードなし,x,副傷病の分岐なし,,x,重症度の分岐なし (全 x),,050050xx97x0xx,"入院期間I:3日/4085点
入院期間II:7日/2612点
入院期間III:30日/2220点","入院日数7日
入院期間I:4085×3日=12255
入院期間II:2612×4日=10448
合計:22703",22703,selected,,false,false,,050050xx97x0xx,,050050xx97x0xx,1000,同点候補なし,,,
5557535,2026-07-23,2026-07-29,ok,67.1,S701,みぎ大腿部皮下血腫（PCI穿刺部合併症）,大腿部皮下血腫,0.7,160660,皮下軟部損傷・挫滅損傷、開放創,"1. 入院目的: 当初はPCI目的だが，術後に右鼠径〜大腿部の皮下血腫が生じ，これに対する評価とフォローのため入院期間が延長された。
2. 主病名: SOAPで一貫して「＃みぎ大腿部皮下血腫」「＃みぎ浅大腿動脈出血の疑い」と記載され，部位を踏まえS701（大腿部皮下血腫）が最も整合的。
3. 中心治療: 連日の下肢血管エコー D215，造影CT E200/E203 による後腹膜血腫・動脈出血の除外，Hb等の連日検査，退院延期など観察・検査に相当の資源が投入。
4. 出血進行や仮性動脈瘤を疑い造影CTを複数回実施しており，短期入院ながらPCI後経過の大部分をこの合併症評価が占めている。
5. ICD-10としてT81系の一般術後合併症も考え得るが，カルテでは明確に局所皮下血腫として扱われ，部位特異的外傷コードS701がより具体的かつ4桁で適合する。
6. DPC6 160660は手術コードとの直接連関はないが，本症例では画像検査・採血・在院日数延長という形で資源投入が大きく，主病名候補として保持する意義がある。",x,,分岐なし（xのみ）,,x,,分岐なし（xのみ）,,xx,パターン xx,,0,トリガーにマッチする処置コードなし,0,トリガーにマッチする処置コードなし,0,副傷病なし（AI/EF探索で該当なし）,,x,重症度の分岐なし (全 x),,160660xxxx000x,"入院期間I:2日/3804点
入院期間II:7日/2159点
入院期間III:30日/1835点","入院日数7日
入院期間I:3804×2日=7608
入院期間II:2159×5日=10795
合計:18403",18403,rejected,点数が低い (差 4300),,,,,,,,,,,
5557535,2026-07-23,2026-07-29,ok,67.1,N183,慢性腎臓病ステージG3b,慢性腎臓病ステージＧ３ｂ,0.45,110280,慢性腎炎症候群・慢性間質性腎炎・慢性腎不全,"1. 入院目的: 直接の入院目的はPCIだが，既往として「慢性腎臓病（G3b）」が明記され，造影CT/PCI時の腎機能悪化リスクとして考慮されている。
2. 主病名: eGFR 40〜50 mL/min台，Cre 1.1〜1.2 mg/dL程度で推移し，「慢性腎臓病（G3b）」の記載からN183（CKDステージG3b）が最も近い。
3. 中心治療: 造影剤使用に伴う腎機能モニタリング目的で連日の腎機能検査（BUN, CRE, eGFR）が行われ，造影CTやPCI後の腎障害回避に留意した管理が行われている。
4. CKD自体に対する特別な腎代替療法や侵襲的処置は今回なく，資源投入の中心ではないが，造影検査・PCI戦略に影響し，日々の検査フォローの根拠となっている。
5. ICD-10コードN183はG3bを含むCKDステージG3として最も具体的に該当し，DPC6 110280にマッピングされるが，本入院の主目的は虚血性心疾患であるため，主傷病候補としては補助的な位置づけとする。",x,,分岐なし（xのみ）,,x,,分岐なし（xのみ）,,97,その他の手術（2件のKコードが他パターンに非該当）,"K549(経皮的冠動脈ステント留置術（その他のもの）), K546(該当する病変（経皮的冠動脈ステント留置術（その他のもの））：イ　心臓カテーテル法における９０％以上の狭窄病変)",x,処置等1の分岐なし,0,トリガーにマッチする処置コードなし,0,副傷病なし（AI/EF探索で該当なし）,,x,重症度の分岐なし (全 x),,110280xx97x00x,"入院期間I:6日/3004点
入院期間II:11日/2131点
入院期間III:30日/1811点","入院日数7日
入院期間I:3004×6日=18024
入院期間II:2131×1日=2131
合計:20155",20155,rejected,点数が低い (差 2548),,,,,,,,,,,
5557535,2026-07-23,2026-07-29,ok,67.1,I10,本態性高血圧症,本態性高血圧症,0.4,050140,高血圧性疾患,"1. 入院目的: 直接の目的はPCIだが，現病歴でBP 164/104 mmHgと高値であり，既往に「＃高血圧症」と記載されている。
2. 主病名: 特定の二次性高血圧の記載なく，長期服薬管理されていることから，本態性高血圧症(I10)が妥当と判断。
3. 中心治療: 入院中もエナラプリル・ビソプロロール等の降圧薬継続，周術期の循環動態管理として血圧コントロールが行われているが，専ら薬物継続であり新規侵襲的処置はない。
4. 高血圧は労作性狭心症・冠動脈硬化の危険因子であり，周術期の心拍・血圧管理（D220 監視）に資源が投下されている背景病態として意義はある。
5. ただし，今回入院で最も医療資源を直接消費したのはPCI対象の冠動脈病変であり，高血圧自体への追加介入は少ないため，主傷病候補としては補助的な位置づけにとどまる。",x,,分岐なし（xのみ）,,x,,分岐なし（xのみ）,,97,その他の手術（2件のKコードが他パターンに非該当）,"K549(経皮的冠動脈ステント留置術（その他のもの）), K546(該当する病変（経皮的冠動脈ステント留置術（その他のもの））：イ　心臓カテーテル法における９０％以上の狭窄病変)",x,処置等1の分岐なし,0,トリガーにマッチする処置コードなし,x,副傷病の分岐なし,,x,重症度の分岐なし (全 x),,050140xx97x0xx,"入院期間I:7日/3171点
入院期間II:15日/2216点
入院期間III:60日/1884点","入院日数7日
入院期間I:3171×7日=22197
合計:22197",22197,rejected,点数が低い (差 506),,,,,,,,,,,
5565188,2026-05-30,2026-06-06,ok,63.5,K803,総胆管結石性胆管炎,総胆管結石性胆管炎,0.82,060340,胆管（肝内外）結石、胆管炎,"1. 入院目的: 嘔吐と肝胆道系酵素・ビリルビン上昇に対して「総胆管結石性胆管炎疑い」で紹介・緊急入院。
2. 主病名: カルテ診断名「総胆管結石性胆管炎」より、胆管結石による急性胆管炎として K803 を選択。
3. 中心治療: 緊急ERCP施行、乳頭切開(EST)、胆管造影・バルーンクリーニング、胆道ステント留置(K688)、点滴静注、胆汁・血液培養などの集中的治療。
- 入院経過全体で胆管炎の治療と胆道ドレナージが主題であり、検査・処置・画像診断・リハビリもこの急性発症に伴う管理として実施。
- MRCPで乳頭部に結石疑う透亮像があり、過去にも結石除去歴があることから、胆管炎の原因として総胆管結石を想定した診断名が一貫して用いられている。
- ERCP時に明らかな結石排出は確認されていないが、閉塞性パターンの肝胆道系酵素・黄疸と画像所見から臨床的には結石性胆管炎として治療されており、入院中の資源投入はこの診断に基づく。
- ICD-10 K803（総胆管結石性胆管炎）は、結石を伴う急性胆管炎の病像に合致し、DPC6「060340 胆管（肝内外）結石、胆管炎」と対応し、実施KコードK688（内視鏡的胆道ステント留置術）が同DPC群の手術コードリストに含まれており整合する。
- 近接候補のK830（急性胆管炎、結石明示なし）に比べ、カルテ上「総胆管結石性」と明記されているため、資源投入の対象病名としてはこちらを主候補とする。",x,,分岐なし（xのみ）,,x,,分岐なし（xのみ）,,03,パターン 03（必須Kコード 1 マッチ）,K688(内視鏡的胆道ステント留置術),x,処置等1の分岐なし,0,トリガーにマッチする処置コードなし,0,副傷病なし（AI/EF探索で該当なし）,,x,重症度の分岐なし (全 x),,060340xx03x00x,"入院期間I:4日/3233点
入院期間II:7日/2294点
入院期間III:30日/1950点","入院日数8日
入院期間I:3233×4日=12932
入院期間II:2294×3日=6882
入院期間III:1950×1日=1950
合計:21764",21764,selected,,,,,,,,,,,,
5621102,2026-06-18,2026-06-29,ok,79.5,T821,植込型除細動器電池消耗によるICD不全,植込型除細動器電池消耗,0.9,050210,徐脈性不整脈,"1. 入院目的: 「ICD交換」「ICDバッテリー消耗 EOS、デバイスチェックにて不適切作動のため緊急入院」と明記されている。
2. 主病名: カルテ上の「ICDバッテリー消耗 EOS」→ 心臓電子機器の機械的合併症として T821（植込型除細動器電池消耗）が最も適合。
3. 中心治療: K599-22 植込型除細動器交換術、ICD設定変更、入院中の心拍監視・検査一式が本病態を是正するために行われている。
- ICD不適切作動とEOSに対し緊急入院しており、今回入院の資源投入（手術・モニタリング・検査）の直接原因。
- T821 は心臓電子器具の機械的合併症であり、上室頻拍に対する不適切作動＋電池消耗の状況に整合。
- DPC6 050210「徐脈性不整脈」に K599-22（ICD交換術）が必須Kとして含まれており、EFのKコードと完全に一致するため、今回入院の DPC 分類との整合性が高い。
- 近接候補として基礎疾患の慢性心不全（I500系）もあるが、今回入院で実際に手術が行われたのはICD機器異常であり、資源投入の主因は本候補と判断できる。",x,,分岐なし（xのみ）,,x,,分岐なし（xのみ）,,97,その他の手術（1件のKコードが他パターンに非該当）,K599-22(植込型除細動器交換術（その他のもの）),0,トリガーにマッチする処置コードなし,0,トリガーにマッチする処置コードなし,x,副傷病の分岐なし,,x,重症度の分岐なし (全 x),,050210xx9700xx,"入院期間I:4日/3063点
入院期間II:9日/2173点
入院期間III:30日/1847点","入院日数12日
入院期間I:3063×4日=12252
入院期間II:2173×5日=10865
入院期間III:1847×3日=5541
合計:28658",28658,rejected,点数が低い (差 6394),,,,,,,,,,,
5621102,2026-06-18,2026-06-29,ok,79.5,I500,慢性うっ血性心不全（HFrEF）,慢性うっ血性心不全,0.7,050130,心不全,"1. 入院目的: 直接の目的はICD交換だが、既往歴・現病歴で長期にわたる心不全（EF低下、複数回の心不全入院）が詳細に記載され、心不全が基礎病態として重要である。
2. 主病名: 「慢性心不全 HFrEF」と診断名に明記されており、EF低下を伴う慢性うっ血性心不全として I500 が妥当。
3. 中心治療: 心大血管疾患リハビリテーション（H000）、NT-proBNP/BNP測定、心エコーなど心不全管理関連の評価・リハが行われている。
- 心不全はICD植込み・ICD依存に至った背景疾患であり、今回入院中も心機能評価とリハビリが行われているため、入院資源の一部が本病態に投下されている。
- ただし今回の主要侵襲的手技はICD交換であり、心不全増悪や集中治療の記載はなく、""最""資源投入の中心は機器合併症側と考えられるが、長期的管理資源の観点から候補として維持する。
- I500 は DPC6 050130「心不全」に対応し、心大血管リハや各種心不全関連Kコードと整合する。今回EFに心不全手術Kはないが、慢性管理目的入院としての側面を反映しうる。",x,,分岐なし（xのみ）,,x,,分岐なし（xのみ）,,97,その他の手術（1件のKコードが他パターンに非該当）,K599-22(植込型除細動器交換術（その他のもの）),0,トリガーにマッチする処置コードなし,0,"処置等2=0: H000(心大血管疾患リハビリテーション料（１）（１単位）（理学療法士による場合）)[レセ電=180744210, 実施日=2026-06-23]",0,副傷病なし（AI/EF探索で該当なし）,,x,重症度の分岐なし (全 x),,050130xx97000x,"入院期間I:9日/3140点
入院期間II:18日/2264点
入院期間III:60日/1924点","入院日数12日
入院期間I:3140×9日=28260
入院期間II:2264×3日=6792
合計:35052",35052,selected,,true,false,0.72,050130xx97000x,050130xx97000x,050130xx97000x,1000,同点候補あり,入院目的は「ICD交換」であり，実際にK599-22が施行されICD関連が医療資源投入の中心。ただし候補にICD不全／機器合併症T821はなく，残るのは心不全と弁膜症。既往歴・現病歴では長期にわたる心不全管理と複数回の心不全入院が詳細に記載され，心大血管リハ等も心不全管理として実施されている。一方TRは背景因子で本入院での直接介入なし。したがって本入院の基礎病態かつ資源投入の中心病名としてI500（DPC6=050130）を主病名とする候補0が妥当。,,
5621102,2026-06-18,2026-06-29,ok,79.5,I361,非リウマチ性三尖弁閉鎖不全症（重症TR）,非リウマチ性三尖弁閉鎖不全症,0.55,050080,弁膜症（連合弁膜症を含む。）,"1. 入院目的: 直接の目的はICD交換だが、現病歴に「＃重症TR」と明記されており、重症三尖弁閉鎖不全が重要な併存疾患として位置づけられている。
2. 主病名: 「重症TR」「重症三尖弁閉鎖不全」との記載から、リウマチ性の記載なく、I361（非リウマチ性三尖弁閉鎖不全症）が適合。
3. 中心治療: 今回入院では弁への外科的介入は行われていないが、三尖弁逆流は心不全・ICD治療戦略や心大血管リハの適応を規定する重要病態であり、リハや心機能評価に資源が投下されている可能性が高い。
- 既往にMitraClipやCABG+MVP+TAP検討歴があり、重症弁膜症がこれまでの治療全体の中心病態の一つであった。
- 今回のK599-22は直接はICD合併症に対応するが、重症TR/弁膜症が存在することによりリスク評価・モニタリング・リハ内容が規定され、入院管理の重要な背景疾患であるため候補に含める。
- I361 は DPC6 050080「弁膜症」に対応し、心臓手術K群やICD関連Kとも同じ循環器領域で整合性を持つ。",x,,分岐なし（xのみ）,,x,,分岐なし（xのみ）,,97,その他の手術（1件のKコードが他パターンに非該当）,K599-22(植込型除細動器交換術（その他のもの）),x,処置等1の分岐なし,0,トリガーにマッチする処置コードなし,x,副傷病の分岐なし,,x,重症度の分岐なし (全 x),,050080xx97x0xx,"入院期間I:7日/3272点
入院期間II:17日/2331点
入院期間III:60日/1981点","入院日数12日
入院期間I:3272×7日=22904
入院期間II:2331×5日=11655
合計:34559",34559,rejected,点数が低い (差 493),,,,,,,,,,,
5621102,2026-06-18,2026-06-29,ok,79.5,I482,慢性心房細動,慢性心房細動,0.5,050070,頻脈性不整脈,"1. 入院目的: ICD交換目的入院だが、トリガーは「上室性頻拍に対するICD不適切作動」であり、基礎にある心房細動/AFLが機器作動異常の原因となっている。
2. 主病名: 既往歴に持続するAF/AFLとRFCA歴があり、初診時 ECG でもAF 115bpm と記載されていることから、慢性あるいは永続性心房細動として I482 が適切。
3. 中心治療: AFに対する薬剤調整がプランに挙げられ、心電図監視（D220）、抗凝固・レートコントロール調整などが行われていると推定される。
- AFはICD不適切作動の直接誘因であり、本入院の契機となった不整脈イベントに対して薬物調整という医療資源が投入されているため、頻脈性不整脈として独立候補となりうる。
- I482 は DPC6 050070「頻脈性不整脈」に対応し、上室頻拍・AFに対する薬物治療や将来的なアブレーションKコードと整合。
- ただし、今回の侵襲的処置はあくまでICD交換であり、AF自体へのカテーテルアブレーション等は行われていないため、ICD合併症候補よりは一段劣るが、原因病態として候補に残す。",x,,分岐なし（xのみ）,,x,,分岐なし（xのみ）,,97,その他の手術（1件のKコードが他パターンに非該当）,K599-22(植込型除細動器交換術（その他のもの）),0,トリガーにマッチする処置コードなし,0,トリガーにマッチする処置コードなし,x,副傷病の分岐なし,,x,重症度の分岐なし (全 x),,050070xx9700xx,"入院期間I:5日/3160点
入院期間II:9日/2242点
入院期間III:30日/1905点","入院日数12日
入院期間I:3160×5日=15800
入院期間II:2242×4日=8968
入院期間III:1905×3日=5715
合計:30483",30483,rejected,点数が低い (差 4569),,,,,,,,,,,
5621102,2026-06-18,2026-06-29,ok,79.5,N189,慢性腎臓病,慢性腎臓病,0.4,110280,慢性腎炎症候群・慢性間質性腎炎・慢性腎不全,"1. 入院目的: 主要目的はICD交換だが、診断名に「慢性腎臓病」が挙げられており、周術期管理・造影剤使用歴などから腎機能管理が重要となる背景疾患である。
2. 主病名: ステージ記載はないため、詳細不明の慢性腎臓病として N189 を選択。
3. 中心治療: 周術期の電解質（Na, K, Cl）・BUN・Crなど腎機能関連の詳細な血液化学検査が複数回行われており、腎機能評価・水分管理に一定の資源が投入されている。
- 2022年に低K血症・CAVB・QT延長での入院歴があり、腎機能と電解質異常が重篤な不整脈やショックの誘因となった既往があるため、今回入院でも腎機能管理が重要と考えられる。
- EF上、多項目血液化学・電解質検査が連日のように実施されている点からも、CKDは入院管理の重要な軸の一つで、場合によっては心不全や不整脈と同程度のモニタリング資源を要しうる。
- N189 は DPC6 110280 に対応し、腎・泌尿器疾患として独立したDPC6を持つが、今回の主要K599-22とは直接は結びつかないため、主候補群の中では優先度は低めとした。",x,,分岐なし（xのみ）,,x,,分岐なし（xのみ）,,97,その他の手術（1件のKコードが他パターンに非該当）,K599-22(植込型除細動器交換術（その他のもの）),x,処置等1の分岐なし,0,トリガーにマッチする処置コードなし,0,副傷病なし（AI/EF探索で該当なし）,,x,重症度の分岐なし (全 x),,110280xx97x00x,"入院期間I:6日/3004点
入院期間II:11日/2131点
入院期間III:30日/1811点","入院日数12日
入院期間I:3004×6日=18024
入院期間II:2131×5日=10655
入院期間III:1811×1日=1811
合計:30490",30490,rejected,点数が低い (差 4562),,,,,,,,,,,
5636254,2026-06-08,2026-06-21,ok,39.0,I211,右室梗塞を伴う下壁ST上昇型急性心筋梗塞,急性下壁心筋梗塞,0.95,050030,急性心筋梗塞（続発性合併症を含む。）、再発性心筋梗塞,"1. 入院目的: 畑仕事中の胸痛とショック・CAVB を伴うST上昇型心筋梗塞に対する緊急加療目的で入院。
2. 主病名: カルテで一貫して「ST上昇型急性心筋梗塞（下壁）」と記載され、右室梗塞合併と明記されているため、部位特異的コード I211（急性下壁心筋梗塞）を採用。
3. 中心治療: K546 による急性心筋梗塞に対するprimary PCI、t-PM留置、集中モニタリング、心大血管疾患リハビリ等、多数の検査・処置が本疾患に紐づく。
・ショック（sBP60台）とCAVBを伴う重症ACSとしてICUレベル管理と一連の検査・リハビリが行われており、入院全体の医療資源の中心。
・search結果でI211は下壁STEMIを最もよく反映し、DPC6は050030で、EFのK546（急性心筋梗塞に対するPCI）と完全一致しDPCマッピングも整合する。
・右室梗塞は同一責任血管RCA領域の一部として理解でき、急性心筋梗塞コード内で包括されるため、別ICDに分けず主病名としてこのコードに集約するのが実務的。",x,,分岐なし（xのみ）,,x,,分岐なし（xのみ）,,97,その他の手術（1件のKコードが他パターンに非該当）,K546(経皮的冠動脈形成術（急性心筋梗塞に対するもの）),x,処置等1の分岐なし,0,"処置等2=0: H000(心大血管疾患リハビリテーション料（１）（１単位）（看護師による場合）)[レセ電=180744510, 実施日=2026-06-12;2026-06-13;2026-06-14;2026-06-15;2026-06-16;2026-06-17;2026-06-18;2026-06-19], H000(心大血管疾患リハビリテーション料（１）（１単位）（集団療法による場合）)[レセ電=180744610, 実施日=2026-06-13;2026-06-14;2026-06-15;2026-06-16;2026-06-17;2026-06-20]",x,副傷病の分岐なし,,x,重症度の分岐なし (全 x),,050030xx97x0xx,"入院期間I:3日/4151点
入院期間II:12日/2457点
入院期間III:60日/2088点","入院日数14日
入院期間I:4151×3日=12453
入院期間II:2457×9日=22113
入院期間III:2088×2日=4176
合計:38742",38742,selected,,false,false,,050030xx97x0xx,,050030xx97x0xx,1000,同点候補なし,,,
5636254,2026-06-08,2026-06-21,ok,39.0,I442,完全房室ブロック（急性心筋梗塞に伴う）,完全房室ブロック,0.7,050210,徐脈性不整脈,"1. 入院目的: STEMIショック状態の背景として来院時HR30台のCAVBが強調され、循環破綻の主要因の一つとして扱われている。
2. 主病名: カルテで「完全房室ブロック」「CAVB」と一貫記載され、急性心筋梗塞に伴発した高度徐脈性不整脈としてI442が適合。
3. 中心治療: temporaryペースメーカー留置、昇圧・モニタリングなど、救急搬送直後の集中治療の焦点の一つ。
・ショック（sBP60台、HR30台）を引き起こしICUレベル管理を要した病態であり、初期数日の医療資源（t-PM、モニタリング、酸素、ガス分析等）の主要な原因。
・search結果ではI442→DPC6:050210（徐脈性不整脈）で、t-PMは必須Kとしては出ないが、徐脈性不整脈の典型的治療内容として整合性が高い。
・PCI後に改善しているものの、入院初期の重症度と資源集中の中心病態であり、主傷病候補として保持する価値が高い。",x,,分岐なし（xのみ）,,x,,分岐なし（xのみ）,,97,その他の手術（1件のKコードが他パターンに非該当）,K546(経皮的冠動脈形成術（急性心筋梗塞に対するもの）),0,トリガーにマッチする処置コードなし,0,トリガーにマッチする処置コードなし,x,副傷病の分岐なし,,x,重症度の分岐なし (全 x),,050210xx9700xx,"入院期間I:4日/3063点
入院期間II:9日/2173点
入院期間III:30日/1847点","入院日数14日
入院期間I:3063×4日=12252
入院期間II:2173×5日=10865
入院期間III:1847×5日=9235
合計:32352",32352,rejected,点数が低い (差 6390),,,,,,,,,,,
5636254,2026-06-08,2026-06-21,ok,39.0,I480,発作性心房細動,発作性心房細動,0.55,050070,頻脈性不整脈,"1. 入院目的: 初期の目的はSTEMI治療だが、経過中に新規発症の発作性心房細動がHolterで確認され、退院後も含めた長期リスク管理の重要テーマとなっている。
2. 主病名: カルテで「＃発作性心房細動」「PAFの検出あり」と記載され、頻脈性不整脈としてI480が該当。
3. 中心治療: 新規にリクシアナ（DOAC）を導入し、エフィエントとの併用による抗血栓療法設計など、検査（Holter ECG）と薬物管理に医療資源が投下されている。
・ACS急性期にAfを認め、その後もPAC頻発・Holter評価などモニタリングと治療方針検討が継続しており、入院中に新たに診断・治療された重要合併症。
・search結果でI480→DPC6:050070（頻脈性不整脈）とマッピングされるが、今回入院ではカテアブレーション等のKコードはなく、主な資源は検査と薬物調整で、STEMI/PCIに比べれば相対的に少ない。
・それでも抗凝固導入と長期管理に直結する新規診断であり、条件次第では主傷病候補となりうるため補強候補として残す。",x,,分岐なし（xのみ）,,x,,分岐なし（xのみ）,,97,その他の手術（1件のKコードが他パターンに非該当）,K546(経皮的冠動脈形成術（急性心筋梗塞に対するもの）),0,トリガーにマッチする処置コードなし,0,トリガーにマッチする処置コードなし,x,副傷病の分岐なし,,x,重症度の分岐なし (全 x),,050070xx9700xx,"入院期間I:5日/3160点
入院期間II:9日/2242点
入院期間III:30日/1905点","入院日数14日
入院期間I:3160×5日=15800
入院期間II:2242×4日=8968
入院期間III:1905×5日=9525
合計:34293",34293,rejected,点数が低い (差 4449),,,,,,,,,,,
5636254,2026-06-08,2026-06-21,ok,39.0,I10,本態性高血圧症,本態性高血圧症,0.45,050140,高血圧性疾患,"1. 入院目的: 直接の入院目的ではないが、STEMIの背景リスクとして途中から「高血圧症」と明記され、ARNI導入など治療・調整が行われている。
2. 主病名: 二次性の記載なく単に「高血圧症」とされており、search結果からI10（本態性高血圧症）が妥当。
3. 中心治療: ARNI開始、血圧モニタリング、心血管リスク管理としての薬物療法調整。
・急性期治療の主軸はSTEMIであるが、高血圧は今後の再発予防や心血管リスク管理のために入院中から積極的に治療開始されており、一定の医療資源（薬剤導入・教育・モニタリング）が投入されている。
・DPC6は050140（高血圧性疾患）で、PCI用Kコードは紐づかないため今回入院の主たるKコードとは直接は整合しないが、リスク管理目的の治療対象疾患として主傷病候補に挙げうる境界的ケースとして保持する。",x,,分岐なし（xのみ）,,x,,分岐なし（xのみ）,,97,その他の手術（1件のKコードが他パターンに非該当）,K546(経皮的冠動脈形成術（急性心筋梗塞に対するもの）),x,処置等1の分岐なし,0,トリガーにマッチする処置コードなし,x,副傷病の分岐なし,,x,重症度の分岐なし (全 x),,050140xx97x0xx,"入院期間I:7日/3171点
入院期間II:15日/2216点
入院期間III:60日/1884点","入院日数14日
入院期間I:3171×7日=22197
入院期間II:2216×7日=15512
合計:37709",37709,rejected,点数が低い (差 1033),,,,,,,,,,,
5636254,2026-06-08,2026-06-21,ok,39.0,E785,脂質異常症,脂質異常症,0.4,100300,代謝性疾患（糖尿病を除く。）,"1. 入院目的: 直接の入院契機ではないが、STEMIの背景危険因子として途中から「脂質異常症」と診断されている。
2. 主病名: カルテ上「脂質異常症」と明記され、search結果からE785（脂質異常症）が最も適切。
3. 中心治療: スタチン等の脂質低下療法導入・調整（カルテ詳細記載はないがACS標準治療として前提）、リスク管理指導。
・心筋梗塞の危険因子としての位置づけであり、検査・薬物療法・生活指導など一定の資源は投下されるが、侵襲的処置の対象ではない。
・DPC6は100300（代謝性疾患（糖尿病を除く。））となり、今回のPCI用Kコードとは直接連動しないため主傷病としては弱いが、リスク因子として診断され入院中に管理が始まった慢性疾患として補助的候補になりうる。
・STEMIと比べ資源投入量は明らかに少ないため、primary_likelihoodは低く設定するが、背景疾患としての候補を残す。",x,,分岐なし（xのみ）,,x,,分岐なし（xのみ）,,xx,パターン xx,,x,処置等1の分岐なし,0,トリガーにマッチする処置コードなし,x,副傷病の分岐なし,,x,重症度の分岐なし (全 x),,100300xxxxx0xx,,14日 包括対象外,,rejected,包括対象外,,,,,,,,,,,
5658298,2026-06-30,2026-07-04,ok,48.1,I256,左前下行枝(LAD)重症狭窄による無症候性心筋虚血,無症候性心筋虚血,0.9,050050,狭心症、慢性虚血性心疾患,"1. 入院目的: 「無症候性心筋虚血に対する治療介入目的」「今回、LADに対する治療介入目的に6/30に入院」と明記。
2. 主病名: LAD Seg.7 FFR 0.62 の有意狭窄に伴う無症候性心筋虚血 → I256 無症候性心筋虚血。
3. 中心治療: 2026/7/1 にK549+K546に該当するLAD Seg.6jp-7への経皮的冠動脈ステント留置術(PCI)を施行。
4. 入院中で唯一の侵襲的治療(PCI)の直接対象であり、医療資源投入の中心はこの残存LAD病変の治療にある。
5. I256 はDPC6「050050 狭心症、慢性虚血性心疾患」となり、同DPC6にK549/K546が多数紐づいており、EFのKコードと完全に整合する。
6. 直近のNSTEMIイベント(6/3)は前入院の急性期治療であり、今回入院期間中の資源投入は慢性期の残存狭窄(無症候性虚血)への計画的PCIが中心である点から、本候補を最資源投入病名として強く支持できる。",x,,分岐なし（xのみ）,,x,,分岐なし（xのみ）,,97,その他の手術（2件のKコードが他パターンに非該当）,"K549(経皮的冠動脈ステント留置術（その他のもの）), K546(該当する病変（経皮的冠動脈ステント留置術（その他のもの））：イ　心臓カテーテル法における９０％以上の狭窄病変)",x,処置等1の分岐なし,0,トリガーにマッチする処置コードなし,x,副傷病の分岐なし,,x,重症度の分岐なし (全 x),,050050xx97x0xx,"入院期間I:3日/4085点
入院期間II:7日/2612点
入院期間III:30日/2220点","入院日数5日
入院期間I:4085×3日=12255
入院期間II:2612×2日=5224
合計:17479",17479,selected,,true,false,0.93,050050xx97x0xx,050050xx97x0xx,050050xx97x0xx,1000,同点候補あり,入院目的は「無症候性心筋虚血（LADに対する治療介入）」と明記され、実際に本入院中のK549+K546によるPCIのターゲットもLAD Seg.6-7病変である。6/3 NSTEMIは前回入院急性期イベントであり今回入院の医療資源投入の中心ではないため、DPC6=050050のI256を主病名とする候補0が最も妥当。,,
5658298,2026-06-30,2026-07-04,ok,48.1,I219,非ST上昇型急性心筋梗塞（NSTEMI）,非ＳＴ上昇型心筋梗塞,0.55,050030,急性心筋梗塞（続発性合併症を含む。）、再発性心筋梗塞,"1. 入院目的: 6/2-6/3のNSTEMI発症時にadhoc PCI目的で当院へ救急搬送・入院し治療介入(同一施設内の前回入院)。
2. 主病名: 「非ST上昇型急性心筋梗塞（NSTEMI）」と明記され、RCA ISR病変へのPCI施行 → I219 非ST上昇型心筋梗塞。
3. 中心治療: NSTEMI急性期にはRCA Seg.3 ISRに対するPCI(DCB+ステント)が行われ、心筋酵素上昇やモニタリングなど急性冠症候群として相応の医療資源が投入されている。
4. 今回のDPC入院期間(6/30-7/4)とは別入院の可能性が高いが、6/3 NSTEMIで多大な医療資源が投入されており、DPC設計上同一入院エピソードとして扱われる運用の場合には最資源投入病名候補となり得る。
5. I219はDPC6「050030 急性心筋梗塞」に対応し、同DPC6にもK549系PCIが多数紐づいており、RCA ISRへのPCIと整合する。
6. ただし今回の再入院はLAD残存狭窄の計画的PCIであり、急性期NSTEMIイベントは時間的に前であるため、本候補はI256/I251と比べ相対的に主病名となる可能性はやや低めと評価する。",x,,分岐なし（xのみ）,,x,,分岐なし（xのみ）,,97,その他の手術（2件のKコードが他パターンに非該当）,"K549(経皮的冠動脈ステント留置術（その他のもの）), K546(該当する病変（経皮的冠動脈ステント留置術（その他のもの））：イ　心臓カテーテル法における９０％以上の狭窄病変)",x,処置等1の分岐なし,0,トリガーにマッチする処置コードなし,x,副傷病の分岐なし,,x,重症度の分岐なし (全 x),,050030xx97x0xx,"入院期間I:3日/4151点
入院期間II:12日/2457点
入院期間III:60日/2088点","入院日数5日
入院期間I:4151×3日=12453
入院期間II:2457×2日=4914
合計:17367",17367,rejected,点数が低い (差 112),,,,,,,,,,,
5658298,2026-06-30,2026-07-04,ok,48.1,I10,本態性高血圧症,高血圧症,0.45,050140,高血圧性疾患,"1. 入院目的: 高血圧自体は入院目的ではなく、冠動脈疾患の危険因子・併存症として管理されている。
2. 主病名: 既往歴および診断名として「高血圧症」と記載され、二次性の記載なく本態性高血圧症と解釈 → I10 高血圧症。
3. 中心治療: 血圧コントロール・モニタリング(呼吸心拍監視D220)、血液検査等が行われるが、侵襲的治療の直接対象ではない。
4. 冠動脈疾患の長期経過やPCI方針決定に影響する重要な背景疾患ではあるものの、今回入院中の最大資源はPCIであり、その対象は虚血性心疾患であるため、本態性高血圧症単独を最資源投入病名とする根拠は弱い。
5. それでも循環器DPCでは高血圧性疾患DPC(050140)が選択されるケースもあり得るため、補助的候補として保持する。EF上の検査・モニタリング(D220, D007群)との一般的な整合性はある。",x,,分岐なし（xのみ）,,x,,分岐なし（xのみ）,,97,その他の手術（2件のKコードが他パターンに非該当）,"K549(経皮的冠動脈ステント留置術（その他のもの）), K546(該当する病変（経皮的冠動脈ステント留置術（その他のもの））：イ　心臓カテーテル法における９０％以上の狭窄病変)",x,処置等1の分岐なし,0,トリガーにマッチする処置コードなし,x,副傷病の分岐なし,,x,重症度の分岐なし (全 x),,050140xx97x0xx,"入院期間I:7日/3171点
入院期間II:15日/2216点
入院期間III:60日/1884点","入院日数5日
入院期間I:3171×5日=15855
合計:15855",15855,rejected,点数が低い (差 1624),,,,,,,,,,,
5658298,2026-06-30,2026-07-04,ok,48.1,E119,２型糖尿病（糖尿病性合併症なし）,２型糖尿病・糖尿病性合併症なし,0.4,10007x,２型糖尿病（糖尿病性ケトアシドーシスを除く。）,"1. 入院目的: 糖尿病自体は入院目的ではなく、虚血性心疾患の危険因子・併存症として治療調整(リベルサス増量)が行われている。
2. 主病名: 「2型糖尿病（HbA1c：7.4%）」と明記され、明らかな合併症記載なし → E119 ２型糖尿病・糖尿病性合併症なし。
3. 中心治療: 経口血糖降下薬(リベルサス)の増量と血糖・生化学検査(D007群)によるコントロール評価が行われているが、PCI等の高額処置の直接対象ではない。
4. 糖尿病管理も入院中に一定の医療資源(検査・内服調整)を要するが、総量としてはPCIを要する冠動脈虚血病変に比べ小さく、最資源投入病名の主候補とはなりにくい。
5. ただし虚血性心疾患の背景疾患としてDPC区分に影響しうるため、補助候補として保持する。",x,,分岐なし（xのみ）,,x,,分岐なし（xのみ）,,xx,パターン xx,,x,処置等1の分岐なし,0,トリガーにマッチする処置コードなし,x,副傷病の分岐なし,,x,重症度の分岐なし (全 x),,10007xxxxxx0xx,"入院期間I:5日/2868点
入院期間II:9日/2035点
入院期間III:30日/1729点","入院日数5日
入院期間I:2868×5日=14340
合計:14340",14340,rejected,点数が低い (差 3139),,,,,,,,,,,
5717371,2026-06-28,2026-07-03,ok,45.1,I48.9,非通常型心房粗動（peri-mitral／biatrial）,心房粗動,0.86,050070,頻脈性不整脈,"1. 入院目的: 繰り返す心房粗動発作（非通常型AFL, peri-mitral＋biatrial）に対する全身麻酔下カテーテルアブレーション目的で入院。
2. 主病名: 非通常型心房粗動 → I48.9（心房粗動）。
3. 中心治療: 経皮的カテーテル心筋焼灼術（K595）＋閉鎖循環式全身麻酔（L008）、術中・術後の心電図／心拍監視（D208, D220）など。
- 繰り返すAFLに対し、今回入院の最大イベントは6/29のRFアブレーション（mitral isthmus line等作成）であり、K595を伴う高侵襲心臓カテーテル治療の直接対象がAFL。
- 既往としてAF/AFLアブレーション歴が複数回あり、今回も「2026/6/29 mitral ithmus line」と明記され、AFL停止を目的とした治療が入院資源の中心となっている。
- I48.9（心房粗動）はsearch結果でDPC6=050070（頻脈性不整脈）に対応し、その手術Kコード群にK5951/5952が含まれ、EF記載のK595と完全整合。
- 心房細動や洞不全症候群も背景として存在するが、今回入院の主たる手術対象病態は非通常型AFLと読めるため、本候補を最資源投入病名として強く候補視する。",x,,分岐なし（xのみ）,,x,,分岐なし（xのみ）,,97,その他の手術（1件のKコードが他パターンに非該当）,K595(経皮的カテーテル心筋焼灼術（心房中隔穿刺又は心外膜アプローチを伴うもの）),0,トリガーにマッチする処置コードなし,0,トリガーにマッチする処置コードなし,x,副傷病の分岐なし,,x,重症度の分岐なし (全 x),,050070xx9700xx,"入院期間I:5日/3160点
入院期間II:9日/2242点
入院期間III:30日/1905点","入院日数6日
入院期間I:3160×5日=15800
入院期間II:2242×1日=2242
合計:18042",18042,selected,,false,false,,050070xx9700xx,,050070xx9700xx,1000,同点候補なし,,,
5717371,2026-06-28,2026-07-03,ok,45.1,I49.5,洞不全症候群（頻回pauseを伴う）,洞不全症候群,0.65,050210,徐脈性不整脈,"1. 入院目的: 主としてAF/AFLのアブレーション目的だが、既往にワソラン内服で高度徐脈歴があり、洞機能不全やペースメーカー適応も検討対象となっていた。
2. 主病名: 洞不全症候群 → I49.5（洞不全症候群）。
3. 中心治療: 術後夜間に再発後、洞調律復帰後も頻回pauseがあり、心電図・心拍監視（D208, D220）下で徐脈性イベントを評価・管理。
- SOAP_Aに「＃洞不全症候群」と独立した診断項目として記載され、術前から抗不整脈薬追加を控える要因となっており、臨床的に重要な併存病態。
- 記載に「洞調律に復帰後も頻回のpauseあり」とあり、今回入院中にも洞不全に関連する徐脈性イベントが観察され、心拍監視D220などの資源投入が行われている。
- I49.5はDPC6=050210（徐脈性不整脈）に対応し、本来はペースメーカー植込み等（K5522/5523）と強く連動するが、今回はK595のみでペースメーカー手術は行われていないため、主候補としてはAFL/AFよりは一段劣る。
- それでも徐脈性不整脈が治療戦略・薬剤選択に大きく影響しており、今回入院中もモニタリング資源が投下されているため、最資源投入病名のサブ候補として保持する。",x,,分岐なし（xのみ）,,x,,分岐なし（xのみ）,,97,その他の手術（1件のKコードが他パターンに非該当）,K595(経皮的カテーテル心筋焼灼術（心房中隔穿刺又は心外膜アプローチを伴うもの）),0,トリガーにマッチする処置コードなし,0,トリガーにマッチする処置コードなし,x,副傷病の分岐なし,,x,重症度の分岐なし (全 x),,050210xx9700xx,"入院期間I:4日/3063点
入院期間II:9日/2173点
入院期間III:30日/1847点","入院日数6日
入院期間I:3063×4日=12252
入院期間II:2173×2日=4346
合計:16598",16598,rejected,点数が低い (差 1444),,,,,,,,,,,
5815634,2026-07-13,2026-07-30,ok,58.3,T678,熱中症による意識障害（脱水に伴う急性腎障害を伴う）,熱中症,0.78,161020,体温異常,"1. 入院目的: 高熱とJCS200の意識障害に対する精査加療目的で救急搬送・入院。
2. 主病名: 経過・家屋状況から熱中症による意識障害と最終判断されており、原因病名として熱中症（T678）が適合。
3. 中心治療: 初期の大量輸液、集中モニタリング（心電図・SpO2・呼吸心拍監視）、髄液検査・CT・MRI・脳波などの集中的精査。
- 来院時40℃台の発熱とショックバイタル、画像・検査で他の器質的原因が否定され、生活背景（夜間エアコン不使用）から熱中症が主因と再評価されている。
- 意識障害・ショック・AKIなど全身状態の重症度が高く、初期数日の医療資源（救急対応、集中管理、精査）の大部分がこの病態に紐づく。
- ICD-10上、熱中症はT678「熱中症」としてコード化され、本症例は外因性高温環境と脱水に伴う全身症状を呈しており定義に合致。
- DPC6では161020「体温異常」とマッピングされ、集中モニタリングや輸液主体の治療内容とも整合する。
- 後半の尿路感染症治療もあるが、入院契機・最も急性期に集中的な対応を要したのは熱中症に伴う意識障害と評価できるため、最資源投入病名候補として有力。",x,,分岐なし（xのみ）,,x,,分岐なし（xのみ）,,xx,パターン xx,,x,処置等1の分岐なし,0,トリガーにマッチする処置コードなし,x,副傷病の分岐なし,,x,重症度の分岐なし (全 x),,161020xxxxx0xx,"入院期間I:2日/3921点
入院期間II:5日/2266点
入院期間III:30日/1926点","入院日数18日
入院期間I:3921×2日=7842
入院期間II:2266×3日=6798
入院期間III:1926×13日=25038
合計:39678",39678,rejected,点数が低い (差 4425),,,,,,,,,,,
5815634,2026-07-13,2026-07-30,ok,58.3,N288,脱水による急性腎障害,急性腎障害,0.7,11012x,上部尿路疾患,"1. 入院目的: 高熱・意識障害の精査加療だが、入院初期検査で急性腎障害・血液濃縮が明記されている。
2. 主病名: 「AKI」「脱水による腎前性腎不全と思われる急性腎障害」と連日記載されており、ICD-10ではN288 急性腎障害が対応。
3. 中心治療: 大量の輸液（G004点滴注射）、電解質補正、腎機能モニタリング（血液化学検査反復）。
- 入院時から明確にAKIが問題とされ、「輸液対応にて改善」と日々評価され、腎機能回復まで継続的に管理されている。
- 病態は脱水による腎前性AKIであり、腎そのものの器質的障害ではないが、臨床的には急性腎障害として治療対象となっている。
- ICD-10上、急性腎障害はN288「急性腎障害」が最も適合し、腎前性であっても包括的に表現可能。
- DPC6は11012x「上部尿路疾患」にマッピングされ、急性腎障害を主病名とした腎管理入院として成立しうる。
- 熱中症との因果関係はあるものの、AKI自体に対しても連日点滴・検査といった医療資源が投入されており、原疾患とは別個に最資源投入病名候補とみなしうる。",x,,分岐なし（xのみ）,,x,,分岐なし（xのみ）,,99,手術なし,,x,処置等1の分岐なし,x,処置等2の分岐なし,0,トリガーに該当する副傷病なし,,x,重症度の分岐なし (全 x),,11012xxx99xx0x,"入院期間I:2日/4034点
入院期間II:6日/2370点
入院期間III:30日/2014点","入院日数18日
入院期間I:4034×2日=8068
入院期間II:2370×4日=9480
入院期間III:2014×12日=24168
合計:41716",41716,rejected,点数が低い (差 2387),,,,,,,,,,,
5815634,2026-07-13,2026-07-30,ok,58.3,N390,"尿路感染症（E.coli, Enterococcus faecalis）",尿路感染症,0.8,110310,腎臓又は尿路の感染症,"1. 入院目的: 当初は熱中症・意識障害だが、入院後半7/22以降は発熱再燃の精査で尿路感染症と診断され加療目的で入院継続。
2. 主病名: 「＃尿路感染症」と明記され、尿培でE.coliとEnterococcus faecalisが同定されており、単純な尿路感染症としてN390が最も適合。
3. 中心治療: CTRX投与、その後培養結果に基づきABPCへ変更し約1週間の静注抗菌薬治療、発熱・炎症反応フォロー。
- 7/22以降の発熱に対し「尿路感染症としてCTRXにて加療を開始」「E.coli、enterococcus faecalisを検出…ABPCへ変更し加療継続」と記載され、入院後半の主要な治療資源（抗菌薬投与・培養検査・感受性検査・採血）がこの病態に紐づく。
- カテーテル留置（J063）や残尿測定（D216）など泌尿器管理も行われており、尿路感染症としての臨床像が明確。
- ICD-10上、特定の部位（膀胱炎・腎盂腎炎）までは明言されておらず、「尿路感染症」として包括的なN390が妥当。
- DPC6は110310「腎臓又は尿路の感染症」となり、静注抗菌薬と検査中心の治療内容と整合し、最資源投入病名として採用されてもおかしくない。",x,,分岐なし（xのみ）,,x,,分岐なし（xのみ）,,99,手術なし,,x,処置等1の分岐なし,x,処置等2の分岐なし,x,副傷病の分岐なし,,x,重症度の分岐なし (全 x),,110310xx99xxxx,"入院期間I:6日/3232点
入院期間II:11日/2257点
入院期間III:30日/1918点","入院日数18日
入院期間I:3232×6日=19392
入院期間II:2257×5日=11285
入院期間III:1918×7日=13426
合計:44103",44103,selected,,false,false,,110310xx99xxxx,,110310xx99xxxx,1000,同点候補なし,,,
5815634,2026-07-13,2026-07-30,ok,58.3,J189,急性肺炎（尿路感染症治療中の肺炎合併）,急性肺炎,0.55,040080,肺炎等,"1. 入院目的: 初期は熱中症だが、7/22以降の発熱再燃で「＃肺炎」と併記され、尿路感染症とともに治療対象とされている。
2. 主病名: 明らかな画像所見や誤嚥の明記はなく単に「肺炎」とだけ記載されており、病原体・部位特定もないためICD-10ではJ189 急性肺炎（詳細不明）が包括的に適合。
3. 中心治療: 尿路感染症と同一レジメン（CTRX→ABPC）でカバーされており、抗菌薬治療の一部は肺炎加療にも対応していると解釈できる。
- 主には尿路感染症として治療されているが、「＃肺炎」と重ねて記載されており、発熱・喀痰増加などから下気道感染も想定して抗菌薬選択が行われている。
- EF上で肺炎特異的な処置（人工呼吸器管理や胸部ドレナージ等）はないが、酸素吸入（J024）やモニタリングが施行されており、一定の呼吸器管理も行われている。
- ICD-10上、細菌性や誤嚥性など特定できないため、J189「急性肺炎」を詳細不明肺炎として選択するのが妥当。
- DPC6として040080「肺炎等」にマッピングされ、抗菌薬・酸素等の治療と整合するが、同時期の尿路感染症に比べて病態の記述がやや曖昧であり、最資源投入病名としては一段低い候補と評価した。",0,病態等分類（年齢・肺炎種別）,年齢不明、デフォルト分岐 '0' を使用,,x,,分岐なし（xのみ）,,99,手術なし,,x,処置等1の分岐なし,0,トリガーにマッチする処置コードなし,x,副傷病の分岐なし,,x,重症度の分岐なし (全 x),,0400800x99x0xx,"入院期間I:7日/3424点
入院期間II:15日/2308点
入院期間III:60日/1961点","入院日数18日
入院期間I:3424×7日=23968
入院期間II:2308×8日=18464
入院期間III:1961×3日=5883
合計:48315",48315,rejected,上位候補に劣る,,,,,,,,,,,
5815634,2026-07-13,2026-07-30,ok,58.3,A419,敗血症疑い（入院初期に広域抗菌薬治療を要した病態）,敗血症性ショック,0.45,180010,敗血症,"1. 入院目的: 救急外来で40℃以上の発熱・JCS200・収縮期血圧80mmHg台とショックを呈し、「focus不明のseptic shockとしてPiperacillin/tazobactamを開始」「敗血症としてMEPMで加療」と初期診断されている。
2. 主病名: 後に熱中症と再評価されるが、入院初期数日間は敗血症として全身管理・広域抗菌薬投与が行われており、当時の診療上の主病名は「敗血症（性ショック含む）疑い」とみなせる。ICD-10としては部位・菌種不明の敗血症性ショックA419が包括的。
3. 中心治療: 初期ショックに対する輸液ボーラス、血培・尿培などの感染精査、多数の炎症・感染マーカー検査、MEPM静注3日間など。
- カルテ上、「来院時、sBPは80mmHg台に低下し、septic shockをおこしていた可能性が高い」「敗血症としてMEPMで加療」と明記されており、敗血症疑いとしての重症管理が実施されている。
- のちに感染源不明・培養陰性等から熱中症と再評価され抗菌薬も短期で終了しているが、DPCでは『実際に医療資源が投下された病名』も候補とすべきであり、初期の集中加療は敗血症疑いの診断に基づいていた。
- ICD-10では、起炎菌不明・focus不明でショックを伴う疑い例に対しA419（敗血症性ショック／敗血症）を包括的に用いることができる。
- DPC6は180010「敗血症」となり、集中管理や広域抗菌薬の投与を中心とする治療内容と整合するため、熱中症と隣接する候補として保持する価値がある。",x,,分岐なし（xのみ）,,x,年齢,年齢 の値を取得できず,,,,,,,,,,,,,,,,,,,,,,,,,,,,,,,
5855587,2026-05-19,2026-06-04,ok,44.9,A408,Streptococcus intermedius による菌血症,Ｃ群連鎖球菌菌血症,0.78,180010,敗血症,"1. 入院目的: 「感染症・尿路感染症疑い」「炎症高値」で紹介・入院。
2. 主病名: 入院後の評価で尿路所見は陰性化し、「血液培養陽性・連鎖球菌疑い」「＃1．菌血症」と整理されているため、Streptococcus intermedius による菌血症を主たる感染症と判断し、連鎖球菌菌血症カテゴリ（A40x）の包括コードとしてA408を選択。
3. 中心治療: 広域抗菌薬（CCL、ABPC/SBT）を入院前から含め約2週間静脈投与し、繰り返し血液培養・炎症反応フォロー、心エコー等による感染性心内膜炎除外精査を実施。
・手術はなく、点滴抗菌薬・複数回の血培・心エコー・CT等、入院の医療資源の大半がこの菌血症の診断と治療に費やされている。
・尿路感染症は入院時診断だが、尿検査は早期に改善し、フォーカスとしての証拠に乏しい一方、血培3/4本陽性という全身感染所見が明確。
・菌種はStreptococcus intermedius とされており、連鎖球菌菌血症としてA40x 群が最も適合し、部位特異性のない包括コードとして A408（Ｃ群連鎖球菌菌血症など、連鎖球菌菌血症の包括）が実態に最も近いと解釈。
・DPC6 マッピング理由: A40x→DPC6「180010 敗血症」に紐づき、集中治療までは至らないものの、全身感染としての抗菌薬長期投与・血培フォローという資源投入内容と整合する。",x,,分岐なし（xのみ）,,x,年齢,年齢 の値を取得できず,,,,,,,,,,,,,,,,,,,,,,,,,,,,,,,
5855587,2026-05-19,2026-06-04,ok,44.9,N390,尿路感染症（入院契機疾患）,尿路感染症,0.6,110310,腎臓又は尿路の感染症,"1. 入院目的: 「感染症・尿路感染症疑い」「尿路感染症の診断で抗菌薬内服開始後も発熱持続」で紹介・入院しており、入院契機の主病名として尿路感染症が明記されている。
2. 主病名: カルテ上「＃1：尿路感染症の疑い/炎症反応高値」「＃1-a．尿路感染症疑い」と繰り返し記載されており、尿路由来感染症が初期想定の主病態。部位や合併症の詳細な特定はなく、包括コードN390（尿路感染症）が最も妥当。
3. 中心治療: 入院前後を通じてCCL、ABPC/SBTによる全身抗菌薬治療が行われており、入院前診断としては尿路感染症に対する治療として開始されている。
・ただし、入院後の尿検査では白血球・細菌・亜硝酸塩陰性であり、尿をフォーカスと断定しきれず、「その他：非感染性炎症性疾患の可能性」も併記され、後半は菌血症として整理されている。
・それでも、DPCの観点では入院契機として一定期間この診断に基づき抗菌薬や検査が実施されており、実際に医療資源が投入されている疑い診断として候補に残す価値がある。
・DPC6 マッピング理由: N390→DPC6「110310 腎臓又は尿路の感染症」となり、尿路感染症を入院契機疾患として扱うシナリオと整合するが、本症例では後半で全身感染（菌血症）に軸足が移っている点が菌血症候補との違い。",x,,分岐なし（xのみ）,,x,,分岐なし（xのみ）,,99,手術なし,,x,処置等1の分岐なし,x,処置等2の分岐なし,x,副傷病の分岐なし,,x,重症度の分岐なし (全 x),,110310xx99xxxx,"入院期間I:6日/3232点
入院期間II:11日/2257点
入院期間III:30日/1918点","入院日数17日
入院期間I:3232×6日=19392
入院期間II:2257×5日=11285
入院期間III:1918×6日=11508
合計:42185",42185,selected,,false,false,,110310xx99xxxx,,110310xx99xxxx,1000,同点候補なし,,,
5855587,2026-05-19,2026-06-04,ok,44.9,K703,アルコール性肝硬変疑い,アルコール性肝硬変,0.45,060280,アルコール性肝障害,"1. 入院目的: 主目的は感染症だが、同時に画像で指摘された肝硬変・アルコール性肝障害が全期間を通じて「＃2．肝硬変疑い（画像所見）／アルコール性疑い／脂肪肝疑い」として継続的に管理されている。
2. 主病名: 画像と肝機能異常からアルコール性背景が示唆され、「肝硬変疑い（アルコール性疑い）」と明記されている。確定とはされていないが、既往飲酒歴が強ければアルコール性肝硬変（K703）が病態として最も近い。代替としてアルコール性肝疾患K709も考えうるが、カルテ表現に沿いK703を候補化。
3. 中心治療: 今回入院で直接の介入（内視鏡的静脈瘤治療等）はなく、主に経過観察と肝機能・血小板・凝固系のフォローであるが、入院期間中に繰り返し検査が行われており、長期的には治療方針の検討対象となっている。
・感染性疾患に比べると今回入院での直接的資源投入量は小さいが、合併する進行肝疾患は全身状態や検査頻度に影響し得るため、背景疾患としてのDPC候補を保持する意義がある。
・DPC6 マッピング理由: K703→DPC6「060280 アルコール性肝障害」に対応し、アルコール性肝障害としての入院（例:出血・腹水など）に用いられるグループであり、将来イベントや別入院で主病名となり得る病態。今回は補助的候補とする。",x,,分岐なし（xのみ）,,x,,分岐なし（xのみ）,,99,手術なし,,x,処置等1の分岐なし,x,処置等2の分岐なし,x,副傷病の分岐なし,,x,重症度の分岐なし (全 x),,060280xx99xxxx,"入院期間I:5日/3270点
入院期間II:11日/2252点
入院期間III:30日/1914点","入院日数17日
入院期間I:3270×5日=16350
入院期間II:2252×6日=13512
入院期間III:1914×6日=11484
合計:41346",41346,rejected,点数が低い (差 839),,,,,,,,,,,
5855587,2026-05-19,2026-06-04,ok,44.9,K760,脂肪肝（非アルコール性／アルコール性含む）疑い,脂肪肝,0.4,060290,慢性肝炎（慢性Ｃ型肝炎を除く。）,"1. 入院目的: 感染症精査・治療が主目的だが、画像で肝硬変疑い・脂肪肝疑いが指摘され、肝障害の背景評価が並行して行われている。
2. 主病名: 「＃2-b．脂肪肝疑い」と繰り返し記載されており、肝脂肪化が基盤病変として想定される。アルコール性か否か明言が分かれるため、包括的な脂肪肝コードK760を候補とする。
3. 中心治療: 直接的治療は行われておらず、主に検査モニタリングと生活指導レベルと思われるため、今回入院での資源投入は限定的。
・アルコール性肝硬変疑いと同様、慢性肝疾患の背景として全身状態・検査頻度に影響するが、感染症治療に比べると今回入院における中心性は低い。
・DPC6 マッピング理由: K760→DPC6「060290 慢性肝炎（慢性C型を除く）」に割り当てられ、脂肪肝を含む慢性肝疾患の包括であり、肝疾患を主目的とした入院で主病名となり得るグループ。本症例では補助的候補として保持する。",x,,分岐なし（xのみ）,,x,,分岐なし（xのみ）,,99,手術なし,,x,処置等1の分岐なし,0,トリガーにマッチする処置コードなし,x,副傷病の分岐なし,,x,重症度の分岐なし (全 x),,060290xx99x0xx,,17日 包括対象外,,rejected,包括対象外,,,,,,,,,,,
5881986,2026-06-23,2026-06-30,ok,98.2,I489,非通常型心房粗動,心房粗動,0.9,050070,頻脈性不整脈,"1. 入院目的: 「AFLの治療」「頻拍は持続し、心機能も低下しているため、アブレーション目的入院」と明記されている。
2. 主病名: カルテ上 #1 非通常型心房粗動（AFL）が挙げられ、頻拍・EF低下の主因と判断されている → I489 心房粗動を選択。
3. 中心治療: K595 経皮的カテーテル心筋焼灼術（心房中隔穿刺を伴うアブレーション）、心電図・心拍監視等が本入院の主要資源。
- 頻拍発作が持続し、レートコントロール困難でアブレーション適応と判断されており、今回もっとも集中的に介入した病態。
- I489 は心房粗動/発作性心房粗動に対応し、DPC6 050070（頻脈性不整脈）でK5951/K5952等のアブレーションKコードが必須Kとしてマップされ、EFのK595と完全に整合する。
- 心不全やCKDは基礎病態だが、今回入院の直接のターゲットはAFLであり、資源投入の焦点となっている。
- 併存する発作性心房細動に対するアブレーションも予定されているが、カルテ上はAFLが第1診断として強調されており、頻拍持続の主リズムとして位置づけられている。",x,,分岐なし（xのみ）,,x,,分岐なし（xのみ）,,97,その他の手術（1件のKコードが他パターンに非該当）,K595(経皮的カテーテル心筋焼灼術（心房中隔穿刺又は心外膜アプローチを伴うもの）),0,トリガーにマッチする処置コードなし,0,トリガーにマッチする処置コードなし,x,副傷病の分岐なし,,x,重症度の分岐なし (全 x),,050070xx9700xx,"入院期間I:5日/3160点
入院期間II:9日/2242点
入院期間III:30日/1905点","入院日数8日
入院期間I:3160×5日=15800
入院期間II:2242×3日=6726
合計:22526",22526,selected,,true,false,0.96,050070xx9700xx,050070xx9700xx,050070xx9700xx,1000,同点候補あり,入院目的は「AFLの治療」であり、現病歴でも頻拍持続・心機能低下に対してアブレーション目的入院と記載。経過記録でも#1診断は一貫して「非通常型心房粗動」で、K595カテーテルアブレーションの直接のターゲット疾患。透析中CKD G5Dは重要な併存症だが、本入院の主目的・医療資源の中心ではないため、主病名は候補0が妥当。,,
5881986,2026-06-23,2026-06-30,ok,98.2,I501,左室駆出率低下を伴う慢性心不全,左室駆出率の低下した心不全,0.6,050130,心不全,"1. 入院目的: 直接の目的はAFL/pAF治療だが、「心不全:あり」「頻拍は持続し、心機能も低下している」と記載され、NT-proBNP著明高値で心不全増悪が背景にある。
2. 主病名: EF=25%と高度な左室機能低下があり、うっ血性心不全として管理されている文脈 → 左室駆出率低下型心不全 I501 を選択（I500より病態記載に近い）。
3. 中心治療: 入院中の血圧・心拍管理、心機能評価（UCG、NT-proBNP）、心拍監視、薬物調整が行われ、AFLアブレーション適応判断にも影響。
- 心不全はAFL/pAFにより悪化しており、NT-proBNP 26445.6、EF25%と重症度が高く、今回入院期間中も継続的評価・管理の対象。
- search結果でI501はDPC6 050130（心不全）に対応し、心不全関連Kコード（デバイス、補助循環など）が含まれる典型パス。今回K595は頻脈性不整脈側に紐づくが、心不全の重症度が治療方針・リスク管理に大きく影響しており、資源投入病名候補として成立する。
- 不整脈（050070）と心不全（050130）は循環器内で隣接するDPCであり、症例によってどちらを主とするか揺れうるため、本症例でも候補として残す。",x,,分岐なし（xのみ）,,x,,分岐なし（xのみ）,,97,その他の手術（1件のKコードが他パターンに非該当）,K595(経皮的カテーテル心筋焼灼術（心房中隔穿刺又は心外膜アプローチを伴うもの）),0,トリガーにマッチする処置コードなし,0,トリガーにマッチする処置コードなし,0,副傷病なし（AI/EF探索で該当なし）,,x,重症度の分岐なし (全 x),,050130xx97000x,"入院期間I:9日/3140点
入院期間II:18日/2264点
入院期間III:60日/1924点","入院日数8日
入院期間I:3140×8日=25120
合計:25120",25120,rejected,上位候補に劣る,,,,,,,,,,,
5881986,2026-06-23,2026-06-30,ok,98.2,N185,慢性腎臓病ステージG5D（維持透析中）,慢性腎臓病ステージＧ５Ｄ,0.55,110280,慢性腎炎症候群・慢性間質性腎炎・慢性腎不全,"1. 入院目的: 主目的は不整脈治療だが、紹介元で「糖尿病性腎症で維持透析中（月水金）」とされ、本入院中も透析継続が必要な末期腎不全患者として管理されている。
2. 主病名: カルテ診断 #3 慢性腎臓病（G5D、月水金）。eGFR相当の高度低下とHD施行より、N185 慢性腎臓病ステージG5D が最も適合。
3. 中心治療: EFレコードにJ038（人工腎臓、透析液水質加算、腎代替療法体制加算）が複数算定されており、本入院中も維持透析自体が相当量の医療資源を占めている。
- N185はsearch結果でCKD G5Dに対応し、DPC6 110280（慢性腎不全等）にマップされ、慢性透析患者入院の典型的区分。
- 今回入院は不整脈目的だが、透析施行（J038群）は時間的・人的資源が大きく、DPC上もCKDが主病名候補となるケースがありうる。
- ただしK595アブレーションという高度侵襲手技が行われている点から、頻脈性不整脈側よりは相対的に主傷病としての優先度は低いが、「維持透析実施入院」として評価される可能性があるため候補に含める。",x,,分岐なし（xのみ）,,x,,分岐なし（xのみ）,,97,その他の手術（1件のKコードが他パターンに非該当）,K595(経皮的カテーテル心筋焼灼術（心房中隔穿刺又は心外膜アプローチを伴うもの）),x,処置等1の分岐なし,0,トリガーにマッチする処置コードなし,0,副傷病なし（AI/EF探索で該当なし）,,x,重症度の分岐なし (全 x),,110280xx97x00x,"入院期間I:6日/3004点
入院期間II:11日/2131点
入院期間III:30日/1811点","入院日数8日
入院期間I:3004×6日=18024
入院期間II:2131×2日=4262
合計:22286",22286,rejected,点数が低い (差 240),,,,,,,,,,,
5881986,2026-06-23,2026-06-30,ok,98.2,E112,２型糖尿病性腎症,２型糖尿病性腎症,0.45,10007x,２型糖尿病（糖尿病性ケトアシドーシスを除く。）,"1. 入院目的: 直接の目的ではないが、紹介状に「糖尿病性腎症で維持透析中」とあり、長期の基礎疾患として今回も管理対象となっている。
2. 主病名: 既往歴に糖尿病と糖尿病性腎症が明記され、透析導入原因疾患と読めるため、２型糖尿病性腎症 E112 が適切（高齢・生活背景から2型を想定し、カルテに1型の示唆なし）。
3. 中心治療: 糖尿病自体への新規集中的治療は本入院中では目立たないが、糖尿病性腎症がCKD G5D・透析導入の原疾患であり、透析継続（J038群）という大きな資源投入の背景病態となっている。
- search結果でE112は「２型糖尿病性腎症」に対応し、DPC6 10007x（２型糖尿病）にマップされる。透析主病名をN185とするか、原疾患である糖尿病性腎症/糖尿病側でとるかは施設ごとに運用差がありうるため、原疾患側も候補として保持する。
- 今回は不整脈アブレーション入院であり、糖尿病性腎症そのものに対する急性期治療は行われていないため、他候補より相対的に主傷病としての優先度は低めと評価するが、「透析導入原疾患としての慢性病態」に大きな資源が長期的に費やされている点を考慮し補助候補とする。",x,,分岐なし（xのみ）,,x,,分岐なし（xのみ）,,xx,パターン xx,,x,処置等1の分岐なし,0,トリガーにマッチする処置コードなし,x,副傷病の分岐なし,,x,重症度の分岐なし (全 x),,10007xxxxxx0xx,"入院期間I:5日/2868点
入院期間II:9日/2035点
入院期間III:30日/1729点","入院日数8日
入院期間I:2868×5日=14340
入院期間II:2035×3日=6105
合計:20445",20445,rejected,点数が低い (差 2081),,,,,,,,,,,
5889691,2026-05-18,2026-06-05,ok,67.6,K803,総胆管結石性胆管炎,総胆管結石性胆管炎,0.9,060340,胆管（肝内外）結石、胆管炎,"1. 入院目的: 茶褐色吐血で搬送されるも、画像と血液検査から総胆管結石を伴う胆管炎が主病態と判断され入院、内科的治療と内視鏡治療目的。
2. 主病名: 「総胆管結石性胆管炎」と連日明記されており、肝障害＋炎症所見＋下部総胆管結石の画像所見から K803 が妥当。
3. 中心治療: 絶食・補液・広域抗菌薬投与、5/18 ERCP, EST+EPBD による結石除去と K688 内視鏡的胆道ステント留置、5/28 EGD によるステント抜去など、侵襲的内視鏡手技と長期点滴加療の主要ターゲット。
- 入院初期の高AST/ALT・ALP・γ-GTP上昇と白血球高値、CTでの下部総胆管結石所見が胆管炎像と合致。
- 実施Kコード K688 は DPC6「060340 胆管（肝内外）結石、胆管炎」の手術分岐に含まれ、本疾患と完全に整合。
- 胆管炎急性期は5/27までに「脱している」とされ、その間の医療資源（ERCP関連処置・連日の血液検査・画像・抗生剤管理）が今回入院の最も大きな割合を占める。
- 誤嚥性肺炎も併存するが、ERCP＋ステント留置・抜去という高度内視鏡治療を要した本疾患の方が医療資源投入はより大きいと判断される。",x,,分岐なし（xのみ）,,x,,分岐なし（xのみ）,,03,パターン 03（必須Kコード 1 マッチ）,K688(内視鏡的胆道ステント留置術),x,処置等1の分岐なし,0,トリガーにマッチする処置コードなし,0,トリガーに該当する副傷病なし,,x,重症度の分岐なし (全 x),,060340xx03x00x,"入院期間I:4日/3233点
入院期間II:7日/2294点
入院期間III:30日/1950点","入院日数19日
入院期間I:3233×4日=12932
入院期間II:2294×3日=6882
入院期間III:1950×12日=23400
合計:43214",43214,rejected,点数が低い (差 13404),,,,,,,,,,,
5889691,2026-05-18,2026-06-05,ok,67.6,J690,誤嚥性肺炎,誤嚥性肺炎,0.8,040081,誤嚥性肺炎,"1. 入院目的: 直前まで別病院で誤嚥性肺炎治療後であり、本入院中も嚥下廃絶・経管栄養状態で不顕性誤嚥を繰り返し、肺炎像増悪に対する治療継続が大きなテーマとなっている。
2. 主病名: カルテでは一貫して「誤嚥性肺炎」と記載されており、高齢・嚥下廃絶・胃管栄養中での反復肺炎から J690（誤嚥性肺炎）が適合。
3. 中心治療: 全入院期間を通じた抗菌薬投与（5/18-27 CMZ、5/27- ABPC/SBT）、点滴、酸素吸入、喀痰吸引、呼吸・心拍モニタ、経皮的SpO2測定などの呼吸管理に多くの資源が投入。
- 5/27以降も胸部Xpで肺炎像増悪、CRP高値持続などから、誤嚥性肺炎に対する抗菌薬変更・継続管理が資源の中心となっている。
- DPC6「040081 誤嚥性肺炎」は本ICD-10 J690に対応し、EF上の酸素吸入(J024)、喀痰吸引(J018)、呼吸心拍監視(D220, D223)、点滴注射(G004)などと整合。
- 胆管炎の急性期は早期に脱している一方、誤嚥性肺炎は終末期まで持続・再燃し、在院日数・抗菌薬投与日数の面で大きな比重を占めるため、最資源投入病名としても有力。",x,,分岐なし（xのみ）,,x,,分岐なし（xのみ）,,97,その他の手術（1件のKコードが他パターンに非該当）,K688(内視鏡的胆道ステント留置術),x,処置等1の分岐なし,0,トリガーにマッチする処置コードなし,x,副傷病の分岐なし,,x,重症度の分岐なし (全 x),,040081xx97x0xx,"入院期間I:15日/3174点
入院期間II:30日/2252点
入院期間III:90日/1914点","入院日数19日
入院期間I:3174×15日=47610
入院期間II:2252×4日=9008
合計:56618",56618,selected,,false,false,,040081xx97x0xx,,040081xx97x0xx,1000,同点候補なし,,,
5889691,2026-05-18,2026-06-05,ok,67.6,K922,上部消化管出血,上部消化管出血,0.6,060130,食道、胃、十二指腸、他腸の炎症（その他良性疾患）,"1. 入院目的: 茶褐色吐血が救急要請と入院の直接契機であり、「上部消化管出血疑い」として精査・治療開始されている。
2. 主病名: 吐血と上部消化管出血疑いの診断から、原因詳細が特定されていない上部消化管出血として K922 が最も包括的。
3. 中心治療: 初期の絶食管理、PPI投与、胃管管理、予定されたEGDでの評価・EBS抜去時の同時観察など、一定の検査・処置資源が本出血イベントに関連。
- 入院初期の救急対応と血液検査、CTで他の重篤原因を除外しつつ、消化管出血としての経過観察が行われている点から、短期間とはいえ医療資源が投下されている。
- DPC6「060130 食道、胃、十二指腸、他腸の炎症（その他良性疾患）」の枠組みで、上部消化管出血に対する内視鏡的評価（D308 胃十二指腸ファイバー）やPPI治療と整合。
- 最終的には胆管炎・誤嚥性肺炎に比べ資源投下期間は短く、ショックや大量輸血もなく重症管理の中心ではないため、主傷病としては次点クラスだが、入院契機として候補に残す。",x,,分岐なし（xのみ）,,x,,分岐なし（xのみ）,,97,その他の手術（1件のKコードが他パターンに非該当）,K688(内視鏡的胆道ステント留置術),0,トリガーにマッチする処置コードなし,0,トリガーにマッチする処置コードなし,x,副傷病の分岐なし,,x,重症度の分岐なし (全 x),,060130xx9700xx,"入院期間I:5日/3228点
入院期間II:9日/2255点
入院期間III:30日/1917点","入院日数19日
入院期間I:3228×5日=16140
入院期間II:2255×4日=9020
入院期間III:1917×10日=19170
合計:44330",44330,rejected,点数が低い (差 12288),,,,,,,,,,,
5889691,2026-05-18,2026-06-05,ok,67.6,J189,誤嚥性肺炎（肺炎等として包括）,急性肺炎,0.45,040080,肺炎等,"1. 入院目的: 直前入院からの誤嚥性肺炎治療継続例であり、本入院中も反復する不顕性誤嚥と肺炎像増悪に対する管理が継続している。
2. 主病名: カルテ上は「誤嚥性肺炎」だが、嚥下廃絶・終末期の全身状態悪化による肺炎として広く「肺炎等」カテゴリ（J189 急性肺炎）もDPC上の隣接候補となるため、J690と競合する包括的候補として保持する。
3. 中心治療: 抗菌薬2レジメン（CMZ→ABPC/SBT）、酸素・吸引・モニタリングなど肺炎治療として一般的な資源投入が行われている点はJ690と同様。
- search結果で J189 は DPC6「040080 肺炎等」に対応し、誤嚥性肺炎に近接するが若干異なる分類であり、施設のコーディング運用によっては嚥下性の明記が弱い場合にこちらが採用される可能性がある。
- ただしカルテでは誤嚥機序が明記されているため第一選択はJ690であり、本候補は鑑別的・包括的候補としての位置づけにとどまる。",0,病態等分類（年齢・肺炎種別）,年齢不明、デフォルト分岐 '0' を使用,,x,,分岐なし（xのみ）,,97,その他の手術（1件のKコードが他パターンに非該当）,K688(内視鏡的胆道ステント留置術),x,処置等1の分岐なし,0,トリガーにマッチする処置コードなし,x,副傷病の分岐なし,,x,重症度の分岐なし (全 x),,0400800x97x0xx,"入院期間I:15日/3251点
入院期間II:29日/2246点
入院期間III:90日/1909点","入院日数19日
入院期間I:3251×15日=48765
入院期間II:2246×4日=8984
合計:57749",57749,rejected,上位候補に劣る,,,,,,,,,,,
5917921,2026-04-16,2026-06-03,ok,238.8,I634,左中大脳動脈領域の心原性脳塞栓症,心原性脳塞栓症,0.9,010060,脳梗塞,"1. 入院目的: 当初は慢性心不全増悪目的だが、入院7日目に左MCA閉塞による急性脳梗塞を発症し、以後は脳卒中加療とリハが大きな比重を占めた。
2. 主病名: 「脳梗塞　心原性脳塞栓症 4/23 t-PA, EVT TICI3」「心原性脳梗塞 2026/4/23 再発 左MCA」と連日明記されており、AF・抗凝固中止中という心原性背景があるため I634 が適切。
3. 中心治療: t-PA静注、経皮的脳血栓回収術(K178)、緊急CT/CT perfusion/MRI、HCU管理、嚥下訓練・脳血管リハ(H001)、ヘパリン・DOAC・ワルファリン調整等、侵襲的かつ高資源な治療・モニタリングが集中的に行われた。
- t-PA+血栓回収術とその後の脳血管疾患リハは本入院で最も高額かつ人的資源の大きいイベントであり、入院中のADL・退院先決定にも直結している。
- 画像・経過から急性脳梗塞であること、構音障害・片麻痺・嚥下障害が出現し改善を追跡していることから、急性期脳梗塞としてI63x系が妥当で、そのうち心房細動と抗凝固中止を背景とする塞栓性であるため I634 心原性脳塞栓症 を選択。
- DPC6は010060「脳梗塞」であり、K178 経皮的脳血栓回収術が手術分岐に含まれ search 結果とも完全整合し、今回の主要Kコードと一致する。
- 慢性心不全増悪も入院契機だが、侵襲度・リハ資源・高額画像検査の集中度から、本入院全体としては脳梗塞加療への資源投入がより大きい可能性が高い。",x,,分岐なし（xのみ）,,x,,分岐なし（xのみ）,,97,その他の手術（2件のKコードが他パターンに非該当）,"K178(経皮的脳血栓回収術), K000(時間外加算１（手術）)",0,トリガーにマッチする処置コードなし,4,"処置等2=4: 0049(エダラボン), (エダラボン点滴静注液３０㎎バッグ「ＮＰ」　１００ｍｌ)[レセ電=622079601, 実施日=2026-04-23]",1,副傷病あり（value=1）,"[カルテ記事] N390(尿路感染症，部位不明) 根拠: 尿検査で亜硝酸塩陽性・白血球3＋・細菌3＋など細菌尿が継続し、5/21に「尿路感染として抗生剤内服」と明記され治療されている。 引用: 採取日時： 2026/05/01 06:00
亜硝酸塩（2＋） 白血球（3＋） 球菌（3＋）; 5/7 … 細菌尿あり尿路症状あれば抗生剤検討 判断: 今回入院中に細菌尿を伴う尿路感染と診断され、抗菌薬内服による治療介入が行われており、N390の尿路感染症として副傷病に該当する。",x,重症度の分岐なし (全 x),,010060xx97041x,"入院期間I:21日/3206点
入院期間II:42日/2100点
入院期間III:90日/1785点","入院日数49日
入院期間I:3206×21日=67326
入院期間II:2100×21日=44100
入院期間III:1785×7日=12495
合計:123921",123921,selected,,false,false,,010060xx97041x,,010060xx97041x,1000,同点候補なし,,,
5917921,2026-04-16,2026-06-03,ok,238.8,I501,左室駆出率軽度低下を伴う慢性心不全の急性増悪（HFmrEF）,左室駆出率が軽度低下した心不全,0.85,050130,心不全,"1. 入院目的: 初回記録で【入院の目的】『心不全加療』、『4月16日前医より紹介。慢性心不全増悪あり入院』と明記されており、心不全増悪が入院契機。
2. 主病名: 『＃1：慢性心不全の急性増悪 HFmrEF』『心不全：あり』『NT-proBNP 11377→12173 pg/mL、肺うっ血・胸水、下腿浮腫』より、左室駆出率軽度低下の慢性心不全急性増悪として I501 が最も整合。
3. 中心治療: ドブタミン持続静注(4/17開始〜5/15漸減中止)、高用量ループ利尿薬・トルバプタン増量、酸素投与(J024)、心大血管疾患リハ(H000)、連日の胸部X線と心エコー・BNP測定、長期呼吸・心拍監視(D220) 等。
- 心不全管理のための持続静注ドブタミン、長期酸素・モニタリング、体重管理、電解質・腎機能フォローは入院全期間を通じて実施されており、在宅復帰・転院方針の基盤となる病態。
- HFmrEFと記載され、左室収縮は保たれつつも壁肥厚・心アミロイドーシス疑いがあり、慢性進行の心筋疾患に伴う心不全像であるため、うっ血性・左室駆出率軽度低下の意味で I501 が HFmrEF に最も近いICD-10。
- DPC6は050130「心不全」であり、心大血管リハ(H000)や心不全急性増悪入院の典型的分類。EF上も心不全関連のKコードはないが、ドブタミン等Jコード・モニタリング資源が集中的に投下されている。
- 急性脳梗塞が途中で発症したものの、入院全体の前後期を通じて継続的に治療されている基盤病態であり、原疾患として主傷病候補に十分な重みがある。",x,,分岐なし（xのみ）,,x,,分岐なし（xのみ）,,97,その他の手術（2件のKコードが他パターンに非該当）,"K178(経皮的脳血栓回収術), K000(時間外加算１（手術）)",0,トリガーにマッチする処置コードなし,0,"処置等2=0: H000(心大血管疾患リハビリテーション料（１）（１単位）（理学療法士による場合）)[レセ電=180744210, 実施日=2026-04-17;2026-04-19;2026-04-20;2026-04-21;2026-04-22]",0,トリガーに該当する副傷病なし,,x,重症度の分岐なし (全 x),,050130xx97000x,"入院期間I:9日/3140点
入院期間II:18日/2264点
入院期間III:60日/1924点","入院日数49日
入院期間I:3140×9日=28260
入院期間II:2264×9日=20376
入院期間III:1924×31日=59644
合計:108280",108280,rejected,点数が低い (差 15641),,,,,,,,,,,
5917921,2026-04-16,2026-06-03,ok,238.8,E854,心アミロイドーシスによる心筋症,心アミロイドーシス,0.6,100370,アミロイドーシス,"1. 入院目的: 直接の入院目的は心不全増悪だが、心エコーで心肥大＋apical sparing sign、ピロリン酸シンチ陽性とされ、基礎心筋疾患として心アミロイドーシスが疑われ既に診断ラベルとして#2に挙がっている。
2. 主病名: 『＃2：心アミロイドーシス』『心肥大＋apical sparing signあり、ピロリン酸シンチ陽性』とあり、トランスサイレチン型心アミロイドーシスが強く示唆されるため E854 を採用。
3. 中心治療: ビンダケルは「年齢や病状として適応となりにくい」とされ特異的治療は行われていないが、心不全管理（ドブタミン、利尿薬、トルバプタン）、抗凝固、リハビリ等の多くはこの基礎心筋疾患に由来する慢性進行性病態に対するものでもある。
- 心アミロイドーシスは心不全、徐脈頻脈（洞不全）、心房細動、心原性脳塞栓症など本症例の複数病態の根本原因と考えられ、入院長期化・予後規定因子となっている。
- ICD-10ではE854 心アミロイドーシスが存在し、search結果でもDPC6は100370「アミロイドーシス」。心筋生検などKコードは今回ないが、病態生理上は本入院の多疾患に共通する原疾患としての重みがある。
- 他候補（I501, I634）は本疾患が背景となった続発病態であり、DPC戦略によっては原疾患であるアミロイドーシス側を最資源投入病名とみなす運用も考えられるため候補に保持する。",x,,分岐なし（xのみ）,,x,,分岐なし（xのみ）,,97,その他の手術（2件のKコードが他パターンに非該当）,"K178(経皮的脳血栓回収術), K000(時間外加算１（手術）)",x,処置等1の分岐なし,0,トリガーにマッチする処置コードなし,x,副傷病の分岐なし,,x,重症度の分岐なし (全 x),,100370xx97x0xx,"入院期間I:6日/3623点
入院期間II:16日/2479点
入院期間III:60日/2107点","入院日数49日
入院期間I:3623×6日=21738
入院期間II:2479×10日=24790
入院期間III:2107×33日=69531
合計:116059",116059,rejected,点数が低い (差 7862),,,,,,,,,,,
5917921,2026-04-16,2026-06-03,ok,238.8,N183,慢性腎臓病ステージG3b相当の腎機能障害,慢性腎臓病ステージＧ３ｂ,0.55,110280,慢性腎炎症候群・慢性間質性腎炎・慢性腎不全,"1. 入院目的: 直接の入院契機ではないが、eGFR 40〜50 mL/min/1.73m²程度で推移する慢性腎臓病があり、心不全・貧血・利尿薬/トルバプタン増量・ドブタミン使用や抗凝固薬選択に強く影響している。
2. 主病名: 『＃7：慢性腎臓病』と診断され、eGFR 40〜45台が多くCKD G3b程度と判断できるため、N183（慢性腎臓病ステージG3b）を選択。
3. 中心治療: 透析や腎生検などの手術Kコードはないが、
   - 心不全治療（高用量利尿薬・トルバプタン15mg、アルブミン投与）で腎前性腎機能悪化を繰り返し評価
   - DOAC→ヘパリン→DOAC→ワルファリン→中止と、出血・腎機能を踏まえた抗凝固戦略変更
   - 頻回の電解質・BUN・CRE・浸透圧測定(D007, D005, D001)
   など腎機能に関連する検査・薬剤調整が入院期間全体で継続。
- CKDは心不全増悪や貧血の制御を困難にし、投薬制限・用量調整の要因となっているため、間接的ながら医療資源投入に大きな影響を与えている。
- DPC6 110280「慢性腎炎症候群・慢性間質性腎炎・慢性腎不全」に対応し、今回の処置群（頻回の腎機能・電解質検査、体液管理）が典型的に関連する。
- ただし、心不全・脳梗塞と比べると、CKD単独をターゲットにした侵襲的治療は行われていないため、主傷病としての優先度はやや低い候補として位置づける。",x,,分岐なし（xのみ）,,x,,分岐なし（xのみ）,,97,その他の手術（2件のKコードが他パターンに非該当）,"K178(経皮的脳血栓回収術), K000(時間外加算１（手術）)",x,処置等1の分岐なし,0,トリガーにマッチする処置コードなし,0,トリガーに該当する副傷病なし,,x,重症度の分岐なし (全 x),,110280xx97x00x,"入院期間I:6日/3004点
入院期間II:11日/2131点
入院期間III:30日/1811点","入院日数49日
入院期間I:3004×6日=18024
入院期間II:2131×5日=10655
入院期間III:1811×19日=34409
合計:63088",63088,rejected,点数が低い (差 60833),,,,,,,,,,,
5917921,2026-04-16,2026-06-03,ok,238.8,D500,慢性消化管出血を背景とする出血性貧血（空腸ポリープによる）,出血性貧血,0.5,130090,貧血（その他）,"1. 入院目的: 直接の主訴は心不全増悪だが、その要因として『心不全増悪の要因は消化管出血による貧血と思われた』と記載され、前医でも4/14・4/15にMAP輸血、入院後も5/7, 5/11にMAP投与と貧血治療が繰り返されている。
2. 主病名: 【診断名】『＃3：貧血』『＃4：消化管出血疑い 空腸ポリープ』とされ、便は黒色、鉄欠乏（Fe 16, TSAT 5%）、慢性的な下部小腸ポリープ出血既往あり。原因として消化管出血が疑われる慢性出血性貧血像であり、D500 出血性貧血 が最も包括的。
3. 中心治療: 
   - 複数回の保存血輸血(K920および輸血管理料K920-22)
   - Hb 5〜7 g/dLまで低下し、そのたびにMAP輸血・鉄剤追加など集中的対応
   - 抗凝固薬(リクシアナ→ヘパリン→DOAC再開→DOAC中止→ワルファリン開始→中止)のたびに出血・貧血の悪化で治療方針変更
- 貧血制御のための輸血・検査・薬剤調整は入院期間を通じて大きなテーマであり、心不全や脳梗塞治療の制約要因にもなっている。
- ICD-10候補としてはD509鉄欠乏性貧血も考えられるが、本症例では明らかな持続出血源（空腸ポリープ）と黒色便があり、経過の中心は出血イベントと輸血であるため、D500出血性貧血の方が資源投入病名として病態を直接的に表す。
- DPC6 130090「貧血（その他）」に対応し、EF上の輸血K920系列や頻回の血算・鉄代謝検査が資源投入として整合する。
- 心不全や脳梗塞と比較すると侵襲的手技は少ないが、入院延長・輸血管理・抗凝固調整などの面で相当の資源を要しており、続発症的ながら主傷病候補として保持すべき。",x,,分岐なし（xのみ）,,x,,分岐なし（xのみ）,,97,その他の手術（2件のKコードが他パターンに非該当）,"K178(経皮的脳血栓回収術), K000(時間外加算１（手術）)",x,処置等1の分岐なし,0,トリガーにマッチする処置コードなし,x,副傷病の分岐なし,,x,重症度の分岐なし (全 x),,130090xx97x0xx,"入院期間I:4日/3362点
入院期間II:9日/2226点
入院期間III:30日/1892点","入院日数49日
入院期間I:3362×4日=13448
入院期間II:2226×5日=11130
入院期間III:1892×21日=39732
合計:64310",64310,rejected,点数が低い (差 59611),,,,,,,,,,,
5940780,2026-07-10,2026-07-27,ok,98.7,I211,右冠動脈領域（下壁）のST上昇型急性心筋梗塞,急性下壁心筋梗塞,0.9,050030,急性心筋梗塞（続発性合併症を含む。）、再発性心筋梗塞,"1. 入院目的: 胸痛・ST上昇に対する緊急CAG/primary PCI目的で救急搬送・入院。
2. 主病名: カルテでは「Inferior STEMI」「ST上昇型急性心筋梗塞」「RCA#1-#2病変」と記載され，下壁STEMI(I211:急性下壁心筋梗塞)が最も整合。
3. 中心治療: 入院当日にK546 経皮的冠動脈形成術（AMIに対するもの）施行，その後抗凝固・DAPT，心大血管リハビリ等，入院全体の医療資源の中心。
・ST上昇(ⅡⅢaVF)と下壁壁運動異常(inferior asynergy)より下壁AMIが明確で，発症〜治療の時間経過も急性期。
・EF・カルテともPCI対象がRCA#1-#2と明記され，AMIに対するPOBAとして一連の侵襲的治療・モニタリングが行われている。
・I211は急性下壁心筋梗塞として050030とマッピングされ，その手術Kコード群にK546が含まれ，本症例EFのK546と完全に整合。
・心不全や慢性腎臓病も治療対象だが，今回入院契機の救急受診と高侵襲手技の直接の対象は下壁STEMIであり，最資源投入病名として最有力。
・I219(部位不明AMI)よりも，心電図/エコーで下壁と明記されており，部位特定可能なI211を優先する。",x,,分岐なし（xのみ）,,x,,分岐なし（xのみ）,,97,その他の手術（1件のKコードが他パターンに非該当）,K546(経皮的冠動脈形成術（急性心筋梗塞に対するもの）),x,処置等1の分岐なし,0,"処置等2=0: H000(心大血管疾患リハビリテーション料（１）（１単位）（理学療法士による場合）)[レセ電=180744210, 実施日=2026-07-11;2026-07-13;2026-07-14;2026-07-15;2026-07-17;2026-07-18;2026-07-19;2026-07-20;2026-07-21;2026-07-22;2026-07-23;2026-07-24], H000(心大血管疾患リハビリテーション料（１）（１単位）（看護師による場合）)[レセ電=180744510, 実施日=2026-07-12;2026-07-25;2026-07-26], H000(心大血管疾患リハビリテーション料（１）（１単位）（集団療法による場合）)[レセ電=180744610, 実施日=2026-07-14;2026-07-15;2026-07-16]",x,副傷病の分岐なし,,x,重症度の分岐なし (全 x),,050030xx97x0xx,"入院期間I:3日/4151点
入院期間II:12日/2457点
入院期間III:60日/2088点","入院日数18日
入院期間I:4151×3日=12453
入院期間II:2457×9日=22113
入院期間III:2088×6日=12528
合計:47094",47094,rejected,点数が低い (差 1542),,,,,,,,,,,
5940780,2026-07-10,2026-07-27,ok,98.7,I501,慢性心不全（Stage C，LVEF保たれたうっ血性心不全）,左室駆出率の保たれた心不全,0.78,050130,心不全,"1. 入院目的: 当初はAMIに対する緊急PCI目的だが，入院後は体重増加，四肢浮腫，NT-proBNP高値に対するうっ血性心不全の治療が入院期間の大部分を占める。
2. 主病名: カルテに「慢性心不全（Stage：C，LVEF：54%）」と繰り返し記載され，LVEF保たれたうっ血性心不全に該当しI501が適合。
3. 中心治療: アゾセミド・フロセミドIV・トルバプタンによる体液量管理，連日の体重・浮腫・NT-proBNPフォロー，心リハなど継続的な資源投入。
・入院中，BW66→69kg台，四肢浮腫+/+，うっ血肝疑い，胸水・腹水・NT-proBNP4000台などうっ血所見が目立ち，治療計画もvolume reductionが繰り返し強調されている。
・LVEF約54%と保たれており，HFpEFに相当するため，ICD-10では「左室駆出率の保たれた心不全(I501)」が最も近い。
・050130(心不全)は心不全入院管理のDPCであり，利尿薬調整やトルバプタン使用，心リハとも整合し，AMI急性期後の主な入院延長要因とも言える。
・AMI(I211)を主とする050030と，うっ血管理主体の050130がDPC上競合しうる状況であり，心不全側も最資源投入病名候補として保持する価値が高い。",x,,分岐なし（xのみ）,,x,,分岐なし（xのみ）,,97,その他の手術（1件のKコードが他パターンに非該当）,K546(経皮的冠動脈形成術（急性心筋梗塞に対するもの）),0,トリガーにマッチする処置コードなし,0,"処置等2=0: H000(心大血管疾患リハビリテーション料（１）（１単位）（理学療法士による場合）)[レセ電=180744210, 実施日=2026-07-11;2026-07-13;2026-07-14;2026-07-15;2026-07-17;2026-07-18;2026-07-19;2026-07-20;2026-07-21;2026-07-22;2026-07-23;2026-07-24], H000(心大血管疾患リハビリテーション料（１）（１単位）（看護師による場合）)[レセ電=180744510, 実施日=2026-07-12;2026-07-25;2026-07-26], H000(心大血管疾患リハビリテーション料（１）（１単位）（集団療法による場合）)[レセ電=180744610, 実施日=2026-07-14;2026-07-15;2026-07-16]",0,副傷病なし（AI/EF探索で該当なし）,,x,重症度の分岐なし (全 x),,050130xx97000x,"入院期間I:9日/3140点
入院期間II:18日/2264点
入院期間III:60日/1924点","入院日数18日
入院期間I:3140×9日=28260
入院期間II:2264×9日=20376
合計:48636",48636,selected,,false,false,,050130xx97000x,,050130xx97000x,1000,同点候補なし,,,
5940780,2026-07-10,2026-07-27,ok,98.7,N183,慢性腎臓病ステージG3a,慢性腎臓病ステージＧ３ａ,0.55,110280,慢性腎炎症候群・慢性間質性腎炎・慢性腎不全,"1. 入院目的: 直接の入院契機ではないが，AMI/心不全治療中に腎機能悪化リスクが高く，薬物投与・水分管理の制約要因として重要視されている。
2. 主病名: カルテに「＃慢性腎臓病（G3a）」と明記され，eGFR約45〜50mL/minとCKD G3a基準に合致し，N183(慢性腎臓病ステージG3a)が適切。
3. 中心治療: 造影剤使用後や利尿薬・トルバプタン併用下でのNa・Cr・BUNフォロー，水分摂取指導，利尿薬量調整など，腎機能保護を目的とした継続的な検査・管理。
・AMI・心不全の治療戦略（造影剤量，利尿薬の種類・用量）に大きく影響しており，毎回のSOAPにAKIリスク・Na/Crのコメントがある。
・N183はCKD G3aを明示できる4桁コードであり，DPC6では110280に属し，腎保護目的の検査頻回化・薬剤調整の資源投入を説明しうる。
・主たる侵襲手技の直接対象ではないものの，入院全体を通じて治療計画に組み込まれており，条件次第で最資源投入病名として評価されうる補助的有力候補。",x,,分岐なし（xのみ）,,x,,分岐なし（xのみ）,,97,その他の手術（1件のKコードが他パターンに非該当）,K546(経皮的冠動脈形成術（急性心筋梗塞に対するもの）),x,処置等1の分岐なし,0,トリガーにマッチする処置コードなし,0,副傷病なし（AI/EF探索で該当なし）,,x,重症度の分岐なし (全 x),,110280xx97x00x,"入院期間I:6日/3004点
入院期間II:11日/2131点
入院期間III:30日/1811点","入院日数18日
入院期間I:3004×6日=18024
入院期間II:2131×5日=10655
入院期間III:1811×7日=12677
合計:41356",41356,rejected,点数が低い (差 7280),,,,,,,,,,,
5940780,2026-07-10,2026-07-27,ok,98.7,I712,胸部大動脈瘤（上行大動脈拡大）,胸部大動脈瘤,0.45,050163,非破裂性大動脈瘤、腸骨動脈瘤,"1. 入院目的: 直接の入院契機ではなくAMI精査中にTTEで偶発的に指摘されたが，以後のフォロー・生活指導の対象となっている。
2. 主病名: エコーにて「上行大動脈47mmに拡大あり」と記載され，カルテでも「＃胸部大動脈瘤」と診断されており，非破裂性胸部大動脈瘤(I712)が該当。
3. 中心治療: 今回入院中は手術や血管内治療は行われず，画像フォローと血圧管理・経過観察中心で資源投入は中等度。
・I712は胸部大動脈瘤として050163(非破裂性大動脈瘤等)とマッピングされるが，本例ではKコード該当手術は実施されていない。
・ただし，大動脈径47mmと臨床的に重要な所見であり，高血圧治療や将来の外科的介入計画に影響するため，今回も一定の評価・説明がなされている。
・侵襲的治療がなく，入院期間の中心病態ではないが，循環器入院における重要併存症として将来的に最資源投入病名となりうるため補助候補として保持。",x,,分岐なし（xのみ）,,x,,分岐なし（xのみ）,,97,その他の手術（1件のKコードが他パターンに非該当）,K546(経皮的冠動脈形成術（急性心筋梗塞に対するもの）),x,処置等1の分岐なし,0,トリガーにマッチする処置コードなし,x,副傷病の分岐なし,,x,重症度の分岐なし (全 x),,050163xx97x0xx,"入院期間I:3日/2954点
入院期間II:5日/2417点
入院期間III:30日/2175点","入院日数18日
入院期間I:2954×3日=8862
入院期間II:2417×2日=4834
入院期間III:2175×13日=28275
合計:41971",41971,rejected,点数が低い (差 6665),,,,,,,,,,,
5940780,2026-07-10,2026-07-27,ok,98.7,K802,胆嚢結石症（無症候性胆嚢結石）,胆のう結石症,0.4,060330,胆嚢疾患（胆嚢結石など）,"1. 入院目的: 循環器入院中にTAUS/腹部エコーで偶発的に「胆嚢結石」「胆嚢腺筋腫症疑い」と指摘され，合併疾患として評価された。
2. 主病名: SOAPに「＃胆嚢結石症」と診断名として明記されており，症候の記載はなく無症候性胆嚢結石としてK802(胆のう結石症)が妥当。
3. 中心治療: 今回入院中に胆嚢摘出などのKコード手術はなく，画像診断と今後のフォロー指示程度に留まり資源投入は小さい。
・K802は胆嚢結石症として060330(胆嚢疾患)にマッピングされ，胆嚢摘出などの手術K670/K672が定義されるが，本症例では未実施。
・現時点で最資源投入病名となる根拠は乏しいが，今後外科的治療を要する可能性があり，今回もTAUS等で追加検査が行われている点で，境界的・補助的候補として列挙。
・急性胆嚢炎や胆管炎など重症胆道疾患の所見はなく，今回入院の主たる資源投入はAMI/心不全治療に明らかに集中している。",x,,分岐なし（xのみ）,,x,,分岐なし（xのみ）,,97,その他の手術（1件のKコードが他パターンに非該当）,K546(経皮的冠動脈形成術（急性心筋梗塞に対するもの）),x,処置等1の分岐なし,x,処置等2の分岐なし,x,副傷病の分岐なし,,x,重症度の分岐なし (全 x),,060330xx97xxxx,"入院期間I:4日/3256点
入院期間II:7日/2294点
入院期間III:30日/1950点","入院日数18日
入院期間I:3256×4日=13024
入院期間II:2294×3日=6882
入院期間III:1950×11日=21450
合計:41356",41356,rejected,点数が低い (差 7280),,,,,,,,,,,
5952812,2026-06-20,2026-07-03,ok,55.3,I210,前壁のST上昇型急性心筋梗塞（STEMI）,急性前壁心筋梗塞,0.95,050030,急性心筋梗塞（続発性合併症を含む。）、再発性心筋梗塞,"1. 入院目的: 胸痛・背部痛で救急搬送され、STEMIの診断でemergent CAG目的に入院。
2. 主病名: カルテで一貫して「STEMI」「anterior STEMI」と記載され、V1-4のST上昇・前壁中部〜心尖部の壁運動低下があり、I210（急性前壁心筋梗塞）が最も整合。
3. 中心治療: 時間外救急下での経皮的冠動脈形成術 K546（急性心筋梗塞に対するPCI）、心電図・心エコー・心筋逸脱酵素（CK-MB, トロポニン）、心大血管疾患リハビリテーションなど、入院中の資源投入の大部分が本疾患に対して行われている。
4. CK-MBピーク1578、急性期ST上昇・前胸部痛と経過から、急性発症の前壁ST上昇型心筋梗塞と判断され、部位特定可能なため包括コード（I219）よりI210を選択。
5. DPC6は050030で、対応Kコード群にK5461-3が含まれ、EF上のK546（急性心筋梗塞に対する経皮的冠動脈形成術）と完全に整合し、最も医療資源を投入した病態として妥当。
6. 退院までのリハビリや二次予防薬導入も本梗塞後管理として行われており、入院全期間を通じた主病態となっている。",x,,分岐なし（xのみ）,,x,,分岐なし（xのみ）,,97,その他の手術（2件のKコードが他パターンに非該当）,"K546(経皮的冠動脈形成術（急性心筋梗塞に対するもの）), K000(時間外加算１（手術）)",x,処置等1の分岐なし,0,"処置等2=0: H000(心大血管疾患リハビリテーション料（１）（１単位）（理学療法士による場合）)[レセ電=180744210, 実施日=2026-06-23], H000(心大血管疾患リハビリテーション料（１）（１単位）（看護師による場合）)[レセ電=180744510, 実施日=2026-06-25;2026-06-26;2026-06-28;2026-06-29;2026-07-01]",x,副傷病の分岐なし,,x,重症度の分岐なし (全 x),,050030xx97x0xx,"入院期間I:3日/4151点
入院期間II:12日/2457点
入院期間III:60日/2088点","入院日数14日
入院期間I:4151×3日=12453
入院期間II:2457×9日=22113
入院期間III:2088×2日=4176
合計:38742",38742,selected,,false,false,,050030xx97x0xx,,050030xx97x0xx,1000,同点候補なし,,,
5952812,2026-06-20,2026-07-03,ok,55.3,K719,薬剤性肝障害疑い,薬物性肝障害,0.6,060270,劇症肝炎、急性肝不全、急性肝炎,"1. 入院目的: 主目的はSTEMI加療だが、入院後経過でAST/ALTの上昇が顕在化し、退院時期の判断に影響する病態として取り上げられている。
2. 主病名: カルテで「＃薬剤性肝障害疑い」「AST/ALT上昇傾向」「プラスグレル, スタチン, PPI等変更」「ARB・β遮断薬の中止・変更」と、薬剤性肝障害を疑って治療方針が複数回修正されており、ICD-10としてはK719 薬物性肝障害が最も整合。
3. 中心治療: 定期的なL/D採血、原因薬剤（抗血小板薬・スタチン・PPI・ARB・βB）の変更・中止、退院延期の検討など、一定の医療資源がこの肝障害の評価と管理に費やされている。
4. AST/ALTの上昇により退院を延ばす判断（6/29時点で「肝障害が落ち着いたら退院可能」、7/2でも改善なしのため外来フォロー方針）がなされており、入院期間・治療計画に実質的な影響を及ぼした合併症として、最資源投入病名の競合候補となりうる。
5. DPC6の060270（劇症肝炎、急性肝不全、急性肝炎）は本症例の重症度よりはやや重いカテゴリだが、薬剤性肝障害の包括先として標準であり、肝関連検査や薬剤調整という医療資源投入との整合はとれる。",x,,分岐なし（xのみ）,,x,,分岐なし（xのみ）,,97,その他の手術（2件のKコードが他パターンに非該当）,"K546(経皮的冠動脈形成術（急性心筋梗塞に対するもの）), K000(時間外加算１（手術）)",x,処置等1の分岐なし,0,トリガーにマッチする処置コードなし,x,副傷病の分岐なし,,x,重症度の分岐なし (全 x),,060270xx97x0xx,"入院期間I:8日/3487点
入院期間II:18日/2372点
入院期間III:60日/2016点","入院日数14日
入院期間I:3487×8日=27896
入院期間II:2372×6日=14232
合計:42128",42128,rejected,上位候補に劣る,,,,,,,,,,,
5952812,2026-06-20,2026-07-03,ok,55.3,E119,２型糖尿病（糖尿病性合併症なし）,２型糖尿病・糖尿病性合併症なし,0.5,10007x,２型糖尿病（糖尿病性ケトアシドーシスを除く。）,"1. 入院目的: 主目的はSTEMIだが、現病歴に「DM, HTnで通院中」とあり、基礎疾患として存在。
2. 主病名: 明らかな糖尿病性合併症（腎症・網膜症・ケトアシドーシス等）の記載はなく、単にDMとして通院中であるため、E119（２型糖尿病・糖尿病性合併症なし）が最も適合する。
3. 中心治療: 入院経過中にSGLT2阻害薬導入など心血管予後を意識した薬物治療調整が行われており、血糖管理・薬剤選択にも一定の医療資源が割かれていると推定されるが、EF上で糖尿病特異的な手術・高度侵襲的処置は実施されていない。
4. 急性冠症候群の重要なリスク因子・背景疾患であり、長期的には継続治療の中心病態だが、今回入院の資源投入量としては急性心筋梗塞や薬剤性肝障害に比べ主役ではないため、最資源投入病名としては補助的候補にとどめる。
5. DPC6 10007xの対象であり、糖尿病教育入院や急性代謝合併症が中心の場合には主傷病となりうることから、本症例でも背景病態としての候補に保持する。",x,,分岐なし（xのみ）,,x,,分岐なし（xのみ）,,xx,パターン xx,,x,処置等1の分岐なし,0,トリガーにマッチする処置コードなし,x,副傷病の分岐なし,,x,重症度の分岐なし (全 x),,10007xxxxxx0xx,"入院期間I:5日/2868点
入院期間II:9日/2035点
入院期間III:30日/1729点","入院日数14日
入院期間I:2868×5日=14340
入院期間II:2035×4日=8140
入院期間III:1729×5日=8645
合計:31125",31125,rejected,点数が低い (差 7617),,,,,,,,,,,
5952812,2026-06-20,2026-07-03,ok,55.3,I10,本態性高血圧症,高血圧症,0.4,050140,高血圧性疾患,"1. 入院目的: ACS治療が主目的だが、現病歴に「HTnで通院中」とあり、高血圧も基礎疾患として存在。
2. 主病名: 特定の二次性原因や高血圧性臓器障害の記載はなく、一般的な高血圧として管理されているため、I10 本態性高血圧症が最も適合。
3. 中心治療: 入院中にARBやβ遮断薬の導入・調整（血圧低めでARNIへの変更は困難、退院前にARBを元のカンデサルタンへ戻す等）が行われており、血圧・心機能を意識した薬物調整として一定の医療資源が投入されている。
4. 糖尿病と同様に急性冠症候群の背景・リスク因子であり、慢性期フォローの中心病態となるが、今回入院での侵襲的治療の対象ではないため、主傷病としては急性心筋梗塞に明らかに劣後する。
5. DPC6 050140（高血圧性疾患）に属し、高血圧クリーゼや高血圧性臓器障害が主目的の入院では主傷病候補になることから、本症例でも背景病態としての補助候補として保持する。",x,,分岐なし（xのみ）,,x,,分岐なし（xのみ）,,97,その他の手術（2件のKコードが他パターンに非該当）,"K546(経皮的冠動脈形成術（急性心筋梗塞に対するもの）), K000(時間外加算１（手術）)",x,処置等1の分岐なし,0,トリガーにマッチする処置コードなし,x,副傷病の分岐なし,,x,重症度の分岐なし (全 x),,050140xx97x0xx,"入院期間I:7日/3171点
入院期間II:15日/2216点
入院期間III:60日/1884点","入院日数14日
入院期間I:3171×7日=22197
入院期間II:2216×7日=15512
合計:37709",37709,rejected,点数が低い (差 1033),,,,,,,,,,,
5967130,2026-06-24,2026-07-31,ok,98.0,J690,誤嚥性肺炎,誤嚥性肺炎,0.9,040081,誤嚥性肺炎,"1. 入院目的: 突然の嘔吐後の酸素化低下に対する内科的治療として救急搬送・入院。
2. 主病名: 嘔吐誤嚥窒息エピソード後に発熱・右優位肺陰影・高CRPを認め、「誤嚥性肺炎」と明記され継続的に加療。
3. 中心治療: NHFによる高流量酸素療法(J026-42)、酸素投与(J024)、喀痰吸引(J018)、呼吸心拍モニタ(D220)、胸部CT・Xp(E200/E002)、CTRX長期投与とステロイド(mPSL)など呼吸・感染管理に多大な医療資源を投入。
・誤嚥エピソードと画像所見(右肺野すりガラス〜浸潤影)・炎症反応上昇(最大CRP>13)が時間経過的にも誤嚥性肺炎に合致。
・入院全期間を通じて主治療テーマが誤嚥性肺炎とその遷延であり、酸素療法と抗菌薬再開(7/8-)も本疾患への対応。
・ICD-10は誤嚥性肺炎に対する標準コードJ690が適合し、DPC6は040081 誤嚥性肺炎でEF上の呼吸リハ(H003)やハイフロー(NHF)とも整合。
・化学性肺臓炎(J680)と比べ、抗菌薬依存の経過・喀痰多量・誤嚥性リスク背景(パーキンソン病・嚥下障害)から感染性誤嚥性肺炎が資源投入の中心と判断できる。",x,,分岐なし（xのみ）,,x,,分岐なし（xのみ）,,99,手術なし,,x,処置等1の分岐なし,0,トリガーにマッチする処置コードなし,x,副傷病の分岐なし,,x,重症度の分岐なし (全 x),,040081xx99x0xx,"入院期間I:9日/3320点
入院期間II:17日/2169点
入院期間III:60日/1844点","入院日数38日
入院期間I:3320×9日=29880
入院期間II:2169×8日=17352
入院期間III:1844×21日=38724
合計:85956",85956,rejected,点数が低い (差 19488),,,,,,,,,,,
5967130,2026-06-24,2026-07-31,ok,98.0,J680,化学性肺臓炎(誤嚥に伴う化学性肺炎),化学性肺炎,0.7,040110,間質性肺炎,"1. 入院目的: 嘔吐後の酸素化低下で救急搬送され、当初から化学性肺炎リスクが明記されている。
2. 主病名: 6/25以降の評価で「＃誤嚥性肺炎 ＃化学性肺臓炎」と二本立てで記載され、ステロイド(mPSL40mg)投与やCTRX中止後も『化学性肺臓炎としての炎症遷延』が繰り返し言及される。
3. 中心治療: ステロイド投与(6/24-26)に加え、長期の酸素療法(NHF→NC)、頻回の胸部Xp/CT、呼吸リハ(H003)など間質性パターンも意識した管理が行われている。
・嘔吐誤嚥による胃内容物の吸入で化学的障害が加わったことが明記され、『化学性肺臓炎としての炎症遷延も考慮』とされており、単なる感染性肺炎にとどまらない病態。
・抗菌薬中止後もCRPが持続高値(9〜12)で、再燃判断など長期経過の判断軸に化学性肺臓炎が関与し、呼吸不全の遷延の一因となっている。
・ICD-10は化学物質や胃内容物吸入による肺障害に対してJ680が標準的であり、DPC6は040110 間質性肺炎が対応。呼吸管理やステロイド使用という資源投入と整合する。
・誤嚥性肺炎(J690)と同一エピソードから派生する近接診断であり、感染優位か化学障害優位かの程度は判然としないため、最資源投入病名として並立候補とする価値がある。",x,,分岐なし（xのみ）,,x,,分岐なし（xのみ）,,xx,パターン xx,,0,トリガーにマッチする処置コードなし,2,"処置等2=2: J026-42(ハイフローセラピー（１５歳以上の患者の場合）（１日につき）)[レセ電=140057410, 実施日=2026-06-24;2026-06-25;2026-06-26;2026-06-27;2026-06-28;2026-06-29;2026-06-30;2026-07-01;2026-07-02]",x,副傷病の分岐なし,,x,重症度の分岐なし (全 x),,040110xxxx02xx,"入院期間I:12日/3886点
入院期間II:25日/2445点
入院期間III:60日/2079点","入院日数38日
入院期間I:3886×12日=46632
入院期間II:2445×13日=31785
入院期間III:2079×13日=27027
合計:105444",105444,selected,,false,false,,040110xxxx02xx,,040110xxxx02xx,1000,同点候補なし,,,
5967130,2026-06-24,2026-07-31,ok,98.0,K590,嘔吐・慢性便秘症・腸閉塞術後に伴う機能性便秘,慢性便秘,0.55,060570,その他の消化器等の障害,"1. 入院目的: 主訴の嘔吐は食後に発症し、腹部CTで結腸〜直腸に多量の便貯留を認め嘔吐の一因と評価されている。
2. 主病名: 「＃慢性便秘症」「＃腸閉塞術後」「＃食道裂孔ヘルニア」として毎日のようにコメントされ、嘔吐・低K血症・下痢への対処の中心となっている。
3. 中心治療: テレミン・浣腸・摘便・マグミット調整などの積極的な排便管理、電解質補正(KCl点滴漏れ記載あり)、腹部Xpでイレウス鑑別など長期にわたり消化管機能管理に資源投入。
・入院契機となった嘔吐に対し、大量便貯留と腸閉塞術後の腸管蠕動低下(パーキンソニズム含む)が重要な背景として繰り返し強調されている。
・便秘治療に伴う下痢遷延とそれによる低K血症が心不全治療(フロセミド再開)を制限し、全身管理にも大きく影響している点から、消化管機能障害自体が今回入院の主要病態の一つ。
・ICD-10は機能的・慢性の便秘に対するK590が適切で、DPC6は060570 その他の消化器等の障害。手術Kは今回なくても、内科的処置(Jコード)・電解質補正という形で資源を要している。
・誤嚥性肺炎と比べると呼吸・感染管理の方が資源量は大きいが、入院契機の一因かつ経過中も継続介入が必要であり、第2〜3候補レベルとして保持すべき。",x,,分岐なし（xのみ）,,x,,分岐なし（xのみ）,,99,手術なし,,x,処置等1の分岐なし,0,トリガーにマッチする処置コードなし,x,副傷病の分岐なし,,x,重症度の分岐なし (全 x),,060570xx99x0xx,"入院期間I:3日/3235点
入院期間II:6日/2182点
入院期間III:30日/1854点","入院日数38日
入院期間I:3235×3日=9705
入院期間II:2182×3日=6546
入院期間III:1854×24日=44496
合計:60747",60747,rejected,点数が低い (差 44697),,,,,,,,,,,
5967130,2026-06-24,2026-07-31,ok,98.0,G20,パーキンソン病(嚥下障害・便秘を伴う),パーキンソン病,0.5,010160,パーキンソン病,"1. 入院目的: 直接の入院理由は嘔吐と酸素化低下だが、背景としてのパーキンソン病が嚥下障害と蠕動低下を通じて誤嚥性肺炎や便秘に大きく関与している。
2. 主病名: 「＃パーキンソン病」は全経過を通じて明記され、BPSDや嚥下機能、腸蠕動低下など多くの問題の基盤疾患として扱われている。
3. 中心治療: ビムパット・マドパー等の抗てんかん薬・パーキンソン薬の点滴と内服を頻回に切り替え(内服困難時は点滴再開)、摂食機能療法(H004)、長期のリハビリ(H003)でADL・嚥下を維持するために継続的な医療資源を投入。
・パーキンソン病に伴う嚥下障害・姿勢異常が誤嚥性肺炎発症リスクを高めており、今回の入院ストーリー全体を規定する慢性基礎疾患。
・またパーキンソニズムによる蠕動低下が慢性便秘症の背景として繰り返し言及されており、肺炎や電解質異常など続発病態の上流に位置づけられる。
・ICD-10 G20パーキンソン病はDPC6 010160 パーキンソン病に対応し、今回も薬剤調整・リハ・摂食機能療法など相応の資源を必要としている。
・ただし今回の急性期資源(ハイフロー・抗菌薬)の直接対象は肺炎であり、パーキンソン病は基礎疾患としての位置づけが強いため、主傷病候補としては中程度の優先度とする。",x,,分岐なし（xのみ）,,x,,分岐なし（xのみ）,,99,手術なし,,x,処置等1の分岐なし,0,トリガーにマッチする処置コードなし,1,副傷病あり（value=1）,"[カルテ記事] J690(固形物又は液状物の誤嚥による肺炎) 根拠: 嘔吐誤嚥窒息エピソード後に呼吸不全と発熱を認め、「誤嚥性肺炎」と明記されCTRX・mPSLで加療継続されており、その後も誤嚥性肺炎として経過観察・治療が継続されている。 引用: SOAP_A:＃嘔吐
＃誤嚥性肺炎
＃化学性肺臓炎

嘔吐誤嚥窒息エピソード後、NHF 60%, 40Lで呼吸不全は横ばい。遅れて発熱しており誤嚥性肺炎、化学性肺臓炎としての増悪に注意しつつCTRX, mPSL 40mgでの加療を継続する。; SOAP_A:＃嘔吐
＃誤嚥性肺炎
＃化学性肺臓炎
…誤嚥性肺炎、化学性肺臓炎としての増悪に注意する。
mPSLは3日間で一旦終了し、CTRXを継続中。 判断: カルテで「誤嚥性肺炎」と確定診断され、抗菌薬・ステロイド・酸素管理などの治療が継続され今回入院の主要管理対象であるため、J69.0誤嚥性肺炎として副傷病に該当する。",x,重症度の分岐なし (全 x),,010160xx99x01x,"入院期間I:13日/3137点
入院期間II:26日/2080点
入院期間III:60日/1768点","入院日数38日
入院期間I:3137×13日=40781
入院期間II:2080×13日=27040
入院期間III:1768×12日=21216
合計:89037",89037,rejected,点数が低い (差 16407),,,,,,,,,,,
5967130,2026-06-24,2026-07-31,ok,98.0,I509,"慢性心不全(HFpEF, 胸水貯留を伴う)",慢性心不全,0.45,050130,心不全,"1. 入院目的: 直接の契機は嘔吐だが、入院時から両下腿浮腫・フロセミド・エンレスト内服歴があり、慢性心不全の管理も並行して行われている。
2. 主病名: 「＃慢性心不全」は繰り返し記載され、HFpEFが示唆され、胸水貯留と呼吸不全の一因として評価されている。
3. 中心治療: ループ利尿薬(フロセミド)の休薬と再開を胸水・呼吸不全・電解質異常(K,Na)を見ながら微調整し、体重変化や胸部Xpで胸水をモニタ。呼吸管理における胸水因子として心不全への介入にも資源が割かれている。
・6/29以降の低K血症や低Na血症により心不全治療が制約を受けつつも、7/10単回投与や7/15-21短期間併用など、呼吸不全改善を狙って心不全側への治療も継続的に調整。
・胸部Xpでは両側胸水が繰り返し指摘され、肺炎と溢水の双方が呼吸不全に寄与していると記載されており、心不全は重症管理の重要な背景疾患。
・ICD-10は特記のない慢性心不全としてI509を選択し、DPC6は050130 心不全。今回EFに心不全関連Kコードはないが、利尿薬・電解質管理・胸水評価などの内科的資源投入が相応にある。
・誤嚥性肺炎/化学性肺臓炎と比べると入院契機性・資源集中度でやや劣るため、補助的な主傷病候補として位置づける。",x,,分岐なし（xのみ）,,x,,分岐なし（xのみ）,,99,手術なし,,0,トリガーにマッチする処置コードなし,0,トリガーにマッチする処置コードなし,x,副傷病の分岐なし,,0,"branch=0 label=他の病院・診療所の病棟からの転院以外 / 施設から救急要請で当院ERに直接搬送されており、他院病棟からの転院を示す記載はない。 (verifier 不整合あり, best-effort 採用: ['conclusion_label_mismatch'])",[2026-06-24]施設入所中。ADLは車椅子、食事は自力摂取。…突然嘔吐…施設職員の方が救急要請し、当院ER搬送となった。,050130xx9900x0,"入院期間I:7日/3150点
入院期間II:14日/2242点
入院期間III:60日/1906点","入院日数38日
入院期間I:3150×7日=22050
入院期間II:2242×7日=15694
入院期間III:1906×24日=45744
合計:83488",83488,rejected,点数が低い (差 21956),,,,,,,,,,,
5971797,2026-05-23,2026-06-23,ok,70.1,I255,虚血性心筋症による慢性心不全（HFrEF）,虚血性心筋症,0.8,050050,狭心症、慢性虚血性心疾患,"1. 入院目的: 呼吸困難・下腿浮腫を主訴とする心不全増悪の内科的治療と、その原因精査・治療。
2. 主病名: 心エコーでLVEF約18〜20%のglobal hypoと前壁〜前側壁の壁運動低下、心筋シンチと冠動脈CTでLAD/D1高度狭窄・LCX CTOを認め、HFrEFの原因として虚血性心筋症が強く示唆される。
3. 中心治療: 利尿薬・hANP持続静注・酸素・HCU管理に加え、原因冠動脈病変に対する経皮的冠動脈ステント留置術（K549+K546）とその後の心大血管リハビリ。
・入院前から数か月単位の浮腫・体調不良があり、今回のADHFは基礎にある重症虚血性心筋症の顕在化と考えられる。
・心筋シンチで前側壁誘発虚血、CTでLAD#7 90%狭窄とLCX CTOなど広範な多枝病変を認め、PCIにより心機能改善を図る治療戦略がとられている。
・EF記載のK549（PCI）と心大血管リハビリは、冠動脈疾患/虚血性心筋症を直接標的とした高侵襲・高資源の治療であり、単なる心不全増悪よりも主たる資源投入先となっている。
・ICD-10としては、慢性虚血を原因とするびまん性心機能低下を説明できる「虚血性心筋症（I255）」が最も整合的。
・DPC6はI255→050050（狭心症、慢性虚血性心疾患）にマップされ、同区分にはK549/K546などPCI関連Kコードが含まれており、本症例の手術内容と完全に一致する。心不全（050130）よりも手術分岐と合致する点で主候補となりうる。
・競合としてI509（心不全）もあるが、PCI・リハビリといった主たる医療資源は虚血性基礎疾患の血行再建に向けられており、本候補を別立てで保持する意義が大きい。",x,,分岐なし（xのみ）,,x,,分岐なし（xのみ）,,97,その他の手術（3件のKコードが他パターンに非該当）,"K549(経皮的冠動脈ステント留置術（その他のもの）), K546(該当する病変（経皮的冠動脈ステント留置術（その他のもの））：イ　心臓カテーテル法における９０％以上の狭窄病変), K546(該当する病変（経皮的冠動脈ステント留置術（その他のもの））：ウ　その他医学的必要性が認められる病変)",x,処置等1の分岐なし,3,"処置等2=3: E101(シングルホトンエミッションコンピューター断層撮影診断（一連）)[レセ電=170015010, 実施日=2026-06-01]",x,副傷病の分岐なし,,x,重症度の分岐なし (全 x),,050050xx97x3xx,"入院期間I:9日/4139点
入院期間II:19日/2771点
入院期間III:60日/2355点","入院日数32日
入院期間I:4139×9日=37251
入院期間II:2771×10日=27710
入院期間III:2355×13日=30615
合計:95576",95576,selected,,false,false,,050050xx97x3xx,,050050xx97x3xx,1000,同点候補なし,,,
5971797,2026-05-23,2026-06-23,ok,70.1,I500,慢性うっ血性心不全（HFrEF）急性増悪,慢性うっ血性心不全,0.78,050130,心不全,"1. 入院目的: 数日来の下腿浮腫・呼吸困難・低酸素血症で救急搬送され、「慢性心不全増悪」「初回心不全入院」と明記されている。
2. 主病名: LVEF18〜20%のHFrEF、両肺うっ血と胸水、NT-proBNP >10000などから、慢性うっ血性心不全の急性増悪として矛盾がない。
3. 中心治療: HCU収容下での酸素投与、フロセミド・hANP点滴による強力な除水、頻回検査モニタリング、心大血管リハビリ導入など、入院前半の資源投入の大半が心不全管理に費やされている。
・救急外来でADHF HFrEFと評価され、入院当初はMR severe/肺うっ血/胸水を伴う典型的なdecompensated HF像を呈している。
・利尿・hANP・酸素療法により数日で肺うっ血・胸水・浮腫が改善し、以後は内服調整とリハビリ中心の経過となっている。
・ICD-10としては、慢性かつうっ血性であることが明らかであり、「慢性うっ血性心不全（I500）」がI509（心不全包括）よりも具体的で適切と判断。
・DPC6はI500→050130（心不全）にマップされ、該当DPC6にはK549等PCI関連Kコードも手術分岐に含まれており、本症例のPCI実施とも矛盾しない。
・PCIや虚血評価は基礎病態精査・治療として重要だが、入院契機および前半の高強度管理の直接原因は心不全そのものであり、最資源投入病名として独立候補となる。",x,,分岐なし（xのみ）,,x,,分岐なし（xのみ）,,97,その他の手術（3件のKコードが他パターンに非該当）,"K549(経皮的冠動脈ステント留置術（その他のもの）), K546(該当する病変（経皮的冠動脈ステント留置術（その他のもの））：イ　心臓カテーテル法における９０％以上の狭窄病変), K546(該当する病変（経皮的冠動脈ステント留置術（その他のもの））：ウ　その他医学的必要性が認められる病変)",0,トリガーにマッチする処置コードなし,2,"処置等2=2: E101(シングルホトンエミッションコンピューター断層撮影診断（一連）)[レセ電=170015010, 実施日=2026-06-01]",0,トリガーに該当する副傷病なし,,x,重症度の分岐なし (全 x),,050130xx97020x,"入院期間I:15日/3504点
入院期間II:30日/2438点
入院期間III:90日/2072点","入院日数32日
入院期間I:3504×15日=52560
入院期間II:2438×15日=36570
入院期間III:2072×2日=4144
合計:93274",93274,rejected,点数が低い (差 2302),,,,,,,,,,,
5971797,2026-05-23,2026-06-23,ok,70.1,I051,僧帽弁閉鎖不全症（機能性）,リウマチ性僧帽弁閉鎖不全症,0.5,050080,弁膜症（連合弁膜症を含む。）,"1. 入院目的: 主目的は心不全/虚血精査だが、入院時心エコーではMR severeと記載され、心不全増悪の一因として弁膜症が強調されている。
2. 主病名: 心エコーで重症MR（後に除水でmildまで改善）を認め、HFrEFに対する二次性（機能性）僧帽弁閉鎖不全症と考えられる。
3. 中心治療: MRそのものに対する外科的/経カテーテル治療は施行されていないが、前負荷・後負荷調整（利尿薬・hANP・RAS阻害薬・SGLT2阻害薬等）によりMRの重症度を改善させる治療が継続されている。
・初期心エコーでMR severeと明記され、心不全症状の一因として注目されているが、volume reduction後はmildとなり、現時点では主たる介入対象とはなっていない。
・ICD-10では機能性MRを直接示すコードはなく、弁膜症としてはI05x/I34x群の適切な下位分類選択が必要となる。検索上はI051（リウマチ性僧帽弁閉鎖不全症）しかヒットしていないが、実臨床的には非リウマチ性機能性MRであり、弁膜症として包括的に扱う意図で本候補を補助的に保持する。
・DPC6はI051→050080（弁膜症）であり、このDPCにもPCI関連Kコードが含まれているため、理論上は本症例の手技とも矛盾しないが、本入院でMR自体に対する直接手術はなく、最資源投入病名としての重みは心不全や虚血性心筋症より低い。
・ただし、将来的に弁手術適応を検討する可能性や、心不全増悪に寄与した病態としての意義はあるため、低めのconfidenceで候補に残す。",x,,分岐なし（xのみ）,,x,,分岐なし（xのみ）,,97,その他の手術（3件のKコードが他パターンに非該当）,"K549(経皮的冠動脈ステント留置術（その他のもの）), K546(該当する病変（経皮的冠動脈ステント留置術（その他のもの））：イ　心臓カテーテル法における９０％以上の狭窄病変), K546(該当する病変（経皮的冠動脈ステント留置術（その他のもの））：ウ　その他医学的必要性が認められる病変)",x,処置等1の分岐なし,0,トリガーにマッチする処置コードなし,x,副傷病の分岐なし,,x,重症度の分岐なし (全 x),,050080xx97x0xx,"入院期間I:7日/3272点
入院期間II:17日/2331点
入院期間III:60日/1981点","入院日数32日
入院期間I:3272×7日=22904
入院期間II:2331×10日=23310
入院期間III:1981×15日=29715
合計:75929",75929,rejected,点数が低い (差 19647),,,,,,,,,,,
5971797,2026-05-23,2026-06-23,ok,70.1,I10,本態性高血圧症,本態性高血圧症,0.45,050140,高血圧性疾患,"1. 入院目的: 高血圧自体が直接の入院契機ではないが、既往として長年の高血圧があり、心不全・虚血性心疾患の背景因子として重要。
2. 主病名: 既往歴として「高血圧」が記載され、特定の二次性原因の記載はなく、本態性高血圧症とみなすのが妥当。
3. 中心治療: RAS阻害薬（ARB/ARNI→血圧低下で調整、最終的にACE-I少量追加）による血圧・後負荷管理が継続され、心不全・虚血病変の治療戦略全体に組み込まれている。
・救急隊到着時はBP150/78mmHg、その後は利尿や薬剤の影響でやや低値ながら、基礎高血圧が長期的な心・血管リモデリングや冠動脈硬化に寄与している。
・ICD-10上、原因不詳の長期高血圧はI10 本態性高血圧症とコーディングするのが標準であり、本症例でも他の二次性高血圧の所見はない。
・DPC6は050140（高血圧性疾患）にマップされるが、本入院では高血圧自体への特別な侵襲的処置やICU管理は行われておらず、医療資源投入の主役ではない。
・しかし、心不全・虚血性心疾患の基礎疾患として病態形成に大きく関与している可能性が高く、条件次第では高血圧性心不全（I110）などとの解釈もありうるため、低〜中等度のconfidenceで補助候補として保持する。",x,,分岐なし（xのみ）,,x,,分岐なし（xのみ）,,97,その他の手術（3件のKコードが他パターンに非該当）,"K549(経皮的冠動脈ステント留置術（その他のもの）), K546(該当する病変（経皮的冠動脈ステント留置術（その他のもの））：イ　心臓カテーテル法における９０％以上の狭窄病変), K546(該当する病変（経皮的冠動脈ステント留置術（その他のもの））：ウ　その他医学的必要性が認められる病変)",x,処置等1の分岐なし,0,トリガーにマッチする処置コードなし,x,副傷病の分岐なし,,x,重症度の分岐なし (全 x),,050140xx97x0xx,"入院期間I:7日/3171点
入院期間II:15日/2216点
入院期間III:60日/1884点","入院日数32日
入院期間I:3171×7日=22197
入院期間II:2216×8日=17728
入院期間III:1884×17日=32028
合計:71953",71953,rejected,点数が低い (差 23623),,,,,,,,,,,
6020046,2026-06-11,2026-06-25,ok,100.0,J13,肺炎球菌肺炎,肺炎球菌肺炎,0.9,040080,肺炎等,"1. 入院目的: 「肺炎に対する治療」「主訴: 呼吸困難」、画像で右上葉・中葉すりガラス影と左下葉浸潤影を認めて肺炎として入院。
2. 主病名: 肺炎 → 尿中肺炎球菌抗原陽性・喀痰培養で Streptococcus pneumoniae 陽性より「肺炎球菌肺炎」と特定可能 → ICD-10:J13。
3. 中心治療: セフメタゾール静注6/11-15、その後AMPC/CVA内服6/15-22、酸素投与、点滴、呼吸管理モニタリング、細菌培養多数、呼吸リハビリなど、入院期間を通じて治療の中心。
・本疾患が呼吸困難・酸素需要・CRP高値を来し、酸素投与(J024)、心拍呼吸監視(D220)、SpO2モニタ(D223)、血液ガス(D007)等の検査・処置の直接原因。
・肺炎球菌抗原(+)、喀痰培養S.pneumoniae(+)と微生物学的にも確定しており、非特異的肺炎コード(J189)よりJ13が妥当。
・COPDや肺癌は基礎疾患として影響するが、今回の急性悪化と医療資源投入の主因は肺炎球菌肺炎であり、入院全体を通した治療の軸。
・DPC6は040080「肺炎等」で、抗菌薬治療・酸素療法・呼吸リハビリなど本症例の資源投入と整合する。",0,病態等分類（年齢・肺炎種別）,年齢不明、デフォルト分岐 '0' を使用,,x,,分岐なし（xのみ）,,99,手術なし,,x,処置等1の分岐なし,0,トリガーにマッチする処置コードなし,x,副傷病の分岐なし,,x,重症度の分岐なし (全 x),,0400800x99x0xx,"入院期間I:7日/3424点
入院期間II:15日/2308点
入院期間III:60日/1961点","入院日数15日
入院期間I:3424×7日=23968
入院期間II:2308×8日=18464
合計:42432",42432,selected,,false,false,,0400800x99x0xx,,0400800x99x0xx,1000,同点候補なし,,,
6020046,2026-06-11,2026-06-25,ok,100.0,J44.1,慢性閉塞性肺疾患の急性増悪（COPD急性増悪）,慢性閉塞性肺疾患の急性増悪,0.7,040120,慢性閉塞性肺疾患,"1. 入院目的: 肺炎治療目的だが、既往にCOPDがあり、胸部CTで肺気腫ありと記載、入院中も呼吸苦と酸素需要遷延が問題となっている。
2. 主病名: COPD急性増悪と明記はないが、既存COPD患者の肺炎を契機とした呼吸状態悪化・酸素需要遷延・吸入薬再開が必要な臨床像であり、「慢性閉塞性肺疾患の急性増悪」としてICD-10:J44.1を考慮可能。
3. 中心治療: 酸素投与(J024)、呼吸心拍監視(D220)、SpO2モニタ(D223)、呼吸リハビリ(H003)、ビレーズトリ吸入再開、点滴治療、長期にわたるモニタリングなど呼吸管理関連資源が多く投入。
・6/18記録で「酸素需要が遷延」「もともとビレーズトリ吸入」「吸入薬を再開」とあり、単純な肺炎だけでなく基礎COPDの増悪が酸素需要遷延の一因。
・肺炎は抗菌薬終了後も酸素が少量必要で、呼吸リハビリ継続など、COPD増悪としての機能低下改善にも資源が割かれている。
・ICD-10 J44.1 は慢性閉塞性肺疾患の急性増悪であり、DPC6 040120「慢性閉塞性肺疾患」に対応し、吸入薬・酸素・呼吸リハビリなど本症例の治療内容に整合。
・肺炎が急性トリガーであっても、COPD急性増悪として独立した最資源投入病名候補となりうる。",x,,分岐なし（xのみ）,,x,,分岐なし（xのみ）,,99,手術なし,,0,トリガーにマッチする処置コードなし,0,トリガーにマッチする処置コードなし,x,副傷病の分岐なし,,x,重症度の分岐なし (全 x),,040120xx9900xx,"入院期間I:6日/3300点
入院期間II:11日/2227点
入院期間III:30日/1893点","入院日数15日
入院期間I:3300×6日=19800
入院期間II:2227×5日=11135
入院期間III:1893×4日=7572
合計:38507",38507,rejected,点数が低い (差 3925),,,,,,,,,,,
6020046,2026-06-11,2026-06-25,ok,100.0,I48.0,頻脈性心房細動,発作性心房細動,0.6,050070,頻脈性不整脈,"1. 入院目的: 呼吸困難と肺炎治療目的だが、入院時から頻脈・心房細動が併存し、感染に伴う頻脈性心房細動として評価されている。
2. 主病名: 「頻脈性心房細動」「心房細動」と連日記載され、洞調律への変化などをモニタリング。発作性に頻脈・徐脈を繰り返しており、ICD-10:I48.0(発作性心房細動) が最も近い。
3. 中心治療: ビソプロロール継続・増量、必要時オノアクト検討、心電図(D208)・心エコー(D215)施行、CHADS2-VASc評価、DOAC導入など循環器関連の医療資源が一定量投入。
・頻脈でHR90-100台、労作時頻脈持続、後日ECG・エコー再評価計画と、入院中の管理テーマの一つとなっている。
・DOAC開始やβ遮断薬増量は長期管理も見据えた介入であり、肺炎とは別軸の資源投入対象。
・DPC6コード050070「頻脈性不整脈」は心房細動に対応し、本例ではカテーテルアブレーション等のKコードはないが、薬物療法とモニタリング中心の不整脈管理症例として妥当。
・肺炎治療が主であるものの、心房細動管理にも検査・薬物調整が割かれており、条件次第で最資源投入病名となりうる補助的候補。",x,,分岐なし（xのみ）,,x,,分岐なし（xのみ）,,99,手術なし,,0,トリガーにマッチする処置コードなし,0,トリガーにマッチする処置コードなし,1,副傷病あり（value=1）,[EF] J024(酸素吸入（１日につき）) レセ電=140005610 → J96$(呼吸不全)とみなす 判断: EF上の酸素吸入の算定により呼吸不全相当と判定,x,重症度の分岐なし (全 x),,050070xx99001x,"入院期間I:5日/3315点
入院期間II:12日/2240点
入院期間III:30日/1904点","入院日数15日
入院期間I:3315×5日=16575
入院期間II:2240×7日=15680
入院期間III:1904×3日=5712
合計:37967",37967,rejected,点数が低い (差 4465),,,,,,,,,,,
6020046,2026-06-11,2026-06-25,ok,100.0,E87.6,低カリウム血症,低カリウム血症,0.5,10039x,体液・電解質・酸塩基平衡障害,"1. 入院目的: 肺炎治療が主だが、入院時検査でK 2.72 mmol/Lと重度低カリウム血症が判明し、入院直後から補正が重点管理項目となっている。
2. 主病名: 「低K」「低カリウム血症」として連日SOAP_Aに記載され、静脈KCL補正と内服追加が行われた。ICD-10:E87.6(低カリウム血症)が該当。
3. 中心治療: KCL輸液、補液継続、本日まで補液+内服追加と複数日の静脈・経口補正、電解質モニタリング(D007)。心房細動や頻脈の背景評価としても重要な管理対象であった。
・6/11,12,13,15,16,18の記録で低Kの改善傾向評価や再検査が繰り返されており、入院初期の主要な資源投入対象の一つ。
・DPC6 10039x「体液・電解質・酸塩基平衡障害」は本疾患に対応し、点滴(G004)・電解質検査(D007)・心電図(D208)等の資源投入と整合。
・肺炎やCOPDに比べると入院の根本原因ではないが、重度電解質異常として独立した入院適応レベルであり、最資源投入病名候補として一定の位置づけがある。",x,,分岐なし（xのみ）,,x,,分岐なし（xのみ）,,99,手術なし,,x,処置等1の分岐なし,x,処置等2の分岐なし,x,副傷病の分岐なし,,x,重症度の分岐なし (全 x),,10039xxx99xxxx,"入院期間I:4日/3332点
入院期間II:9日/2222点
入院期間III:30日/1889点","入院日数15日
入院期間I:3332×4日=13328
入院期間II:2222×5日=11110
入院期間III:1889×6日=11334
合計:35772",35772,rejected,点数が低い (差 6660),,,,,,,,,,,
6020046,2026-06-11,2026-06-25,ok,100.0,E11.9,２型糖尿病（糖尿病性合併症なし）,２型糖尿病・糖尿病性合併症なし,0.45,10007x,２型糖尿病（糖尿病性ケトアシドーシスを除く。）,"1. 入院目的: 肺炎治療が主だが、既往に糖尿病があり、入院中に高血糖が顕在化し治療調整が必要となった。
2. 主病名: 「高血糖/糖尿病」としてSOAP_Aで繰り返し言及され、空腹時血糖230–257mg/dL、インスリン・経口薬の調整が行われた。急性代謝合併症(ケトアシドーシス等)はなく、ICD-10:E11.9(２型糖尿病・合併症なし)が妥当。
3. 中心治療: 補液による血糖上昇を踏まえた輸液調整、インスリン投与とその後の基本単位調整、メトグルコ・グリメピリドの再開など、内分泌代謝管理に一定の医療資源が投入。
・血糖値の頻回測定(D007血糖)、内分泌検査(FT4,TSH,ACTH,コルチゾール)の一部は鑑別含め代謝評価として関連。
・DPC6 10007x「２型糖尿病」は本疾患に対応し、インスリン治療や経口薬管理中心の症例と整合する。
・入院の根本原因ではないが、高血糖コントロールは入院期間を通して継続テーマであり、糖尿病管理入院に近い側面もあるため、条件次第では最資源投入病名候補となりうる。",x,,分岐なし（xのみ）,,x,,分岐なし（xのみ）,,xx,パターン xx,,x,処置等1の分岐なし,1,"処置等2=1: 0169(インスリン製剤（注射薬に限る。）), (ノボラピッド注　１００単位／ｍｌ)[レセ電=620008895, 実施日=2026-06-12;2026-06-13;2026-06-14;2026-06-15;2026-06-16;2026-06-17;2026-06-18;2026-06-19;2026-06-20;2026-06-21;2026-06-22;2026-06-23;2026-06-24], (ランタス注１００単位／ｍｌ)[レセ電=620008945, 実施日=2026-06-12;2026-06-13;2026-06-14;2026-06-15;2026-06-16;2026-06-17;2026-06-18;2026-06-19;2026-06-20;2026-06-21;2026-06-22;2026-06-23]",x,副傷病の分岐なし,,x,重症度の分岐なし (全 x),,10007xxxxxx1xx,"入院期間I:6日/2871点
入院期間II:12日/2037点
入院期間III:30日/1731点","入院日数15日
入院期間I:2871×6日=17226
入院期間II:2037×6日=12222
入院期間III:1731×3日=5193
合計:34641",34641,rejected,点数が低い (差 7791),,,,,,,,,,,
6027963,2026-07-04,2026-07-23,ok,60.2,S5250,左橈骨遠位端骨折,橈骨遠位端骨折,0.9,160760,前腕の骨折,"1. 入院目的: 2t鉄柱に挟まれて受傷し、「左橈骨遠位端骨折」「腰椎左横突起骨折」の加療目的で救急搬送・入院。
2. 主病名: カルテ記載「左橈骨遠位端骨折」→ 橈骨遠位端骨折 S5250 が最も整合。
3. 中心治療: 7/10 に左橈骨遠位端骨折に対して骨接合術（骨折観血的整復固定術）を実施し、その後リハビリ・疼痛管理・荷重制限管理が継続。
- 本入院で唯一の手術対象であり、観血的骨接合術という高侵襲手術と術後管理に大きな資源が投入されている。
- 受傷から手術待機〜術後まで、入院全期間を通じて繰り返し主病名として記載され、リハビリや荷重制限などマネジメントの中心。
- ICD-10 S5250「橈骨遠位端骨折」はカルテ病名と解剖学的に一致し、開放創の記載もなく閉鎖骨折として矛盾しない。
- DPC6 は160760「前腕の骨折」であり、橈骨遠位端骨折に対する骨接合術（K0481x, K0464 等）が手術分岐として定義されており、今回予定・施行された骨接合術と整合する。腰椎骨折とは別グループで手術加算が大きく、主傷病候補として極めて有力。
- 競合する「多発外傷」「多発骨折」コードもありうるが、本症例では手術が左橈骨に集中しており、包括的外傷コードよりも手術対象骨折そのものを主病名とする方が資源投入実態をよく反映する。",x,,分岐なし（xのみ）,,x,,分岐なし（xのみ）,,99,手術なし,,x,処置等1の分岐なし,x,処置等2の分岐なし,x,副傷病の分岐なし,,x,重症度の分岐なし (全 x),,160760xx99xxxx,"入院期間I:2日/3899点
入院期間II:8日/2084点
入院期間III:30日/1771点","入院日数20日
入院期間I:3899×2日=7798
入院期間II:2084×6日=12504
入院期間III:1771×12日=21252
合計:41554",41554,rejected,点数が低い (差 2252),,,,,,,,,,,
6027963,2026-07-04,2026-07-23,ok,60.2,S3200,腰椎左横突起骨折（L1-3）,腰椎横突起骨折,0.75,160690,胸椎、腰椎以下骨折損傷（胸・腰髄損傷を含む。）,"1. 入院目的: 2t鉄柱に挟まれた外傷で「腰椎左横突起骨折」「左橈骨遠位端骨折」を主病名として救急搬送・入院。
2. 主病名: カルテ記載「腰椎左横突起骨折」→ 腰椎横突起骨折 S3200 が最も適合（急性外傷・閉鎖性骨折）。
3. 中心治療: コルセット装着、疼痛管理、離床・歩行訓練、転院までの安静・リハビリ管理。
- 高エネルギー外傷（2t鉄柱に挟まれる）でL1-3の左横突起骨折を認め、入院経過を通じて毎日診断名として反復記載されている。
- 保存的加療とはいえ、コルセット作成・装着、離床制限、腰痛管理、歩行能力評価・リハビリなど継続的な医療資源が投入されている。
- ICD-10 S3200「腰椎横突起骨折」はCT所見とカルテ病名に整合し、開放骨折や病的骨折の記載はないため一般的な外傷性骨折コードで妥当。
- DPC6 は160690「胸椎、腰椎以下骨折損傷」であり、脊椎固定術などのKコードが列挙されるが、本症例では手術は行っておらず保存療法群としての入院管理に相当する。
- 同一入院で左橈骨遠位端骨折に対する骨接合術が行われているため主病名としては橈骨側がやや優勢だが、腰椎骨折単独も入院の大きな理由となっており、最資源投入病名候補として十分成立する。",x,,分岐なし（xのみ）,,x,,分岐なし（xのみ）,,99,手術なし,,x,処置等1の分岐なし,x,処置等2の分岐なし,x,副傷病の分岐なし,,x,重症度の分岐なし (全 x),,160690xx99xxxx,"入院期間I:8日/2756点
入院期間II:15日/1934点
入院期間III:60日/1644点","入院日数20日
入院期間I:2756×8日=22048
入院期間II:1934×7日=13538
入院期間III:1644×5日=8220
合計:43806",43806,selected,,true,false,0.78,160690xx99xxxx,160690xx99xxxx,160690xx99xxxx,1000,同点候補あり,入院目的は2t鉄柱による外傷での「腰椎左横突起骨折」「左橈骨遠位端骨折」管理であり、カルテでは経過を通じて腰椎左横突起骨折が主病名として毎回記載され、コルセット作成・装着や歩行訓練など明確に資源投入あり。多発外傷（T07）は包括的表現であり、本症例では個々の骨折名を立てて管理しているため、DPC6=160690の候補0を主病名とするのが妥当。,,
6027963,2026-07-04,2026-07-23,ok,60.2,T07.0,多発外傷（頭部・腰部・左手関節など）,多発性外傷,0.55,160990,多部位外傷,"1. 入院目的: 2t鉄柱に短時間挟まれ、腹部・腰部・左手首・頭部など複数部位を同時受傷した外傷として救急搬送。
2. 主病名: 「腹部、腰部、左手首、頭部を負傷」「右側頭部擦過傷＋圧痛＋、左橈骨遠位端骨折、L1-3左横突起骨折」などの記載から、多発性外傷として包括的に捉えうる。
3. 中心治療: 全身評価（Xp/CT、血液・血液ガス）、入院初期の全身観察、疼痛管理、転倒リスク管理など外傷全体への対応。
- 本症例は一箇所の単独骨折ではなく、頭部擦過傷・腰椎骨折・前腕骨折など多部位外傷であり、その総体として入院・観察が必要と判断されている。
- ICD-10 T07.0「多発性外傷」は詳細不明な外傷の包括コードだが、DPC6では160990「多部位外傷」として区分され、複数部位の損傷を包括的に扱う診断群が存在する。
- 実際には左橈骨遠位端骨折に対する骨接合術が資源投入の中心のため、骨折単位コードを主病名とする方が一般的だが、多発外傷としてDPCを組む施設運用もありうるため、最資源投入病名候補として補助的に保持する価値がある。
- 頭部打撲単独（S000）よりも、多部位合併損傷の全体像を表す点で本症例にはより適合する。",x,,分岐なし（xのみ）,,x,,分岐なし（xのみ）,,99,手術なし,,x,処置等1の分岐なし,0,トリガーにマッチする処置コードなし,x,副傷病の分岐なし,,x,重症度の分岐なし (全 x),,160990xx99x0xx,"入院期間I:6日/2999点
入院期間II:14日/1935点
入院期間III:60日/1645点","入院日数20日
入院期間I:2999×6日=17994
入院期間II:1935×8日=15480
入院期間III:1645×6日=9870
合計:43344",43344,rejected,点数が低い (差 462),,,,,,,,,,,
6027963,2026-07-04,2026-07-23,ok,60.2,S000.0,頭部打撲（右側頭部擦過傷）,頭部打撲,0.45,160100,頭蓋・頭蓋内損傷,"1. 入院目的: 鉄柱に挟まれた外傷で頭部も受傷し、「右側頭部：擦過傷＋圧痛＋」と記載されているが、意識清明で神経学的異常は明記なし。
2. 主病名: カルテ上は明示的な診断名として挙がっていないが、身体所見より「頭部打撲」「側頭部擦過傷」として整理しうる。
3. 中心治療: 初期評価における神経学的観察、頭部保護の指導程度で、特別な処置や手術は行われていない。
- 頭部受傷は高エネルギー多発外傷の一部であり、当初は重篤な頭部外傷を危惧して全身検索が行われたと推察される。
- しかしCT等で明らかな頭蓋内損傷の記載はなく、入院経過でも頭部症状のフォローは目立たない。
- ICD-10 S000.0「頭部打撲」は身体所見に合致するが、DPC6では160100「頭蓋・頭蓋内損傷」となり、通常は脳挫傷など重症頭部外傷で主病名に用いることが多い。本症例では軽症であり、最資源投入病名としての重みは小さい。
- ただし初期トリアージや画像検査など外傷評価の一因であり、多発外傷全体の一部としてわずかながら資源は投入されているため、補助候補として列挙する。",x,,分岐なし（xのみ）,,x,,分岐なし（xのみ）,,99,手術なし,,x,処置等1の分岐なし,0,トリガーにマッチする処置コードなし,0,副傷病なし（AI/EF探索で該当なし）,,x,重症度の分岐なし (全 x),,160100xx99x00x,"入院期間I:2日/4255点
入院期間II:6日/2313点
入院期間III:30日/1966点","入院日数20日
入院期間I:4255×2日=8510
入院期間II:2313×4日=9252
入院期間III:1966×14日=27524
合計:45286",45286,rejected,上位候補に劣る,,,,,,,,,,,
6027963,2026-07-04,2026-07-23,ok,60.2,K760,脂肪肝（既存病変）,脂肪肝,0.3,060290,慢性肝炎（慢性Ｃ型肝炎を除く。）,"1. 入院目的: 外傷精査CTで偶発的に「脂肪肝あり、区域に17mm大の高吸収病変(2022年の胸腹部CTでもあり)」と記載されており、今回入院の主訴や目的ではない。
2. 主病名: 画像所見から一般的な「脂肪肝」と判断され、アルコール性の明確な記載はなく K760 が妥当。
3. 中心治療: 外傷評価の一環として過去画像と比較されたのみで、脂肪肝自体に対する特別な治療・精査はこの入院中には行われていない。
- 既往として持ち越されている慢性的な肝脂肪変化であり、今回入院の入院期間や医療資源投入にはほぼ影響していない。
- ICD-10 K760「脂肪肝」はDPC6 では060290「慢性肝炎（慢性C型肝炎を除く。）」にマッピングされるが、本症例では当該DPC6を主とするような処置・検査（肝生検、肝特異的治療など）は行われていない。
- よって最資源投入病名として採用される可能性は低いが、画像で繰り返し確認されている基礎疾患として補助的候補にとどめる。",x,,分岐なし（xのみ）,,x,,分岐なし（xのみ）,,99,手術なし,,x,処置等1の分岐なし,0,トリガーにマッチする処置コードなし,x,副傷病の分岐なし,,x,重症度の分岐なし (全 x),,060290xx99x0xx,,20日 包括対象外,,rejected,包括対象外,,,,,,,,,,,
6031532,2026-06-15,2026-07-04,ok,131.0,I500,急性増悪したうっ血性心不全（HFrEF）,うっ血性心不全,0.9,050130,心不全,"1. 入院目的: 「心不全加療」。主訴は労作時呼吸困難と両側下腿浮腫で、急性心不全疑いとして救急から緊急入院。
2. 主病名: カルテ上「うっ血性心不全 初回」「ADHF(CS1)/HFrEF」と一貫記載されており、ICD-10 は最も直接的な「I500 うっ血性心不全」が適合。
3. 中心治療: NTGでの降圧、ラシックス静注・hANP持続投与、酸素・呼吸心拍モニタリング、心大血管疾患リハビリ、心エコー・心肺運動負荷試験・心臓MRI等の心精査、GDMT（ARNI/ARB, BB, MRA, SGLT2i）導入と漸増。
・急性心不全像（起坐呼吸、SpO2低下、NT-proBNP高値、浮腫）に対する集中管理と利尿・血管拡張・ネプリライシン阻害薬導入が入院全体の中心であり、最も医療資源を消費した病態。
・EF 38〜43% と心機能低下を伴うが、カルテ上の主ラベリングは「ADHF/HFrEF」であり、DPCでは心不全（050130）に載るI500が運用上妥当。
・DPC6「050130 心不全」は本症例で行われた心大血管リハビリ（H000）、各種心機能検査（D210, D211, D215, CPX, Holter）と整合し、心不全急性増悪を目的とした入院経過と合致する。
・鑑別として基礎心筋症（I420/I422）もあるが、今回の入院で最も資源投入されたのは急性増悪した心不全そのものと判断し、本候補を主に保持する。",x,,分岐なし（xのみ）,,x,,分岐なし（xのみ）,,99,手術なし,,0,トリガーにマッチする処置コードなし,0,"処置等2=0: H000(心大血管疾患リハビリテーション料（１）（１単位）（理学療法士による場合）)[レセ電=180744210, 実施日=2026-06-16;2026-06-17;2026-06-22;2026-06-23;2026-06-24;2026-06-29;2026-06-30;2026-07-02], H000(心大血管疾患リハビリテーション料（１）（１単位）（看護師による場合）)[レセ電=180744510, 実施日=2026-06-18;2026-06-19;2026-06-20;2026-06-21;2026-06-22;2026-06-23;2026-06-25;2026-06-26;2026-06-27;2026-06-28;2026-07-01], H000(心大血管疾患リハビリテーション料（１）（１単位）（集団療法による場合）)[レセ電=180744610, 実施日=2026-06-27;2026-06-29;2026-06-30;2026-07-01;2026-07-03]",x,副傷病の分岐なし,,0,"branch=0 numeric=0 label=他の病院・診療所の病棟からの転院以外 / 紹介元は春日クリニックであり、来院手段も「一般」とされており、他院病棟からの転院入院とは判断できない。 (verifier 不整合あり, best-effort 採用: ['conclusion_label_mismatch'])",[2026-06-15]本日春日クリニック受診され、急性心不全・肺塞栓の疑いで当院紹介となった。; [2026-06-15]本日春日クリニック受診され、急性心不全・肺塞栓の疑いで当院紹介となった。各種検査上急性心不全の診断で当院緊急入院。; [2026-06-15]1.来院手段：一般,050130xx9900x0,"入院期間I:7日/3150点
入院期間II:14日/2242点
入院期間III:60日/1906点","入院日数20日
入院期間I:3150×7日=22050
入院期間II:2242×7日=15694
入院期間III:1906×6日=11436
合計:49180",49180,selected,,false,false,,050130xx9900x0,,050130xx9900x0,1000,同点候補なし,,,
6031532,2026-06-15,2026-07-04,ok,131.0,I420,拡張相肥大型心筋症（dHCM）,拡張相肥大型心筋症,0.7,050060,心筋症（拡張型心筋症を含む。）,"1. 入院目的: 表向きは心不全加療だが、入院後一貫して Fabry を含めた心精査・CMR などが計画され、心筋症の鑑別・診断が重要な目的となっている。
2. 主病名: TTE で EF 38〜43%、CMR 所見から「dHCM s/o」と記載され、拡張相肥大型心筋症が疑われている。ICD-10 では dHCM を含む「I420 拡張相肥大型心筋症」が最も近い。
3. 中心治療: GDMT（ARNI/ARB, BB, MRA, SGLT2i）の導入・漸増、Fabry含めた精査、心臓MRI（CMR）、MSCT、CPX、ホルター、反復TTEなど、心筋症の評価・長期管理を見据えた高度な心精査が多数施行されている。
・今回の心不全急性増悪の基盤としてdHCMが強く疑われ、その確認と重症度評価のために心臓MRIや運動負荷試験など高コスト検査が行われており、入院中の医療資源投入に大きく寄与。
・I420 は DPC6「050060 心筋症」に対応し、心筋症に対する心機能評価・デバイス適応検討・心不全薬物療法導入と整合する。
・急性期管理そのものは心不全（I500）に紐づくが、入院中盤以降は心筋症原因精査と長期管理方針決定が治療の柱となっているため、最資源投入病名の有力な並立候補として保持する。",x,,分岐なし（xのみ）,,x,,分岐なし（xのみ）,,99,手術なし,,0,トリガーにマッチする処置コードなし,0,"処置等2=0: H000(心大血管疾患リハビリテーション料（１）（１単位）（理学療法士による場合）)[レセ電=180744210, 実施日=2026-06-16;2026-06-17;2026-06-22;2026-06-23;2026-06-24;2026-06-29;2026-06-30;2026-07-02], H000(心大血管疾患リハビリテーション料（１）（１単位）（看護師による場合）)[レセ電=180744510, 実施日=2026-06-18;2026-06-19;2026-06-20;2026-06-21;2026-06-22;2026-06-23;2026-06-25;2026-06-26;2026-06-27;2026-06-28;2026-07-01], H000(心大血管疾患リハビリテーション料（１）（１単位）（集団療法による場合）)[レセ電=180744610, 実施日=2026-06-27;2026-06-29;2026-06-30;2026-07-01;2026-07-03]",x,副傷病の分岐なし,,x,重症度の分岐なし (全 x),,050060xx9900xx,"入院期間I:4日/3248点
入院期間II:10日/2325点
入院期間III:30日/1976点","入院日数20日
入院期間I:3248×4日=12992
入院期間II:2325×6日=13950
入院期間III:1976×10日=19760
合計:46702",46702,rejected,点数が低い (差 2478),,,,,,,,,,,
6031532,2026-06-15,2026-07-04,ok,131.0,I110,高血圧性心不全,高血圧性うっ血性心不全,0.55,050140,高血圧性疾患,"1. 入院目的: 高度高血圧（入院時BP 192/133mmHg）を背景とした心不全加療であり、カルテ上に「高血圧症」の診断が併記されている。
2. 主病名: 診断名として「うっ血性心不全」「高血圧症」が並記されており、高血圧性心疾患としての位置づけも臨床的に妥当。ICD-10 では心不全を伴う高血圧性心疾患として「I110 高血圧性うっ血性心不全」が候補となる。
3. 中心治療: NTGによる急性降圧、ARB/ARNI, BB, MRA, SGLT2i による血圧・心負荷コントロール、連日BPモニタリング、心リハでの運動負荷下血圧管理など、高血圧性心不全としての治療が継続。
・高度高血圧が心不全増悪の重要な背景因子であり、薬物治療調整やモニタリングに相応の資源が投下されている。
・I110 は DPC6「050140 高血圧性疾患」に対応し、心不全を伴う高血圧性心疾患としての包括的扱いが可能。
・ただしカルテ上の主ラベリングは「うっ血性心不全/HFrEF」であり、高血圧は併存疾患として扱われているため、急性心不全（I500）や心筋症（I420）に比べると主病名としての優先度はやや下がるが、病態の一体性から最資源投入病名の代替候補として保持する。",x,,分岐なし（xのみ）,,x,,分岐なし（xのみ）,,99,手術なし,,x,処置等1の分岐なし,0,トリガーにマッチする処置コードなし,0,トリガーに該当する副傷病なし,,x,重症度の分岐なし (全 x),,050140xx99x00x,"入院期間I:3日/3636点
入院期間II:6日/2215点
入院期間III:30日/1882点","入院日数20日
入院期間I:3636×3日=10908
入院期間II:2215×3日=6645
入院期間III:1882×14日=26348
合計:43901",43901,rejected,点数が低い (差 5279),,,,,,,,,,,
6031532,2026-06-15,2026-07-04,ok,131.0,E668,病的肥満（高度肥満による肥満症）,病的肥満症,0.6,100120,肥満症,"1. 入院目的: 直接の入院理由は心不全だが、BMI 46.8（120kg/160cm）の高度肥満が心不全発症・持続に大きく寄与していると評価され、経過中一貫して肥満への言及と生活指導が行われている。
2. 主病名: 診断名として「高度肥満 BMI:46」「Obesity(BMI 46)」が繰り返し記載されており、ICD-10 上は「E668 病的肥満症」が最も適合する。
3. 中心治療: 体重管理指導、心リハによる運動療法、今後の外来でのマンジャロ導入検討、睡眠時無呼吸精査（PSG）など、肥満そのものを標的とした評価・介入が計画されている。
・肥満は心不全発症・持続の根本要因であり、心不全治療やSAS評価など多くの医療資源投入の背景病態。
・E668 は DPC6「100120 肥満症」に対応し、減量治療やバリアトリックサージャリー（本症例では未実施）を含む肥満管理の枠組みと合致する。
・今回は心不全急性増悪が主イベントであるため主候補よりは劣るが、入院中の心リハ・長期減量戦略立案など肥満症自体にも相応の資源が割かれており、最資源投入病名の候補として保持する。",x,,分岐なし（xのみ）,,x,,分岐なし（xのみ）,,99,手術なし,,x,処置等1の分岐なし,x,処置等2の分岐なし,x,副傷病の分岐なし,,x,重症度の分岐なし (全 x),,100120xx99xxxx,"入院期間I:6日/2948点
入院期間II:11日/2092点
入院期間III:30日/1778点","入院日数20日
入院期間I:2948×6日=17688
入院期間II:2092×5日=10460
入院期間III:1778×9日=16002
合計:44150",44150,rejected,点数が低い (差 5030),,,,,,,,,,,
6031532,2026-06-15,2026-07-04,ok,131.0,G473,閉塞性睡眠時無呼吸症候群,閉塞性睡眠時無呼吸,0.5,030250,睡眠時無呼吸,"1. 入院目的: 心不全での入院だが、初日から「睡眠時無呼吸症候群の疑い」が挙げられ、心不全・肥満と関連する重要な合併症として評価されている。
2. 主病名: 「SAS s/o」と連日記載され、終夜睡眠ポリグラフィー（携帯用装置 D237）と脳波検査判断料2（D238）が施行されていることから、閉塞性SASを強く疑い精査している。ICD-10 では「G473 閉塞性睡眠時無呼吸」が最も適合。
3. 中心治療: PSG検査による診断目的入院要素、今後のCPAP導入等を見据えた評価が行われており、検査・モニタリングに一定の医療資源が投入されている。
・心不全・肥満と三位一体で病態を形成し、睡眠時低酸素・負荷増大が心不全管理にも影響するため、合併症としての重みが大きい。
・G473 に対応するDPC6は「030250 睡眠時無呼吸」であり、本症を主病名とすると循環器系の心不全DPCとは異なる群になる可能性がある。
・今回の入院資源の大半は心不全治療に向けられているが、SAS精査として終夜検査など専門検査も行われているため、条件次第では本疾患を主病名として選択しうるケースもあり、補完的候補として保持する。",x,,分岐なし（xのみ）,,x,,分岐なし（xのみ）,,99,手術なし,,0,トリガーにマッチする処置コードなし,x,処置等2の分岐なし,x,副傷病の分岐なし,,x,重症度の分岐なし (全 x),,030250xx990xxx,"入院期間I:1日/2361点
入院期間II:2日/1932点
入院期間III:30日/1739点","入院日数20日
入院期間I:2361×1日=2361
入院期間II:1932×1日=1932
入院期間III:1739×18日=31302
合計:35595",35595,rejected,点数が低い (差 13585),,,,,,,,,,,
6064959,2026-07-22,2026-07-31,ok,105.8,C341,右上葉肺扁平上皮癌 cT3N1M0 cStage IIIA,上葉肺扁平上皮癌,0.95,040040,肺の悪性腫瘍,"1. 入院目的: 右上葉肺癌に対する手術およびその術前血糖コントロール目的で入院。
2. 主病名: カルテ記載「右上葉肺癌 Sq.s/o cT3N1M0 cStageIIIA」より、右上葉原発の肺扁平上皮癌と判断し C341 を選択。
3. 中心治療: K514 肺悪性腫瘍手術（開胸下右上葉切除、ND2a-1）、全身麻酔、胸腔ドレーン管理、呼吸リハ。
4. 腫瘍は右上葉 S2 の5cm大腫瘤で画像・気管支鏡生検（NSCLC Sq）より原発性右上葉肺扁平上皮癌が妥当。
5. 手術の直接の対象はこの腫瘍であり、入院全体の医療資源（手術・麻酔・術後管理）の大部分が本疾患に投入。
6. ICD-10 は部位（上葉）+悪性腫瘍+扁平上皮癌に合致する C341 が最も適切。
7. DPC6 は C341→040040（肺の悪性腫瘍）で、そこに K514 系（肺葉切除）が手術コードとして登録されており、今回の K514 と完全整合。
8. 近接候補である糖尿病等は術前管理要因であり、手術・入院の主対象病態である本肺癌に比べ資源投入の中心ではない。",x,,分岐なし（xのみ）,,x,,分岐なし（xのみ）,,97,その他の手術（5件のKコードが他パターンに非該当）,"K514(肺悪性腫瘍手術（肺葉切除又は１肺葉を超えるもの）), K931(超音波凝固切開装置等加算), K000(周術期口腔機能管理後手術加算（手術）), K000(周術期栄養管理実施加算), K936(自動縫合器（６個）使用加算)",x,処置等1の分岐なし,0,トリガーにマッチする処置コードなし,0,副傷病なし（AI/EF探索で該当なし）,,x,重症度の分岐なし (全 x),,040040xx97x00x,"入院期間I:4日/3244点
入院期間II:9日/2410点
入院期間III:30日/2048点","入院日数10日
入院期間I:3244×4日=12976
入院期間II:2410×5日=12050
入院期間III:2048×1日=2048
合計:27074",27074,selected,,false,false,,040040xx97x00x,,040040xx97x00x,1000,同点候補なし,,,
6064959,2026-07-22,2026-07-31,ok,105.8,E11.9,２型糖尿病（術前血糖コントロール目的）,２型糖尿病,0.75,10007x,２型糖尿病（糖尿病性ケトアシドーシスを除く。）,"1. 入院目的: 「術前血糖コントロール目的に本日入院」と繰り返し明記されており、周術期管理上の主要目的の一つ。
2. 主病名: 既往歴・診断欄で「糖尿病」、HbA1c 8.7% とコントロール不良の２型糖尿病と考え、合併症記載なく、E11の詳細不明型 E11.9 を採用。
3. 中心治療: 毎食前/眠前の頻回血糖測定、インスリン用量調整、糖尿病患者としての麻酔加算（L008 糖尿病患者）、周術期栄養管理加算(K000) 等。
4. 入院前後で糖尿病コントロールが手術の安全性に直結し、術前数日間は血糖管理が日々の記録の中心テーマとなっている。
5. ケトアシドーシスや昏睡の記載はなく、典型的な２型糖尿病（合併症詳細不明）として E11.9 が妥当。
6. DPC6 上は２型糖尿病（10007x）のグループに該当するが、同一入院で肺癌手術というより大きな資源投入イベントがあるため、最主病とはならない可能性が高いものの、糖尿病教育・血糖管理入院に近い資源投入があり候補として保持。
7. 肺癌（C341）との鑑別では、手術対象ではないものの、複数日の持続的管理が行われており、もし手術が中止・延期されていれば糖尿病コントロール入院として主傷病となりうるレベルの資源投入と判断。",x,,分岐なし（xのみ）,,x,,分岐なし（xのみ）,,xx,パターン xx,,x,処置等1の分岐なし,1,"処置等2=1: 0169(インスリン製剤（注射薬に限る。）), (ノボラピッド注　１００単位／ｍｌ)[レセ電=620008895, 実施日=2026-07-22;2026-07-23;2026-07-24;2026-07-25;2026-07-26;2026-07-27;2026-07-28;2026-07-29;2026-07-30], (ランタス注１００単位／ｍｌ)[レセ電=620008945, 実施日=2026-07-23;2026-07-24;2026-07-25;2026-07-26;2026-07-27;2026-07-28;2026-07-29;2026-07-30]",x,副傷病の分岐なし,,x,重症度の分岐なし (全 x),,10007xxxxxx1xx,"入院期間I:6日/2871点
入院期間II:12日/2037点
入院期間III:30日/1731点","入院日数10日
入院期間I:2871×6日=17226
入院期間II:2037×4日=8148
合計:25374",25374,rejected,点数が低い (差 1700),,,,,,,,,,,
6064959,2026-07-22,2026-07-31,ok,105.8,J449,慢性閉塞性肺疾患に伴う閉塞性換気障害,慢性閉塞性肺疾患,0.55,040120,慢性閉塞性肺疾患,"1. 入院目的: 肺癌手術の周術期管理の一環として、呼吸機能評価・術後呼吸リハを含む管理が必要な症例。
2. 主病名: カルテ診断名「閉塞性換気障害」から、慢性閉塞性肺疾患に伴う閉塞性換気障害と解釈し、合併症の詳細記載がないため J449（慢性閉塞性肺疾患）を選択。
3. 中心治療: 術前の肺機能評価（FEV1.0 80.9%, FEV1.0% 58.25%）、術後の呼吸リハビリ（H003）、呼吸・酸素化モニタリング（D220 呼吸心拍監視、血液ガス分析）等。
4. 肺癌手術のリスク評価と術後離床・呼吸管理において閉塞性換気障害は重要な背景疾患であり、呼吸リハ算定など一定の資源が継続投入されている。
5. 明らかな急性増悪や下気道感染の記載はなく、基礎疾患としての COPD 相当とみなし J449（慢性閉塞性肺疾患）を採用するのが妥当。
6. DPC6 は 040120（慢性閉塞性肺疾患）に対応し、呼吸リハ・呼吸モニタリング等の処置内容とも整合する。
7. 一方で、同一入院には肺悪性腫瘍手術というより大規模な資源投入があるため、本疾患単独が最主病となる可能性はやや低いが、呼吸リハを伴う慢性呼吸器疾患管理として一定の資源集中があり候補として保持。",x,,分岐なし（xのみ）,,x,,分岐なし（xのみ）,,97,その他の手術（5件のKコードが他パターンに非該当）,"K514(肺悪性腫瘍手術（肺葉切除又は１肺葉を超えるもの）), K931(超音波凝固切開装置等加算), K000(周術期口腔機能管理後手術加算（手術）), K000(周術期栄養管理実施加算), K936(自動縫合器（６個）使用加算)",x,処置等1の分岐なし,0,トリガーにマッチする処置コードなし,x,副傷病の分岐なし,,x,重症度の分岐なし (全 x),,040120xx97x0xx,"入院期間I:11日/3198点
入院期間II:22日/2222点
入院期間III:60日/1889点","入院日数10日
入院期間I:3198×10日=31980
合計:31980",31980,rejected,上位候補に劣る,,,,,,,,,,,
6064959,2026-07-22,2026-07-31,ok,105.8,I652,両側内頚動脈狭窄症（バイパス術後）,内頚動脈狭窄症,0.4,010070,脳血管障害,"1. 入院目的: 主として肺癌手術・糖尿病コントロールであるが、背景に高度脳血管疾患リスク（両側内頚動脈狭窄・TIA・脳梗塞既往）があり、周術期管理上重要な併存症。
2. 主病名: カルテ診断名「両側内頚動脈狭窄（バイパス術後） 陳旧性脳梗塞」から、基本疾患として I652 内頚動脈狭窄症を選択。
3. 中心治療: 抗血小板薬（シロスタゾール）内服の中止タイミング調整、周術期脳血管イベント予防管理、モニタリングなど（具体的検査コードは本入院では少ないが、周術期リスク管理として重要）。
4. 既往疾患ではあるものの、抗血栓薬の管理や麻酔・手術戦略に大きく影響しうる背景病態であり、合併症としての資源投入候補になりうる。
5. ICD-10 は内頚動脈の狭窄病変として I652 が最も適合し、既にバイパス術後であっても基礎疾患コードとして使用可能。
6. DPC6 は 010070（脳血管障害）に対応し、本疾患が主傷病であるような入院（頚動脈内膜剥離術や血行再建）があれば大きな資源投入となる病態であることから、今回入院でも理論的には主候補となりうる病名として保持。
7. ただし、今回入院では実際には脳血管系の手術や侵襲的処置は行われておらず、資源投入量は肺癌手術や糖尿病管理に比べて明らかに少ないため、相対的優先度は低い。",x,,分岐なし（xのみ）,,x,,分岐なし（xのみ）,,97,その他の手術（5件のKコードが他パターンに非該当）,"K514(肺悪性腫瘍手術（肺葉切除又は１肺葉を超えるもの）), K931(超音波凝固切開装置等加算), K000(周術期口腔機能管理後手術加算（手術）), K000(周術期栄養管理実施加算), K936(自動縫合器（６個）使用加算)",x,処置等1の分岐なし,0,トリガーにマッチする処置コードなし,x,副傷病の分岐なし,,x,重症度の分岐なし (全 x),,010070xx97x0xx,"入院期間I:8日/3347点
入院期間II:17日/2192点
入院期間III:60日/1864点","入院日数10日
入院期間I:3347×8日=26776
入院期間II:2192×2日=4384
合計:31160",31160,rejected,上位候補に劣る,,,,,,,,,,,
6064959,2026-07-22,2026-07-31,ok,105.8,I10.9,本態性高血圧症・脂質異常症を伴う動脈硬化性背景,本態性高血圧症,0.35,050140,高血圧性疾患,"1. 入院目的: 直接の入院目的は肺癌手術と糖尿病コントロールであるが、高血圧症・脂質異常症は脳血管疾患・動脈硬化の背景として周術期全身管理に影響。
2. 主病名: カルテ診断名「高血圧症、脂質異常症」より、特記すべき続発性要因なく本態性高血圧症と考え I10（詳細不明型として I10.9 相当）を選択。脂質異常症は E785 だが、ここでは主要循環器リスクとして高血圧を代表させる。
3. 中心治療: 術前・術後を通じた血圧・循環動態の管理、麻酔リスク評価など（明確な降圧薬調整の記載は少ないが、バイタル安定維持に人的資源が投下されている）。
4. 高血圧症自体に対する特異的な検査や処置コードは今回のEFに乏しいものの、慢性心血管リスクとして全身麻酔・開胸手術のリスク層別に関与していると考えられる。
5. ICD-10 は原因不明の高血圧として I10 が標準であり、他の続発性高血圧を示す記載がないためこれを採用。
6. DPC6 は 050140（高血圧性疾患）に対応し、高血圧を主病名とする入院では降圧療法調整や検査に資源投入が行われうる病態であることから、理論上の主傷病候補として保持。
7. しかし本症例の実際の資源投入は、肺癌手術・糖尿病管理・呼吸器リハに比べ限定的であり、今回入院における最資源投入病名として採用される可能性は低め。",x,,分岐なし（xのみ）,,x,,分岐なし（xのみ）,,97,その他の手術（5件のKコードが他パターンに非該当）,"K514(肺悪性腫瘍手術（肺葉切除又は１肺葉を超えるもの）), K931(超音波凝固切開装置等加算), K000(周術期口腔機能管理後手術加算（手術）), K000(周術期栄養管理実施加算), K936(自動縫合器（６個）使用加算)",x,処置等1の分岐なし,0,トリガーにマッチする処置コードなし,x,副傷病の分岐なし,,x,重症度の分岐なし (全 x),,050140xx97x0xx,"入院期間I:7日/3171点
入院期間II:15日/2216点
入院期間III:60日/1884点","入院日数10日
入院期間I:3171×7日=22197
入院期間II:2216×3日=6648
合計:28845",28845,rejected,上位候補に劣る,,,,,,,,,,,
6088581,2026-07-10,2026-07-24,ok,107.2,I509,慢性心不全の急性増悪（肺性心による右心不全）,慢性心不全,0.78,050130,心不全,"1. 入院目的: 心不全加療目的に循環器内科へ緊急入院されている。
2. 主病名: 慢性心不全の急性増悪（肺性心・右心不全を伴う）→ I509 心不全を包括コードとして選択。
3. 中心治療: DOB持続静注による強心治療、ラシックス静注・トルバプタンなどによる積極的利尿、心エコー・BNP連日の評価、酸素投与・モニタリングなど心不全管理に多くの資源が投下。
- 入院時所見として肺うっ血、右胸水、下肢浮腫、低血圧、BNP著明高値を認め、心不全急性増悪が入院適応となっている。
- 入院期間を通じて循環器側記録は心不全コントロールと利尿調整が治療計画の中心であり、体重変動や尿量を詳細にフォローしている。
- I509は急性・慢性・左右心の別を含めた心不全全般のコードであり、慢性心不全の急性増悪・右心不全を包括できる4桁コードとして妥当。
- DPC6は050130（心不全）で、心エコー、NT-proBNP、持続点滴、酸素投与など今回の治療内容と整合し、心不全管理としての医療資源投入が大きい。
- 競合のS状結腸軸捻転に比し、入院契機かつ全入院期間を通じた全身管理の主因であり、主傷病候補として非常に有力。",x,,分岐なし（xのみ）,,x,,分岐なし（xのみ）,,99,手術なし,,0,トリガーにマッチする処置コードなし,0,トリガーにマッチする処置コードなし,x,副傷病の分岐なし,,0,"branch=0 numeric=0 label=他の病院・診療所の病棟からの転院以外 / 往診を行うクリニックと施設から当院ERへ搬送されており、他院“病棟”からの転院とは解釈できない。 (verifier 不整合あり, best-effort 採用: ['conclusion_label_mismatch'])",[2026-07-10]ここ1週間食思不振あり…。食思不振による脱水、血圧低下あり、きたの胃腸科内科クリニック往診にて点滴500ml/日を連日受けていた。…7月10日S状結腸捻転の再発疑いとされ、当院搬送となった; [2026-07-10]【入院の目的】 心不全加療…きたの胃腸科内科クリニック往診にて点滴…7月10日…当院搬送となった; [2026-07-10]今回血圧低下、意識消失にてER受診された。,050130xx9900x0,"入院期間I:7日/3150点
入院期間II:14日/2242点
入院期間III:60日/1906点","入院日数15日
入院期間I:3150×7日=22050
入院期間II:2242×7日=15694
入院期間III:1906×1日=1906
合計:39650",39650,selected,,false,false,,050130xx9900x0,,050130xx9900x0,1000,同点候補なし,,,
6088581,2026-07-10,2026-07-24,ok,107.2,K562,S状結腸軸捻転（反復性）,Ｓ状結腸軸捻転,0.8,060210,ヘルニアの記載のない腸閉塞,"1. 入院目的: 当初は心不全目的入院だが、入院中に腹部膨満・腹痛・嘔吐を認め、S状結腸軸捻転再発に対する加療目的で消化器内科へコンサルト・転科されている。
2. 主病名: S状結腸軸捻転（反復性）→ K562 Ｓ状結腸軸捻転を選択。
3. 中心治療: 透視下大腸内視鏡（SF/CF）による捻転解除・ガス抜きを少なくとも7/15, 17, 20, 22に反復施行（EF上J034・D313・透視関連Eコード）。絶食・補液管理、緊急処置体制など消化器内科側で多くの資源を投入。
- カルテ上「S状結腸軸捻転、慢性便秘」「S状結腸軸捻転でコンサルト」「繰り返すS状結腸捻転に対し緊急SF施行」と繰り返し明記され、今回入院後半はこの病態が治療の中心となっている。
- J034 内視鏡的結腸軸捻転解除術が複数回算定されており、その直接の対象疾患としてK562がDPC上も明確に対応（DPC6:060210ヘルニアの記載のない腸閉塞）。
- 腹部膨満・嘔吐に対し画像で捻転確認→緊急内視鏡という流れが数回あり、処置室・透視・内視鏡設備・人的資源を繰り返し要している点で、心不全と並ぶ、もしくはそれを上回る資源投入疾患となり得る。
- 最終的に「このまま施設退院で定期的にネラトンでの脱気を継続」と長期管理方針も本疾患中心に検討されている。",x,,分岐なし（xのみ）,,x,,分岐なし（xのみ）,,99,手術なし,,0,トリガーにマッチする処置コードなし,0,トリガーにマッチする処置コードなし,0,トリガーに該当する副傷病なし,,x,重症度の分岐なし (全 x),,060210xx99000x,"入院期間I:4日/3293点
入院期間II:8日/2336点
入院期間III:30日/1985点","入院日数15日
入院期間I:3293×4日=13172
入院期間II:2336×4日=9344
入院期間III:1985×7日=13895
合計:36411",36411,rejected,点数が低い (差 3239),,,,,,,,,,,
6088581,2026-07-10,2026-07-24,ok,107.2,J9611,慢性２型呼吸不全（CO2ナルコーシス、HOT中）,慢性２型呼吸不全,0.65,040130,呼吸不全（その他）,"1. 入院目的: 入院目的は心不全だが、既往として高度慢性呼吸不全・HOT導入中であり、入院時からCO2ナルコーシス・Ⅱ型呼吸不全が増悪していると評価されている。
2. 主病名: 慢性呼吸不全（Ⅱ型・CO2ナルコーシス）→ J9611 慢性２型呼吸不全を選択。
3. 中心治療: 酸素吸入（J024）、動脈血ガス・SpO2モニタリング（D007血ガス、D223、D220）、呼吸心拍監視を連日実施し、酸素流量やNIPPV許容範囲など慎重な呼吸管理が行われている。
- 高度慢性呼吸不全・肺高血圧が背景にあり、心不全急性増悪時の低酸素血症・高CO2血症（pCO2 97、pH 7.27）とCO2ナルコーシスが入院時から問題となっている。
- 「高濃度酸素投与注意」「忍容性があればNIPPVまで」と記載され、持続的なモニタリング、ガス分析、酸素調整など呼吸管理への資源投入が大きい。
- ICD-10としては、慢性かつⅡ型であることよりJ9611が最も具体的な4桁コード。DPC6は040130呼吸不全（その他）で、酸素療法・モニタリング中心の今回の治療と合致する。
- 心不全と病態的に密接だが、呼吸不全単独としても酸素・モニタリング・ABGなどで相当の医療資源を要しており、独立した最資源投入病名候補となりうる。",x,,分岐なし（xのみ）,,x,,分岐なし（xのみ）,,99,手術なし,,x,処置等1の分岐なし,0,トリガーにマッチする処置コードなし,x,副傷病の分岐なし,,x,重症度の分岐なし (全 x),,040130xx99x0xx,"入院期間I:4日/3127点
入院期間II:9日/2236点
入院期間III:30日/1900点","入院日数15日
入院期間I:3127×4日=12508
入院期間II:2236×5日=11180
入院期間III:1900×6日=11400
合計:35088",35088,rejected,点数が低い (差 4562),,,,,,,,,,,
6088581,2026-07-10,2026-07-24,ok,107.2,N189,慢性腎不全,慢性腎不全,0.5,110280,慢性腎炎症候群・慢性間質性腎炎・慢性腎不全,"1. 入院目的: 直接の入院目的ではないが、慢性腎不全が基礎にあり、心不全・利尿薬調整・電解質異常と密接に関連して今回入院中も管理対象となっている。
2. 主病名: 慢性腎不全→ N189 慢性腎不全を4桁コードとして選択（透析中ではない）。
3. 中心治療: 腎機能・電解質を頻回採血で評価（多数のD007関連）、利尿薬・トルバプタンの調整、腎前性/うっ血腎の鑑別、脱水補正など腎機能管理に多くの医療資源が費やされている。
- 入院時Cr 1.75, eGFR 29.4 とCKD G3b～4相当、うっ血や利尿薬減量などで腎不全増悪が問題視されている（「腎不全増悪 腎前性疑い」「CKD stage G3bA3、うっ血腎疑い」）。
- 心不全加療の中で利尿・輸液バランスを調整する際、腎不全は常に制約となり、頻回の血液検査や薬剤調整という形で資源が投入されている。
- N189は慢性腎不全/慢性腎臓病を包括するコードで、透析は行わない方針である本症例に合致。DPC6は110280で、腎不全に対する検査・保存的加療主体の今回の経過とも整合する。
- 心不全や結腸軸捻転に比べると直接の侵襲的処置は少ないが、入院全体を通じて治療計画・薬剤調整の中心要因の一つであり、条件次第では最資源投入病名となりうる。",x,,分岐なし（xのみ）,,x,,分岐なし（xのみ）,,99,手術なし,,0,トリガーにマッチする処置コードなし,0,トリガーにマッチする処置コードなし,1,副傷病あり（value=1）,"[放射線レポート] J90(胸水，他に分類されないもの) 根拠: 入院時CXRで右胸水、胸腹部CTで両側胸水貯留と心不全・肺水腫が指摘され、心不全治療（利尿・ドブタミン・トルバプタン等）により量の改善が評価されており、入院中を通じて管理対象。 引用: 【検査所見】
  CXR：肺うっ血、右胸水; 心拡大、IVC拡張があります。
両側胸水が貯留しています。
軽度の小葉間隔壁肥厚、気管支血管束肥厚やすりガラス陰影を認め、肺うっ血性変化を疑います。 判断: 胸部X線とCTで右～両側胸水貯留が明記され、心不全治療の指標として経過観察されているため、J90相当の胸水として副傷病に該当する。",x,重症度の分岐なし (全 x),,110280xx99001x,"入院期間I:7日/3037点
入院期間II:14日/2170点
入院期間III:60日/1845点","入院日数15日
入院期間I:3037×7日=21259
入院期間II:2170×7日=15190
入院期間III:1845×1日=1845
合計:38294",38294,rejected,点数が低い (差 1356),,,,,,,,,,,
6088581,2026-07-10,2026-07-24,ok,107.2,N390,気腫性膀胱炎疑い（複雑性尿路感染症）,尿路感染症,0.42,110310,腎臓又は尿路の感染症,"1. 入院目的: 入院契機ではないが、CTで膀胱気腫を認め「気腫性膀胱炎疑い」「尿路感染の既往複数」とされ、心不全増悪の誘因の一つとしても考慮されている。
2. 主病名: 気腫性膀胱炎疑い（大腸菌による尿路感染症）→ 明らかな病原体・部位特定のない複雑性尿路感染症としてN390 尿路感染症を包括コードで選択。
3. 中心治療: 血培・尿培養、感受性検査（D017, D018, D019）、CT評価、CTRX 2g/day静注からケフラール内服への変更など抗菌薬治療が行われ、さらに尿バルーン留置（J063）、導尿・残尿測定など泌尿器管理にも資源が投下されている。
- CT読影で膀胱気腫ありとされ、7/13以降「気腫性膀胱炎疑いでCTRX開始」「大腸菌感染でありケフラール内服へ」と具体的な抗菌薬治療が施行されている。
- その後「尿路感染は改善している」と記録されており、短期間ながら入院中に焦点化して治療された病態である。
- ICD-10上、気腫性膀胱炎に特化したコードはなく、部位としての尿路感染症N390が最も妥当。DPC6は110310腎臓又は尿路の感染症で、抗菌薬治療・導尿・カテ留置など今回の管理と対応する。
- 心不全や結腸軸捻転に比べると入院期間・処置量は短いが、心不全増悪の誘因候補として入院初期に抗菌薬・検査資源を要しているため、補助的な主傷病候補として残す。",x,,分岐なし（xのみ）,,x,,分岐なし（xのみ）,,99,手術なし,,x,処置等1の分岐なし,x,処置等2の分岐なし,x,副傷病の分岐なし,,x,重症度の分岐なし (全 x),,110310xx99xxxx,"入院期間I:6日/3232点
入院期間II:11日/2257点
入院期間III:30日/1918点","入院日数15日
入院期間I:3232×6日=19392
入院期間II:2257×5日=11285
入院期間III:1918×4日=7672
合計:38349",38349,rejected,点数が低い (差 1301),,,,,,,,,,,
6138057,2026-05-25,2026-06-04,ok,73.5,K409,右鼠径ヘルニア,鼠径ヘルニア,0.95,060160,鼠径ヘルニア,"1. 入院目的: 「手術」「#1：みぎ鼠径ヘルニア」と明記され、Lichtenstein法目的入院。
2. 主病名: 右鼠径ヘルニア → 鼠径ヘルニア一般コード K409（片側・還納可能・絞扼所見なし）。
3. 中心治療: K633ヘルニア手術（鼠径ヘルニア）＋全身麻酔（L008/L009）、周術期管理、複数日の抗凝固管理（ワーファリン休薬・ヘパリンブリッジ）、連日の採血・凝固検査。
4. 画像で右鼠径に還納可能なヘルニア嚢（US、CT）を確認し、待機的にLichtenstein法を施行していることから非嵌頓・非壊疽の単純鼠径ヘルニアと判断でき、K409が妥当。
5. 実施KコードK633はDPC6「060160 鼠径ヘルニア」の代表的手術であり、本疾患が今回入院で最大の医療資源（手術・麻酔・入院期間）を直接消費している。
6. 心不全・AMI既往はリスク評価と抗凝固調整の対象であり、治療資源の主対象はあくまでヘルニア手術である。",x,,分岐なし（xのみ）,,x,年齢,年齢 の値を取得できず,,,,,,,,,,,,,,,,,,,,,,,,,,,,,,,
6138057,2026-05-25,2026-06-04,ok,73.5,I509,慢性心不全,慢性心不全,0.7,050130,心不全,"1. 入院目的: ヘルニア術前評価として「心不全（慢性心不全、心尖部血栓）」の既往を前提に耐術能・抗凝固療法の調整が行われている。
2. 主病名: 慢性心不全 → I509（慢性心不全）。EF 54%、壁運動異常あり、AMI後でLV血栓既往などから慢性心不全状態と整理されている。
3. 中心治療: ワーファリン休薬・ヘパリンブリッジ開始、術後ヘパリンとワーファリン再開・ローディング、INR目標設定と連日のPT/INR・APTTモニタリング。
4. 本入院中に急性増悪治療（利尿薬増量、酸素、ICU管理等）はなく待機手術だが、血栓塞栓予防目的の抗凝固管理は心不全・LV血栓リスクに基づくものであり、一定の医療資源（ヘパリン持続、複数日採血・指示調整）を要している。
5. I509→DPC6「050130 心不全」は心不全管理目的入院に対応する分類であり、本症例では主手術目的は別であるが、周術期全期間を通じて心機能と抗凝固を念頭に管理されており、条件次第では最資源投入病名候補となりうる。",x,,分岐なし（xのみ）,,x,,分岐なし（xのみ）,,97,その他の手術（2件のKコードが他パターンに非該当）,"K633(ヘルニア手術（鼠径ヘルニア）), K000(周術期栄養管理実施加算)",0,トリガーにマッチする処置コードなし,0,トリガーにマッチする処置コードなし,0,副傷病なし（AI/EF探索で該当なし）,,x,重症度の分岐なし (全 x),,050130xx97000x,"入院期間I:9日/3140点
入院期間II:18日/2264点
入院期間III:60日/1924点","入院日数11日
入院期間I:3140×9日=28260
入院期間II:2264×2日=4528
合計:32788",32788,selected,,true,false,0.78,050130xx97000x,050130xx97000x,050130xx97000x,1000,同点候補あり,入院目的は「右鼠径ヘルニア手術」であり，心不全・AMI後はいずれも周術期の抗凝固・耐術能評価のための背景疾患。両候補とも主病名としては本来ヘルニアが優先される状況で，候補1のI21は発症から28日超で注意事例にも反し不適切。相対的には慢性心不全管理（ヘパリンブリッジ・INR調整）の方が資源投入が明確なため，より妥当な候補として0を採用する。,,
6138057,2026-05-25,2026-06-04,ok,73.5,I219,急性心筋梗塞後状態,急性心筋梗塞,0.55,050030,急性心筋梗塞（続発性合併症を含む。）、再発性心筋梗塞,"1. 入院目的: 主目的は鼠径ヘルニア手術だが、「急性心筋梗塞後（2025/6/9）」としてAMI後フォローと抗血栓療法調整が併存目的。
2. 主病名: 急性心筋梗塞後状態 → 急性期イベント自体は既往だが、ICD上はI21x/I219（急性心筋梗塞）カテゴリーを用いる。詳細部位不明のためI219を選択。
3. 中心治療: PCI後DAPT中であり、今回入院ではクロピドグレル休薬時期の調整、ワーファリン継続方針の確認、周術期抗凝固・抗血小板戦略の決定に心筋梗塞既往が大きく関与している。
4. AMI後でLV内血栓形成リスクがあるためワーファリン継続とローディングを行っており、これに伴うヘパリン化、凝固検査、薬剤指示調整はAMI既往に直接起因する資源投入とみなせる。
5. I219はDPC6「050030 急性心筋梗塞」に対応し、本来は急性期入院向けだが、本症例では周術期管理全体がAMI後状態を前提に組み立てられており、一定の医療資源の背景となっているため補助的候補として保持する。",x,,分岐なし（xのみ）,,x,,分岐なし（xのみ）,,97,その他の手術（2件のKコードが他パターンに非該当）,"K633(ヘルニア手術（鼠径ヘルニア）), K000(周術期栄養管理実施加算)",x,処置等1の分岐なし,0,トリガーにマッチする処置コードなし,x,副傷病の分岐なし,,x,重症度の分岐なし (全 x),,050030xx97x0xx,"入院期間I:3日/4151点
入院期間II:12日/2457点
入院期間III:60日/2088点","入院日数11日
入院期間I:4151×3日=12453
入院期間II:2457×8日=19656
合計:32109",32109,rejected,点数が低い (差 679),,,,,,,,,,,
6138057,2026-05-25,2026-06-04,ok,73.5,G473,睡眠時無呼吸症候群,睡眠時無呼吸症候群,0.4,030250,睡眠時無呼吸,"1. 入院目的: 主目的は右鼠径ヘルニア手術であるが、既往に睡眠時無呼吸症候群があり、周術期呼吸・麻酔リスク評価の一因となっている。
2. 主病名: 睡眠時無呼吸症候群 → G473。閉塞性か中枢性の明記はなく、代表コードG473（睡眠時無呼吸症候群）を選択。
3. 中心治療: 本入院中に睡眠時無呼吸に対する専用治療（CPAP導入、手術など）は行われていないが、麻酔管理料、呼吸心拍監視（D220）など周術期管理では本疾患を考慮したモニタリング強化が行われた可能性が高い。
4. G473はDPC6「030250 睡眠時無呼吸」に対応し、本来は検査・CPAP導入目的入院向け分類である。本症例では主資源投入先ではないが、全身麻酔と術後監視に影響しうる合併症として候補に挙げておく価値がある。",x,,分岐なし（xのみ）,,x,,分岐なし（xのみ）,,97,その他の手術（2件のKコードが他パターンに非該当）,"K633(ヘルニア手術（鼠径ヘルニア）), K000(周術期栄養管理実施加算)",0,トリガーにマッチする処置コードなし,x,処置等2の分岐なし,x,副傷病の分岐なし,,x,重症度の分岐なし (全 x),,030250xx970xxx,"入院期間I:4日/2346点
入院期間II:8日/1919点
入院期間III:30日/1727点","入院日数11日
入院期間I:2346×4日=9384
入院期間II:1919×4日=7676
入院期間III:1727×3日=5181
合計:22241",22241,rejected,点数が低い (差 10547),,,,,,,,,,,
6178114,2026-07-06,2026-07-22,ok,65.3,J189,肺炎による呼吸不全（薬剤性間質性肺炎を含む疑い）,急性肺炎,0.82,040080,肺炎等,"1. 入院目的: 転倒を契機に救急搬送され，胸部CTで両肺の浸潤影と呼吸不全を認め，肺炎・呼吸不全の精査加療目的で入院。
2. 主病名: カルテ上「肺炎(r/a：ILD)」「肺炎、呼吸不全」と一貫記載され，抗菌薬とステロイドで集中的に治療された呼吸器感染/肺炎としてJ189を選択。
3. 中心治療: SBT/ABPCによる静注抗菌薬，持続酸素投与，喀痰吸引，呼吸心拍監視，SpO2モニタリング，頻回の血液検査・培養・尿中抗原検査，CT・CXPでのフォロー。
・入院全期間を通じて肺炎による呼吸不全がADL低下・せん妄・酸素需要の主因であり，最大の医療資源（抗菌薬治療，呼吸管理，検査，リハ）が投入されている。
・画像で「広範な浸潤影」「無気肺」「胸水」，CRP高値，白血球増多，黄色/白色痰，多菌種喀痰培養など，急性肺炎像が明らか。
・薬剤性/OP様経過も鑑別に挙げられているが，実際の治療はまず細菌性肺炎としての抗菌薬投与が中心であり，DPC上も肺炎群（040080）が妥当。
・DPC6「肺炎等(040080)」は本症例の抗菌薬治療，酸素吸入，喀痰吸引，肺炎関連検査一式と良好に整合する。",0,病態等分類（年齢・肺炎種別）,年齢不明、デフォルト分岐 '0' を使用,,x,,分岐なし（xのみ）,,99,手術なし,,x,処置等1の分岐なし,0,トリガーにマッチする処置コードなし,x,副傷病の分岐なし,,x,重症度の分岐なし (全 x),,0400800x99x0xx,"入院期間I:7日/3424点
入院期間II:15日/2308点
入院期間III:60日/1961点","入院日数17日
入院期間I:3424×7日=23968
入院期間II:2308×8日=18464
入院期間III:1961×2日=3922
合計:46354",46354,selected,,false,false,,0400800x99x0xx,,0400800x99x0xx,1000,同点候補なし,,,
6178114,2026-07-06,2026-07-22,ok,65.3,J704,薬剤性間質性肺炎（キイトルーダ等による免疫関連肺障害疑い）,薬剤性間質性肺炎,0.7,040110,間質性肺炎,"1. 入院目的: 肺炎・呼吸不全で入院したが，前医CTからの持続する浸潤影と抗菌薬不応経過より薬剤性肺障害(キイトルーダ, DOAC, スタチン等)が強く疑われている。
2. 主病名: カルテで一貫して「肺炎(r/a：ILD)」「OP様の経過の可能性もありステロイドを併用」と記載があり，免疫チェックポイント阻害薬長期使用歴から薬剤性間質性肺炎としてJ704が適合。
3. 中心治療: mPSL全身ステロイド投与とその漸減，β-Dグルカン・KL-6・SP-D・自己抗体等のILD精査，長期画像フォロー，バクトラミン予防内服開始。
・前医6/22時点から同一部位の浸潤影が持続し，既にAMPC/AMPC/CVAを2週間以上投与されても改善乏しいことから，単純細菌性肺炎だけでは説明しにくい経過。
・免疫チェックポイント阻害薬(キイトルーダ)を3年間97回投与されており，直近で中止されている点は薬剤性間質性肺炎の強い背景因子。
・本院ではステロイドを併用し，酸素化・画像の改善とともに抗菌薬終了後もステロイドを主治療として漸減継続しており，入院中盤以降の主要資源はILD管理に移行している。
・DPC6「間質性肺炎(040110)」はステロイド全身投与，KL-6, SP-D, 自己抗体パネルといったILD精査内容に整合し，肺炎群とは異なる資源構造を反映できる。",x,,分岐なし（xのみ）,,x,,分岐なし（xのみ）,,xx,パターン xx,,0,トリガーにマッチする処置コードなし,0,トリガーにマッチする処置コードなし,x,副傷病の分岐なし,,x,重症度の分岐なし (全 x),,040110xxxx00xx,"入院期間I:8日/3193点
入院期間II:15日/2255点
入院期間III:60日/1917点","入院日数17日
入院期間I:3193×8日=25544
入院期間II:2255×7日=15785
入院期間III:1917×2日=3834
合計:45163",45163,rejected,点数が低い (差 1191),,,,,,,,,,,
6178114,2026-07-06,2026-07-22,ok,65.3,J690,誤嚥性肺炎,誤嚥性肺炎,0.65,040081,誤嚥性肺炎,"1. 入院目的: 肺炎・呼吸不全での入院であり，気管切開・永久気管孔，嚥下機能低下により長期PEG栄養の患者で，誤嚥のリスクが極めて高い。
2. 主病名: カルテには明示的な「誤嚥性肺炎」の語はないが，嚥下が機能的に困難で胃瘻からの完全経管栄養，気管孔からの喀痰多量と細菌性肺炎像より，誤嚥性肺炎としてJ690も成立しうる。
3. 中心治療: 抗菌薬静注，持続酸素投与，喀痰吸引，気管孔からの呼吸管理，経管栄養管理，呼吸器リハビリテーション。
・気管切開後で発語不能，嚥下機能は「機能的に難しい」と記載され，PEGからのみ栄養投与されていることから，口腔～咽頭分泌物や胃内容の誤嚥による肺炎が強く疑われる。
・喀痰培養で多菌種（大腸菌・アシネトバクター・緑膿菌）といった誤嚥・長期気道デバイス関連菌が多数検出されている。
・EFでは鼻腔栄養(J120)，喀痰吸引(J018)，呼吸リハ(H003)が継続算定されており，誤嚥性肺炎のDPC6(040081)が想定する医療資源構造に合致する。
・急性肺炎(J189)とDPC6グループが隣接するため，どちらを主とするかは後続ステップでの比較が必要であり，本段階では誤嚥性肺炎も独立候補として保持する。",x,,分岐なし（xのみ）,,x,,分岐なし（xのみ）,,99,手術なし,,x,処置等1の分岐なし,0,トリガーにマッチする処置コードなし,x,副傷病の分岐なし,,x,重症度の分岐なし (全 x),,040081xx99x0xx,"入院期間I:9日/3320点
入院期間II:17日/2169点
入院期間III:60日/1844点","入院日数17日
入院期間I:3320×9日=29880
入院期間II:2169×8日=17352
合計:47232",47232,rejected,上位候補に劣る,,,,,,,,,,,
6178114,2026-07-06,2026-07-22,ok,65.3,C780,舌癌術後・転移性肺腫瘍（免疫チェックポイント阻害薬治療中の進行頭頸部癌）,転移性肺腫瘍,0.58,040040,肺の悪性腫瘍,"1. 入院目的: 直接の入院契機は肺炎・呼吸不全だが，患者は舌癌術後で肺転移があり，キイトルーダを3年にわたり97回投与されていた進行頭頸部癌症例である。
2. 主病名: 原発舌癌(C029)に対する肺転移として，今回入院中も「舌癌、肺転移/永久気管瘻」と繰り返し記載されており，進行頭頸部癌の続発性肺腫瘍としてC780が適合。
3. 中心治療: 免疫チェックポイント阻害薬治療歴の評価と継続可否検討，ACPに関する主治医との情報連携，終末期が近いと判断した治療方針調整，気管孔・PEG管理など腫瘍関連長期管理。
・キイトルーダは肺炎出現のため中止となっており，腫瘍そのものに対する積極的抗癌治療は今回入院中には行われていないが，PS低下や終末期方針決定など，医療・ケア資源の相当部分は進行癌に由来する全身状態に紐づいている。
・永久気管孔・PEG・ポートといった腫瘍治療関連デバイス管理，今後の抗癌治療終了も含めたACP検討は，長期的資源投入の中心であり，DPC6としては肺悪性腫瘍(040040)グループが候補となる。
・ただし本入院での急性期医療資源の大半は肺炎・呼吸不全に向けられており，腫瘍自体への直接治療は行われていないため，最資源投入病名としては肺炎群より一段劣る位置づけとしつつ，強い背景疾患として候補に残す。",x,,分岐なし（xのみ）,,x,,分岐なし（xのみ）,,99,手術なし,,0,トリガーにマッチする処置コードなし,0,トリガーにマッチする処置コードなし,x,副傷病の分岐なし,,x,重症度の分岐なし (全 x),,040040xx9900xx,"入院期間I:5日/3170点
入院期間II:11日/2320点
入院期間III:30日/1972点","入院日数17日
入院期間I:3170×5日=15850
入院期間II:2320×6日=13920
入院期間III:1972×6日=11832
合計:41602",41602,rejected,点数が低い (差 4752),,,,,,,,,,,
6178114,2026-07-06,2026-07-22,ok,65.3,E871,低ナトリウム血症,低ナトリウム血症,0.5,10039x,体液・電解質・酸塩基平衡障害,"1. 入院目的: 肺炎・呼吸不全での入院時検査でNa 123 mEq/Lと高度低Na血症が判明し，緊急検査フラグが付与されている。
2. 主病名: カルテで「＃3 低Na血症」として毎日フォローされ，「尿生化と外液での反応をみる」「薬剤性が考えられる」と繰り返し記載されており，電解質異常としてE871が適合。
3. 中心治療: 生食等による補正，尿中Na評価を含む電解質検査一式，多項目血液化学検査の頻回施行，低Na改善までの厳密なモニタリング。
・入院初期に高度低Naがあり，てんかん既往・抗てんかん薬使用，頭蓋内疾患など複数のリスク因子があるため，痙攣・意識障害などの潜在リスクに対して継続的に検査・補正が行われている。
・EFでは血液化学(10項目以上)，Na・Cl・K個別測定，尿中Na/BUN/Cr等の検査が複数回算定されており，体液・電解質管理として一定の医療資源が費やされている。
・ただし低Naは肺炎に伴う二次的病態か薬剤性が示唆され，中心的資源投入は肺炎・ILDに比べると明らかに少ないため，補助的な主傷病候補として保持する位置づけとした。",x,,分岐なし（xのみ）,,x,,分岐なし（xのみ）,,99,手術なし,,x,処置等1の分岐なし,x,処置等2の分岐なし,x,副傷病の分岐なし,,x,重症度の分岐なし (全 x),,10039xxx99xxxx,"入院期間I:4日/3332点
入院期間II:9日/2222点
入院期間III:30日/1889点","入院日数17日
入院期間I:3332×4日=13328
入院期間II:2222×5日=11110
入院期間III:1889×8日=15112
合計:39550",39550,rejected,点数が低い (差 6804),,,,,,,,,,,
6300230,2026-07-14,2026-07-27,ok,25.8,S5250,右橈骨遠位端骨折,橈骨遠位端骨折,0.9,160760,前腕の骨折,"1. 入院目的: 転倒後の右橈骨遠位端骨折に対する骨接合術目的入院と記載。
2. 主病名: カルテで一貫して「右橈骨遠位端骨折」とされ、ICD-10 S5250（橈骨遠位端骨折）が該当。
3. 中心治療: K046（前腕骨骨折観血的手術）＋L008全身麻酔、術後リハビリ・ギプスシーネなど、最大の医療資源がこの骨折に対して投入されている。
- 手術日7/17に骨接合術（stellar）施行と明記され、観血的整復固定が実施されたと解釈できる。
- search結果でS5250→DPC6「160760 前腕の骨折」となり、そのsurgery_k_codesにK0464/5やK046-24/25等K046系が含まれ、EF上のK046（前腕骨骨折観血的手術）と整合。
- 入院期間全体が手術・術後管理・リハビリ・転院調整に費やされており、最資源投入病名として第一候補。
- 同時のL3圧迫骨折は保存的加療のみで手術や高度処置はなく、資源投入量で本骨折に劣る。",x,,分岐なし（xのみ）,,x,,分岐なし（xのみ）,,97,その他の手術（2件のKコードが他パターンに非該当）,"K044(骨折非観血的整復術（前腕骨骨折非観血的整復術）), K046(骨折観血的手術（前腕骨骨折観血的手術）)",x,処置等1の分岐なし,x,処置等2の分岐なし,x,副傷病の分岐なし,,x,重症度の分岐なし (全 x),,160760xx97xxxx,"入院期間I:2日/3113点
入院期間II:4日/2179点
入院期間III:30日/1852点","入院日数14日
入院期間I:3113×2日=6226
入院期間II:2179×2日=4358
入院期間III:1852×10日=18520
合計:29104",29104,selected,,false,false,,160760xx97xxxx,,160760xx97xxxx,1000,同点候補なし,,,
6300230,2026-07-14,2026-07-27,ok,25.8,S3200,L3腰椎圧迫骨折,腰椎圧迫骨折,0.6,160690,胸椎、腰椎以下骨折損傷（胸・腰髄損傷を含む。）,"1. 入院目的: 転倒後に右橈骨遠位端骨折と並んで「L3圧迫骨折」の診断で紹介され入院。
2. 主病名: カルテに「L3圧迫骨折」と明記され、解剖学的には腰椎であり、ICD-10 S3200（腰椎圧迫骨折）が最も適合。
3. 中心治療: コルセット作成（J129: 体幹装具採型）、リハビリ（H002）など保存的加療と疼痛管理が継続的に行われている。
- 圧迫骨折自体は手術対象ではないが、体幹装具作成や運動器リハ、転倒リスク管理など入院中継続して管理対象となっている。
- search結果でS3200→DPC6「160690 胸椎、腰椎以下骨折損傷」となり、脊椎圧迫骨折としてDPC分類上も独立した骨折エピソードとなりうる。
- 右橈骨遠位端骨折に比べ資源投入は劣るが、入院契機の外傷の一部であり、コルセット作成や長期的疼痛・ADLへの影響から最資源投入病名候補として保持する価値がある。",x,,分岐なし（xのみ）,,x,,分岐なし（xのみ）,,97,その他の手術（2件のKコードが他パターンに非該当）,"K044(骨折非観血的整復術（前腕骨骨折非観血的整復術）), K046(骨折観血的手術（前腕骨骨折観血的手術）)",x,処置等1の分岐なし,x,処置等2の分岐なし,x,副傷病の分岐なし,,x,重症度の分岐なし (全 x),,160690xx97xxxx,"入院期間I:11日/2826点
入院期間II:21日/2018点
入院期間III:60日/1715点","入院日数14日
入院期間I:2826×11日=31086
入院期間II:2018×3日=6054
合計:37140",37140,rejected,上位候補に劣る,,,,,,,,,,,
6314809,2026-06-11,2026-06-16,ok,45.6,I47.1,His近傍心房頻拍（ATP感受性心房頻拍）,心房頻拍,0.9,050070,頻脈性不整脈,"1. 入院目的: 発作性心房細動再発として入院したが、今回の電気生理検査でHis近傍ATP感受性ATと診断され、これに対するカテーテルアブレーションを実施。
2. 主病名: His近傍心房頻拍 → I47.1（心房頻拍/上室頻拍）。
3. 中心治療: 経皮的カテーテル心筋焼灼術（K595）、全身麻酔（L008）、EHCUでのモニタリング（D220）等。
- 手技の直接の対象はHis近傍起源の心房頻拍であり、大侵襲手技＋全身麻酔＋EHCU管理という最大の医療資源がこの病態に投下されている。
- 電気生理検査の結果として心房細動ではなくAT単独であったことが強調されており、今回入院時点での主要な不整脈は心房頻拍と解釈できる。
- ICD-10は上室性/心房頻拍に対応するI47.1が最も整合的であり、発作性心房細動コード（I48.0）よりも今回治療標的を正確に表す。
- DPC6はI47.1→050070（頻脈性不整脈）に対応し、このDPC6の手術Kコード群にK5951/5952が含まれており、EF記載のK595と良好に整合する。",x,,分岐なし（xのみ）,,x,,分岐なし（xのみ）,,97,その他の手術（1件のKコードが他パターンに非該当）,K595(経皮的カテーテル心筋焼灼術（心房中隔穿刺又は心外膜アプローチを伴うもの）),0,トリガーにマッチする処置コードなし,0,トリガーにマッチする処置コードなし,x,副傷病の分岐なし,,x,重症度の分岐なし (全 x),,050070xx9700xx,"入院期間I:5日/3160点
入院期間II:9日/2242点
入院期間III:30日/1905点","入院日数6日
入院期間I:3160×5日=15800
入院期間II:2242×1日=2242
合計:18042",18042,selected,,true,false,0.93,050070xx9700xx,050070xx9700xx,050070xx9700xx,1000,同点候補あり,"入院目的は「発作性心房細動再発に対するカテーテルアブレーション」であり、実際のEPSの結果、His近傍ATP感受性心房頻拍(AT)と診断され、このAT根治目的でK595カテーテルアブレーションが施行された。EHCU管理や全身麻酔など医療資源の最大投下先はこの頻脈性不整脈であり、術中心タンポナーデはアブレーション中の合併症として位置づけられているため、主病名はDPC6=050070(I47.1,候補0)が最も妥当。",,
6314809,2026-06-11,2026-06-16,ok,45.6,I97.1,術中心タンポナーデ,術後心タンポナーデ,0.75,050200,循環器疾患（その他）,"1. 入院目的: 不整脈アブレーション目的だが、術中に心タンポナーデを合併し一時的に重症管理の中心となった。
2. 主病名: 術中心タンポナーデ → I97.1（術後心タンポナーデ）。
3. 中心治療: 心嚢ドレナージ（J002相当のドレーン留置と管理）、EHCU入室、循環動態モニタリング、プロタミン投与等。
- 術中ブロッケンブロー後の血圧低下により心タンポナーデを来し、心嚢ドレナージで解除しており、アブレーション中の重大合併症として多くの資源（ドレーン管理、EHCU、心エコー等）が投入されている。
- SOAP記載でも「術中心タンポナーデ」と連日問題リストに挙げられており、入院中の経過観察・ドレーン抜去・心嚢液評価が治療の中心テーマの一つとなっている。
- ICD-10としては術後の手術合併症として分類されるI97.1（術後心タンポナーデ）が術中発症の心嚢液貯留に最も近く、DPC6は050200（循環器疾患（その他））であり、循環器系手術後合併症として妥当。
- 主たるアブレーション対象疾患に次いで資源投入の大きい病態であり、症例によっては合併症側が主傷病と判断される余地もあるため、独立候補として保持する。",x,,分岐なし（xのみ）,,x,,分岐なし（xのみ）,,xx,パターン xx,,x,処置等1の分岐なし,x,処置等2の分岐なし,x,副傷病の分岐なし,,x,重症度の分岐なし (全 x),,050200xxxxxxxx,"入院期間I:3日/3337点
入院期間II:6日/2360点
入院期間III:30日/2006点","入院日数6日
入院期間I:3337×3日=10011
入院期間II:2360×3日=7080
合計:17091",17091,rejected,点数が低い (差 951),,,,,,,,,,,
6314809,2026-06-11,2026-06-16,ok,45.6,I30.9,術後心膜炎（急性心膜炎想定）,急性心膜炎,0.45,050110,急性心膜炎,"1. 入院目的: 不整脈アブレーションであるが、術後経過で「術後心膜炎になると思われる」と予測され、NSAIDs＋PPIによる対症療法が継続されている。
2. 主病名: 術後心膜炎（非リウマチ性急性心膜炎） → I30.9（急性心膜炎/急性非リウマチ性心膜炎）。
3. 中心治療: NSAIDsとPPIの投与継続、心嚢液やST変化・発熱のモニタリング。
- 術後早期から心膜炎が予見され、実際にNSAIDs治療が数日継続されており、入院後半の治療テーマの一つとなっている。
- 明確な病名としては「心膜炎になると思われる」と将来予測の表現だが、NSAIDs＋PPI処方・説明から術後急性心膜炎として実際に治療していると解釈しうる。
- ICD-10は原因特定のない急性非リウマチ性心膜炎としてI30.9（I309）を採用するのがDPC的に妥当で、DPC6は050110（急性心膜炎）に対応し、循環器系の薬物治療入院として成り立つ。
- ただし主資源はアブレーションおよびその合併症管理に比べて相対的に小さいため、主傷病候補としての可能性はやや低めに評価する。",x,,分岐なし（xのみ）,,x,,分岐なし（xのみ）,,97,その他の手術（1件のKコードが他パターンに非該当）,K595(経皮的カテーテル心筋焼灼術（心房中隔穿刺又は心外膜アプローチを伴うもの）),x,処置等1の分岐なし,x,処置等2の分岐なし,x,副傷病の分岐なし,,x,重症度の分岐なし (全 x),,050110xx97xxxx,"入院期間I:12日/3790点
入院期間II:27日/2509点
入院期間III:90日/2132点","入院日数6日
入院期間I:3790×6日=22740
合計:22740",22740,rejected,上位候補に劣る,,,,,,,,,,,
6341313,2026-06-27,2026-07-09,ok,51.6,T835,カテーテル関連尿路感染症（発熱性尿路感染症）,カテーテル関連尿路感染症,0.78,180040,手術・処置等の合併症,"1. 入院目的: 高熱と右腰痛を伴う発熱で救急受診し、「fUTIとして入院加療」「尿路感染で入院」と一貫して記載されている。
2. 主病名: 尿道カテーテル長期留置中での発熱性尿路感染症→カテーテル関連尿路感染症（T835）と判断。
3. 中心治療: 広域抗菌薬静注（CMZ→PIPCへ変更）、連日の採血・培養、バイタル/SpO2/呼吸心拍モニタリング、点滴管理、リハビリなど内科的集中的治療。
4. カルテで「尿道カテーテル定期交換中のPt、尿路感染で入院」とあり、長期留置バルーンとDIB管理が明記されており、感染のフォーカスはカテーテル留置尿路と考えるのが妥当。
5. 起炎菌として尿培養から緑膿菌が同定されており、複雑性UTIかつデバイス関連感染の典型的背景である。
6. ICD-10選択: 単なるN39.0の尿路感染症だけでなく、明確に尿道カテーテルが存在しそれが感染持続要因となっていることから、デバイス合併症としてT835を候補とする臨床的妥当性が高い。
7. DPC6マッピング: T835→DPC6「180040 手術・処置等の合併症」で、実際に既往の尿閉に対するカテーテル管理の合併症として今回の入院医療資源が投入されており、DPC構造とも整合する。",x,,分岐なし（xのみ）,,x,,分岐なし（xのみ）,,99,手術なし,,x,処置等1の分岐なし,0,トリガーにマッチする処置コードなし,x,副傷病の分岐なし,,x,重症度の分岐なし (全 x),,180040xx99x0xx,"入院期間I:3日/3378点
入院期間II:8日/2323点
入院期間III:30日/1974点","入院日数13日
入院期間I:3378×3日=10134
入院期間II:2323×5日=11615
入院期間III:1974×5日=9870
合計:31619",31619,rejected,点数が低い (差 2894),,,,,,,,,,,
6341313,2026-06-27,2026-07-09,ok,51.6,N390,カテーテル関連複雑性尿路感染症,複雑性尿路感染症,0.9,110310,腎臓又は尿路の感染症,"1. 入院目的: 高熱・悪寒・右腰痛を伴う発熱で救急搬送され、「fUTIとして入院加療」「尿路感染で入院」と繰り返し記載されている。
2. 主病名: 慢性的尿閉・長期尿道カテーテル留置を背景とした発熱性尿路感染症→カテーテル関連複雑性尿路感染症（N39.0）と判断。
3. 中心治療: 入院後すぐに抗菌薬静注(CMZ→PIPC)、点滴、尿道カテーテル交換、持続モニタリング（心拍・SpO2）、頻回の採血・培養、入院期間を通じた内科的加療が実施されている。
4. 本入院の全経過にわたりfUTI/UTIが唯一かつ主たる治療対象であり、炎症マーカー上昇(CRP 11.8)と解熱に伴って改善しており、医療資源投入の中心病態である。
5. 尿培養で緑膿菌が検出されており、デバイス（カテーテル）と神経因性膀胱様の背景（小児麻痺＋尿閉）から、単純性ではなく複雑性UTIとして扱うのが臨床的に妥当であり、N39.0のうち「複雑性尿路感染症」の表現が適合する。
6. ICD-10選択: 尿路の部位が腎盂・膀胱などで特定されておらず、全般的なUTIとして扱われているため、包括コードN39.0（尿路感染症／複雑性尿路感染症）を採用する。
7. DPC6マッピング: N39.0→DPC6「110310 腎臓又は尿路の感染症」であり、今回の入院で行われた抗菌薬静注・モニタリング・検査等はこのDPC群の標準的資源投入内容と整合する。",x,,分岐なし（xのみ）,,x,,分岐なし（xのみ）,,99,手術なし,,x,処置等1の分岐なし,x,処置等2の分岐なし,x,副傷病の分岐なし,,x,重症度の分岐なし (全 x),,110310xx99xxxx,"入院期間I:6日/3232点
入院期間II:11日/2257点
入院期間III:30日/1918点","入院日数13日
入院期間I:3232×6日=19392
入院期間II:2257×5日=11285
入院期間III:1918×2日=3836
合計:34513",34513,selected,,false,false,,110310xx99xxxx,,110310xx99xxxx,1000,同点候補なし,,,
6341313,2026-06-27,2026-07-09,ok,51.6,B910,小児麻痺後遺症に伴う四肢麻痺,小児麻痺後遺症,0.55,180030,その他の感染症（真菌を除く。）,"1. 入院目的: 直接の入院目的は尿路感染だが、現病歴に「元々小児麻痺があり、右上肢と両下肢に麻痺。ADLは電動車椅子」とあり、重度身体障害が全入院管理に影響している。
2. 主病名: 既往に「小児麻痺(右上肢・両下肢麻痺)」と明記されており、急性ポリオではなく後遺症としての四肢麻痺と解釈できるため小児麻痺後遺症（B91）とした。
3. 中心治療: 廃用症候群予防のリハビリ（H001/H003等）、長期臥床による二次的合併症予防、ADL低下への対応に医療資源が継続的に投入されている。
4. 四肢麻痺と電動車椅子依存により、尿閉・カテーテル管理・感染リスク増大など今回UTIを複雑化・長期化させる大きな背景疾患となっており、入院全体の管理負荷を高めている。
5. ICD-10選択: 急性の脊髄性小児麻痺（A80.3）ではなく、成長後の残存麻痺・ADL障害が主であるため、小児麻痺後遺症としてB91.0（四肢麻痺を含む後遺症）相当を用いるのが妥当と判断した。
6. DPC6マッピング: B91→DPC6「180030 その他の感染症（真菌を除く。）」に分類されるが、実際の資源投入はリハビリ・介助負荷に関連しており、今回入院の主病名というより重度基礎疾患としての候補的位置づけである。",x,,分岐なし（xのみ）,,x,,分岐なし（xのみ）,,xx,パターン xx,,x,処置等1の分岐なし,x,処置等2の分岐なし,x,副傷病の分岐なし,,x,重症度の分岐なし (全 x),,180030xxxxxxxx,"入院期間I:4日/3171点
入院期間II:9日/2345点
入院期間III:30日/1993点","入院日数13日
入院期間I:3171×4日=12684
入院期間II:2345×5日=11725
入院期間III:1993×4日=7972
合計:32381",32381,rejected,点数が低い (差 2132),,,,,,,,,,,
6341313,2026-06-27,2026-07-09,ok,51.6,M625,小児麻痺に伴う廃用症候群,廃用症候群,0.5,070320,筋拘縮・萎縮（その他）,"1. 入院目的: 直接の目的は尿路感染だが、入院初期から「廃用症候群リハビリテーション料」「早期リハビリ加算」「休日リハビリ加算」などが算定され、活動性低下や筋力低下への対応が並行して行われている。
2. 主病名: 既往の小児麻痺による四肢麻痺を背景に、入院に伴う活動性低下から生じる廃用を予防・是正するためのリハが実施されており、「廃用症候群」としての診断が妥当。
3. 中心治療: 連日リハビリテーション、廃用予防目的のプログラム作成と実施（H001/H003）、介助・ポジショニング等に人的資源が投入されている。
4. 尿路感染そのものとは別に、長期臥床・ADL低下への対策として一定の医療資源が独立して投入されており、条件次第で最資源投入病名候補として成立しうる。
5. ICD-10選択: 廃用状態を示すM62.59「廃用症候群」が、リハ目的入院・合併の筋萎縮を表現する標準的コードである。
6. DPC6マッピング: M62.59→DPC6「070320 筋拘縮・萎縮（その他）」となり、実際に実施されている廃用リハ算定と整合する。",x,,分岐なし（xのみ）,,x,,分岐なし（xのみ）,,99,手術なし,,x,処置等1の分岐なし,x,処置等2の分岐なし,x,副傷病の分岐なし,,x,重症度の分岐なし (全 x),,070320xx99xxxx,"入院期間I:11日/2643点
入院期間II:22日/1875点
入院期間III:60日/1594点","入院日数13日
入院期間I:2643×11日=29073
入院期間II:1875×2日=3750
合計:32823",32823,rejected,点数が低い (差 1690),,,,,,,,,,,
6341313,2026-06-27,2026-07-09,ok,51.6,N990,慢性尿閉（尿道カテーテル長期留置中）,"尿路医原性疾患,詳細不明",0.42,110320,腎、泌尿器の疾患（その他）,"1. 入院目的: 主目的は尿路感染だが、現病歴・既往歴に「尿閉があり、尿カテ留置されている」「尿道カテーテル定期交換中のPt」と繰り返し記載されており、慢性的な尿排出障害が重要な背景病態となっている。
2. 主病名: 既往としての「尿閉」に対し、長期の尿道カテーテル留置・DIB管理が継続されており、下部尿路機能障害・医原性尿路管理状態としての慢性尿閉を想定。
3. 中心治療: ERでの尿道カテーテル交換(J063)、その後もウロバッグ管理、尿量モニタリング、排尿管理が継続されており、合併する尿路感染・ADL制限の背景としてケア資源が投入されている。
4. ICD-10選択: 尿閉単独の適切なコードが検索結果に乏しいため、長期カテーテル留置を要する医原性・機能性尿路障害としてN99.0（尿路医原性疾患,詳細不明）をフォールバック候補として用いた。
5. DPC6マッピング: N99.0はDPC6「11013x 下部尿路疾患」に対応し、尿閉・カテーテル管理を主とする入院であればこの群が想定される。本症例ではUTIが主目的であるものの、尿閉自体も継続治療対象であるため補助的候補とした。",x,,分岐なし（xのみ）,,x,,分岐なし（xのみ）,,99,手術なし,,x,処置等1の分岐なし,x,処置等2の分岐なし,x,副傷病の分岐なし,,x,重症度の分岐なし (全 x),,110320xx99xxxx,"入院期間I:3日/3397点
入院期間II:7日/2279点
入院期間III:30日/1937点","入院日数13日
入院期間I:3397×3日=10191
入院期間II:2279×4日=9116
入院期間III:1937×6日=11622
合計:30929",30929,rejected,点数が低い (差 3584),,,,,,,,,,,
6362343,2026-05-22,2026-06-20,ok,103.6,J690,誤嚥性肺炎,誤嚥性肺炎,0.85,040081,誤嚥性肺炎,"1. 入院目的: 誤嚥性肺炎の精査加療と転帰調整を目的に救急外来から入院。
2. 主病名: カルテで一貫して「誤嚥性肺炎」と記載されており、誤嚥に起因する肺炎として J690 を選択。
3. 中心治療: 抗菌薬(CTRX→ABPC/SBT)、酸素投与(J024)、喀痰吸引(J018)、呼吸リハビリ(H003)、摂食機能療法(H004)、胸部CT・Xp 等を実施。
4. 入院当初から呼吸不全・酸素需要の主因であり、転院調整も含め入院全体のストーリーを規定している病態で医療資源投入が大きい。
5. 画像で両下葉気管支内の内容物貯留と無気肺・浸潤影があり、大量嘔吐・誤嚥窒息のエピソードが明記されているため、化学性肺炎/単なる急性肺炎ではなく誤嚥性肺炎のカテゴリが最適。
6. DPC6 は J690 に対応する 040081「誤嚥性肺炎」が該当し、EF 上の酸素吸入、呼吸モニタ、呼吸リハ、摂食機能訓練などと整合している。
7. 後半は肝不全が重症化するが、もともとの入院契機疾患であり、誤嚥性肺炎自体にも抗菌薬・リハビリ等かなりの資源が継続投入されているため、主傷病候補として十分成立する。",x,,分岐なし（xのみ）,,x,,分岐なし（xのみ）,,99,手術なし,,x,処置等1の分岐なし,0,トリガーにマッチする処置コードなし,x,副傷病の分岐なし,,x,重症度の分岐なし (全 x),,040081xx99x0xx,"入院期間I:9日/3320点
入院期間II:17日/2169点
入院期間III:60日/1844点","入院日数30日
入院期間I:3320×9日=29880
入院期間II:2169×8日=17352
入院期間III:1844×13日=23972
合計:71204",71204,selected,,false,false,,040081xx99x0xx,,040081xx99x0xx,1000,同点候補なし,,,
6362343,2026-05-22,2026-06-20,ok,103.6,K720,急性肝不全,急性肝不全,0.9,060270,劇症肝炎、急性肝不全、急性肝炎,"1. 入院目的: 当初は誤嚥性肺炎目的の入院だが、経過中に急激な肝酵素上昇と凝固異常を来し、肝不全精査加療が治療の中心となった。
2. 主病名: カルテで「急性肝不全」「重症肝不全」「肝不全」と繰り返し記載されており、意識障害と PT-INR 延長(>2)を伴う急性発症の肝機能破綻から K720(急性肝不全)を選択。
3. 中心治療: 頻回採血(D007, D006)、PT-INR フォロー、ビタミンK投与、FFP輸血管理(K920-22)、心エコー・腹部US・CT・MRI 等の精査、強ミノ(グリチルリチン)投与と持続補液、頻回血糖測定・補正など重症肝不全として集中的管理。
4. AST/ALT が数千 U/L 台、PT% 20%前後、ビリルビン上昇、Child-Pugh C、MELD 高値と急性肝不全の診断基準を満たし、意識障害も出現しているため単なる急性肝炎よりも肝不全コードが妥当。
5. 原因として薬剤性・ショック肝などが鑑別に上がるが、カルテ上は「原因不明の急性肝障害〜急性肝不全」と整理されており、一次コードとしては原因を特定しない K720 が最も中立的で入院中の資源投入実態とも整合する。
6. DPC6 は 060270「劇症肝炎、急性肝不全、急性肝炎」との対応が明示されており、FFP輸血管理や集中検査など EF 上の医療資源投入と非常によく合致する。
7. 入院後半は誤嚥性肺炎よりも肝不全に対する治療・予後評価が中心であり、死亡確認時の主病名にも「急性肝不全」が挙げられているため、最資源投入病名として最有力候補の一つ。",x,,分岐なし（xのみ）,,x,,分岐なし（xのみ）,,99,手術なし,,x,処置等1の分岐なし,0,トリガーにマッチする処置コードなし,x,副傷病の分岐なし,,x,重症度の分岐なし (全 x),,060270xx99x0xx,"入院期間I:5日/3382点
入院期間II:9日/2211点
入院期間III:30日/1879点","入院日数30日
入院期間I:3382×5日=16910
入院期間II:2211×4日=8844
入院期間III:1879×21日=39459
合計:65213",65213,rejected,点数が低い (差 5991),,,,,,,,,,,
6362343,2026-05-22,2026-06-20,ok,103.6,E15,低血糖昏睡,低血糖昏睡,0.45,100210,低血糖症,"1. 入院目的: 当初は誤嚥性肺炎目的だが、経過中に反復性の著明な低血糖(血糖28など)が出現し、終末期の管理上の重要課題となった。
2. 主病名: カルテ上「低血糖」「低血糖遷延」と繰り返し記載され、血糖28mg/dLと昏睡レベルを含意する重度低血糖であり、糖尿病治療歴の記載がないため非糖尿病性低血糖性昏睡として E15 を選択。
3. 中心治療: 頻回血糖測定(D007 血糖), 糖加補液による補正、補液内容の調整(3号液⇔細胞外液)を長期にわたり実施し、検査と輸液に相当量の医療資源が投入されている。
4. 低血糖は肝不全由来(糖新生障害)として位置づけられているが、独立して致死的不整脈リスクや意識障害を生じうる重篤な病態であり、終末期対応の中心論点の一つであった。
5. DPC6 は E15 に対し 100210「低血糖症」が対応しており、頻回の血糖検査と補液管理という EF 記載と整合する。主病名としては肝不全に従属するが、資源投入の大きい合併症として候補に含める。",x,,分岐なし（xのみ）,,x,,分岐なし（xのみ）,,xx,パターン xx,,x,処置等1の分岐なし,x,処置等2の分岐なし,x,副傷病の分岐なし,,x,重症度の分岐なし (全 x),,100210xxxxxxxx,"入院期間I:2日/3184点
入院期間II:5日/2297点
入院期間III:30日/1952点","入院日数30日
入院期間I:3184×2日=6368
入院期間II:2297×3日=6891
入院期間III:1952×25日=48800
合計:62059",62059,rejected,点数が低い (差 9145),,,,,,,,,,,
6362343,2026-05-22,2026-06-20,ok,103.6,E871,低ナトリウム血症・低カリウム血症,低ナトリウム血症,0.4,10039x,体液・電解質・酸塩基平衡障害,"1. 入院目的: 誤嚥性肺炎目的で入院したが、経過中に著明な低Na血症(Na 119→115)と低K血症(K 2.19～3.0台)が進行し、致死的不整脈や意識障害リスクとして対応の要となった。
2. 主病名: カルテでは「低Na血症」「低K血症」と明記され、電解質異常そのものが治療方針(補液選択・K補正の上限)を規定しているため、代表コードとして低ナトリウム血症 E871 を選択(同一 DPC6 内で低カリウム血症 E876 も近接病態)。
3. 中心治療: 頻回電解質測定(D007 Na/K/Cl), 補液内容の継続的調整(3号液⇔細胞外液)、末梢からのK補正の試みなど、検査と輸液管理に相当の資源が投下されている。
4. 電解質異常は急性肝不全と低血糖の影響下に生じた合併症であるが、「いつ致死的不整脈を来してもおかしくない」「現行加療を上限とする」と記載され、予後評価・治療限界判断の重要な根拠となっている。
5. DPC6 は E871/E876 ともに 10039x「体液・電解質・酸塩基平衡障害」に対応し、電解質検査と補液調整を主とする本症例の資源投入と整合する。主傷病としては肝不全や肺炎に従属するが、入院後半の管理の中心病態の一つとして候補に残す。",x,,分岐なし（xのみ）,,x,,分岐なし（xのみ）,,99,手術なし,,x,処置等1の分岐なし,x,処置等2の分岐なし,x,副傷病の分岐なし,,x,重症度の分岐なし (全 x),,10039xxx99xxxx,"入院期間I:4日/3332点
入院期間II:9日/2222点
入院期間III:30日/1889点","入院日数30日
入院期間I:3332×4日=13328
入院期間II:2222×5日=11110
入院期間III:1889×21日=39669
合計:64107",64107,rejected,点数が低い (差 7097),,,,,,,,,,,
6523319,2026-07-12,2026-07-16,ok,92.3,I489,心房細動・心房粗動に対するカテーテルアブレーション施行例,心房粗動,0.9,050070,頻脈性不整脈,"1. 入院目的: 心房細動・心房粗動（2種類のAFL）に対するAFFERAを用いたカテーテルアブレーション目的入院と解釈される。
2. 主病名: 心房細動・心房粗動 → I489（心房粗動/心房細動）。
3. 中心治療: K595 経皮的カテーテル心筋焼灼術（心房中隔穿刺等を伴うアブレーション）、全身麻酔、心電図モニタリング、トロポニンI等の心筋障害評価。
4. K595 は頻脈性心房性不整脈（AF/AFL）に対する根治的治療であり、今回入院で最も侵襲度と資源投入が高い処置である。
5. I489 は心房粗動/心房細動を包括し、DPC6「050070 頻脈性不整脈」でK595が手術Kコードとして明示されており、EFのK595と完全に整合する。
6. 心不全は基礎疾患として重要だが、本入院では心不全治療よりも不整脈根治アブレーションが資源投入の中心と判断できる。
7. よって、不整脈（心房細動・心房粗動）を対象としたアブレーション症例として、I489を最資源投入病名候補の筆頭とする。",x,,分岐なし（xのみ）,,x,,分岐なし（xのみ）,,97,その他の手術（1件のKコードが他パターンに非該当）,K595(経皮的カテーテル心筋焼灼術（心房中隔穿刺又は心外膜アプローチを伴うもの）),0,トリガーにマッチする処置コードなし,0,トリガーにマッチする処置コードなし,x,副傷病の分岐なし,,x,重症度の分岐なし (全 x),,050070xx9700xx,"入院期間I:5日/3160点
入院期間II:9日/2242点
入院期間III:30日/1905点","入院日数5日
入院期間I:3160×5日=15800
合計:15800",15800,selected,,true,false,0.9,050070xx9700xx,050070xx9700xx,050070xx9700xx,1000,同点候補あり,入院目的は「2種類のAFLに対するAFFERAでのアブレーション」であり、K595（カテーテル心筋焼灼術）が本入院の中心的医療資源投入。心不全増悪は既往として記載されるのみで、今回入院中に心不全治療が主体とは読めない。DPC6注意でも原疾患（頻脈性不整脈）を医療資源病名とするため、050070（I489）を主病名とする候補0が妥当。,,
6523319,2026-07-12,2026-07-16,ok,92.3,I509,慢性心不全（慢性心不全増悪の既往を有する状態）,慢性心不全,0.65,050130,心不全,"1. 入院目的: 長期的には慢性心不全を背景に動悸・呼吸困難・溢水増悪を繰り返しており、その治療戦略の一環として不整脈治療が行われている。
2. 主病名: 慢性心不全 → I509（慢性心不全）。
3. 中心治療: 過去入院で利尿薬中心の加療、再発時にcardioversion、今回も心不全を悪化させるAFL/AFに対するアブレーション（間接的に心不全管理の一部）。
4. 心不全増悪により複数回入院し溢水コントロールを要しており、心不全自体が長期にわたり多大な医療資源を要している基礎病態である。
5. ICDとしては高血圧性や特定原因の記載がなく、単純な慢性心不全としてI509が最も妥当。
6. DPC6「050130 心不全」は、EFに記載のK595とも（心不全治療戦略の一部のアブレーションとして）併存しうるクラスターであり、慢性管理の主軸疾患として主病名候補になりうる。
7. ただし今回の短期入院では直接心不全治療目的という記載は乏しく、アブレーション手技目的である点から、不整脈候補よりは主病名確率をやや下げて評価する。",x,,分岐なし（xのみ）,,x,,分岐なし（xのみ）,,97,その他の手術（1件のKコードが他パターンに非該当）,K595(経皮的カテーテル心筋焼灼術（心房中隔穿刺又は心外膜アプローチを伴うもの）),0,トリガーにマッチする処置コードなし,0,トリガーにマッチする処置コードなし,0,副傷病なし（AI/EF探索で該当なし）,,x,重症度の分岐なし (全 x),,050130xx97000x,"入院期間I:9日/3140点
入院期間II:18日/2264点
入院期間III:60日/1924点","入院日数5日
入院期間I:3140×5日=15700
合計:15700",15700,rejected,点数が低い (差 100),,,,,,,,,,,
6523319,2026-07-12,2026-07-16,ok,92.3,I251,冠動脈疾患（既往の経皮的冠動脈形成術後）,冠動脈疾患,0.45,050050,狭心症、慢性虚血性心疾患,"1. 入院目的: 直接の今回入院目的ではないが、2003年頃からの脂質代謝異常と冠動脈疾患の既往があり、慢性心不全や不整脈の背景疾患として重要。
2. 主病名: 冠動脈疾患 → I251（冠動脈疾患）。
3. 中心治療: 2024年3月に経皮的冠動脈形成術（PCI）施行歴があり、虚血性心疾患としての治療歴が大きい。今回入院中にも心筋トロポニンI高値やCK-MB測定など虚血評価が行われている。
4. 冠動脈疾患は慢性心不全・心房細動の基礎病態となりうる原疾患であり、長期的医療資源投入の起点疾患である。
5. ただしPCIなど大きな手技は今回入院期間外の既往歴であり、今回入院中の主たる手技は不整脈アブレーションであるため、「今回入院」に限ると資源投入の中心ではない。
6. DPC6「050050 狭心症、慢性虚血性心疾患」はK546x/K549xなどPCI・CABGを多数含み、過去入院では主病名クラスターであったと考えられるが、今回入院では次位候補として位置づける。",x,,分岐なし（xのみ）,,x,,分岐なし（xのみ）,,97,その他の手術（1件のKコードが他パターンに非該当）,K595(経皮的カテーテル心筋焼灼術（心房中隔穿刺又は心外膜アプローチを伴うもの）),x,処置等1の分岐なし,0,トリガーにマッチする処置コードなし,x,副傷病の分岐なし,,x,重症度の分岐なし (全 x),,050050xx97x0xx,"入院期間I:3日/4085点
入院期間II:7日/2612点
入院期間III:30日/2220点","入院日数5日
入院期間I:4085×3日=12255
入院期間II:2612×2日=5224
合計:17479",17479,rejected,上位候補に劣る,,,,,,,,,,,
6523319,2026-07-12,2026-07-16,ok,92.3,E876,低カリウム血症,低カリウム血症,0.4,10039x,体液・電解質・酸塩基平衡障害,"1. 入院目的: 主目的ではないが、検査でK=3.30 mEq/Lと低カリウム血症を認め、心筋虚血マーカー上昇と併せて不整脈・心機能評価が必要な状況。
2. 主病名: 低カリウム血症 → E876（低カリウム血症）。
3. 中心治療: 電解質補正（カリウム補正）が実施されていると推定され、心電図・血液検査でのモニタリングが行われている。
4. 心房性頻脈性不整脈患者では低カリウム血症が不整脈誘発因子となりうるため、入院管理上重要な合併症である。
5. ICD10 E876 に対応するDPC6「10039x 体液・電解質・酸塩基平衡障害」はK595のような大処置は関連づかないが、検査・補正等の医療資源投入は一定ある。
6. ただし、K595や全身麻酔に比べると資源投入量は明らかに小さく、主病名としては通常選択されにくいため、補助的な候補として低めの信頼度で保持する。",x,,分岐なし（xのみ）,,x,,分岐なし（xのみ）,,97,その他の手術（1件のKコードが他パターンに非該当）,K595(経皮的カテーテル心筋焼灼術（心房中隔穿刺又は心外膜アプローチを伴うもの）),x,処置等1の分岐なし,x,処置等2の分岐なし,x,副傷病の分岐なし,,x,重症度の分岐なし (全 x),,10039xxx97xxxx,"入院期間I:9日/3229点
入院期間II:18日/2190点
入院期間III:60日/1861点","入院日数5日
入院期間I:3229×5日=16145
合計:16145",16145,rejected,上位候補に劣る,,,,,,,,,,,
6531075,2026-07-06,2026-07-23,ok,140.3,I635,右橋ラクナ梗塞（脳幹梗塞・急性期）,脳幹梗塞・急性期,0.92,010060,脳梗塞,"1. 入院目的: 「脳梗塞の急性期治療目的」で入院し，右橋傍正中腹側の梗塞病変と右上下肢麻痺・構音障害などを認めた。
2. 主病名: カルテで一貫して「脳梗塞（ラクナ梗塞、左橋）」と記載され，画像上も橋病変であり，脳幹梗塞の一亜型としてI635（脳幹梗塞・急性期）が最も整合的。
3. 中心治療: 発症早期からDAPT（アスピリン＋クロピドグレル），アルガトロバン，サルポグレラートなどの抗血栓療法と精査（CT/MRI/MRA，ホルター心電図，頚動脈・心エコー）および脳血管疾患等リハビリテーションが集中的に施行された。
4. ラクナ梗塞疑いとされ，主幹動脈狭窄や塞栓源なく穿通枝領域の小梗塞像であることから，病型名として「右橋ラクナ梗塞」と整理可能であり，解剖学的には脳幹梗塞に含まれる。
5. 入院全期間を通じて麻痺・構音障害・歩行障害に対する管理とリハビリが続き，転院目的もリハビリ継続であるため，医療資源の大半がこの病態に投入されている。
6. DPC6はI635→010060（脳梗塞）となり，EF上の脳血管疾患等リハビリテーション料（H001）や各種画像検査，持続点滴など，脳卒中急性期管理とよく整合する。
7. 競合しうる糖尿病や高血圧症は背景疾患として管理されるのみで，本入院の主たる資源投入先は本脳梗塞である。",x,,分岐なし（xのみ）,,x,,分岐なし（xのみ）,,99,手術なし,,x,処置等1の分岐なし,2,"処置等2=2: H001(脳血管疾患等リハビリテーション料（１）（１単位）（理学療法士による場合）)[レセ電=180745310, 実施日=2026-07-09;2026-07-10;2026-07-11;2026-07-12;2026-07-13;2026-07-14;2026-07-15;2026-07-16;2026-07-17;2026-07-19;2026-07-20;2026-07-21], H001(脳血管疾患等リハビリテーション料（１）（１単位）（言語聴覚士による場合）)[レセ電=180745510, 実施日=2026-07-09;2026-07-11;2026-07-12;2026-07-13;2026-07-14;2026-07-15;2026-07-16;2026-07-17;2026-07-21;2026-07-22], H001(脳血管疾患等リハビリテーション料（１）（１単位）（作業療法士による場合）)[レセ電=180745410, 実施日=2026-07-18;2026-07-21;2026-07-22]",0,副傷病なし（AI/EF探索で該当なし）,,x,重症度の分岐なし (全 x),,010060xx99x20x,"入院期間I:7日/3191点
入院期間II:14日/2168点
入院期間III:60日/1842点","入院日数18日
入院期間I:3191×7日=22337
入院期間II:2168×7日=15176
入院期間III:1842×4日=7368
合計:44881",44881,selected,,false,false,,010060xx99x20x,,010060xx99x20x,1000,同点候補なし,,,
6531075,2026-07-06,2026-07-23,ok,140.3,E11.9,２型糖尿病（合併症記載なし）,２型糖尿病、詳細不明,0.45,10007x,２型糖尿病（糖尿病性ケトアシドーシスを除く。）,"1. 入院目的: 主目的は脳梗塞急性期治療だが，既往歴・診断名として糖尿病が一貫して記載されている。
2. 主病名: カルテに単に「糖尿病」とのみあり，急性代謝失調や臓器合併症の記載がないため，E11の下位としてE11.9（詳細不明／合併症記載なし）が最も中立的。
3. 中心治療: 血糖・HbA1c測定など代謝評価（D005, D007）と血糖コントロール薬の調整が行われていると推定されるが，EFには糖尿病特有の高額処置（インスリン持続静注等）はなく，資源投入の中心ではない。
4. とはいえ，糖尿病は脳梗塞の重要な危険因子であり，入院中も継続的にモニタリングされているため，背景病態として一定の医療資源（検査・薬剤調整）が投入されている可能性がある。
5. DPC6ではE11.9→10007x（２型糖尿病）が対応し，特に合併症を伴わない糖尿病管理入院にも用いられる区分であり，本症例では主病名というより補助的な候補として保持する位置づけとなる。",x,,分岐なし（xのみ）,,x,,分岐なし（xのみ）,,xx,パターン xx,,x,処置等1の分岐なし,1,"処置等2=1: 0169(インスリン製剤（注射薬に限る。）), (ノボラピッド注　１００単位／ｍｌ)[レセ電=620008895, 実施日=2026-07-14]",x,副傷病の分岐なし,,x,重症度の分岐なし (全 x),,10007xxxxxx1xx,"入院期間I:6日/2871点
入院期間II:12日/2037点
入院期間III:30日/1731点","入院日数18日
入院期間I:2871×6日=17226
入院期間II:2037×6日=12222
入院期間III:1731×6日=10386
合計:39834",39834,rejected,点数が低い (差 5047),,,,,,,,,,,
6531075,2026-07-06,2026-07-23,ok,140.3,I10.9,本態性高血圧症,本態性高血圧症，詳細不明,0.38,050140,高血圧性疾患,"1. 入院目的: 脳梗塞急性期治療のための入院であり，高血圧症は既往歴かつ併存診断として管理されている。
2. 主病名: カルテ上「高血圧症」とのみ記されており，二次性高血圧の記載はないため，本態性高血圧症としてI10系が想定され，合併症の詳細な記載がないためI10.9を選択した。
3. 中心治療: 血圧は連日モニタリングされ，降圧薬の内服調整が行われていると考えられるが，EFには高血圧症特有の侵襲的処置はなく，脳梗塞に比べると医療資源投入量は小さい。
4. 高血圧症も脳梗塞の主要リスク要因であり，長期管理対象として薬剤・モニタリングが必要なため，一定の資源投入疾患として候補には挙がる。
5. DPC6はI10.9→050140（高血圧性疾患）であり，高血圧管理入院や高血圧関連臓器障害の治療に対応する区分だが，本症例では急性期脳梗塞治療の付随管理に留まっていると判断される。",x,,分岐なし（xのみ）,,x,,分岐なし（xのみ）,,99,手術なし,,x,処置等1の分岐なし,0,トリガーにマッチする処置コードなし,0,副傷病なし（AI/EF探索で該当なし）,,x,重症度の分岐なし (全 x),,050140xx99x00x,"入院期間I:3日/3636点
入院期間II:6日/2215点
入院期間III:30日/1882点","入院日数18日
入院期間I:3636×3日=10908
入院期間II:2215×3日=6645
入院期間III:1882×12日=22584
合計:40137",40137,rejected,点数が低い (差 4744),,,,,,,,,,,
6531075,2026-07-06,2026-07-23,ok,140.3,J06.9,急性上気道炎（感冒）,急性上気道炎,0.32,030270,上気道炎,"1. 入院目的: 主目的は脳梗塞であるが，入院中盤に咽頭痛と咳嗽が出現し，「感冒考え、対症療法」とされている。
2. 主病名: カルテには「感冒考え」と記載されており，特定の部位診断はなく，上気道症状主体であることから，急性上気道炎としてJ06.9が最も妥当。
3. 中心治療: 対症療法（鎮咳薬・鎮痛解熱薬など）が行われたと考えられるが，EF上に抗菌薬点滴や呼吸管理など高額な処置はなく，短期間・軽症で経過している。
4. 入院期間中に一時的に追加の診察・検査が必要になった可能性はあるものの，脳梗塞やリハビリテーションに比較すれば投入資源は限定的である。
5. DPC6はJ06.9→030270（上気道炎）となるが，本症例では脳梗塞を主とするDPC群に比べて点数規模・管理期間とも小さいと推定されるため，補助的な候補として保持する。",x,,分岐なし（xのみ）,,x,,分岐なし（xのみ）,,xx,パターン xx,,x,処置等1の分岐なし,x,処置等2の分岐なし,x,副傷病の分岐なし,,x,重症度の分岐なし (全 x),,030270xxxxxxxx,"入院期間I:2日/2766点
入院期間II:4日/1962点
入院期間III:30日/1668点","入院日数18日
入院期間I:2766×2日=5532
入院期間II:1962×2日=3924
入院期間III:1668×14日=23352
合計:32808",32808,rejected,点数が低い (差 12073),,,,,,,,,,,
6563589,2026-06-23,2026-07-10,ok,110.9,I501,慢性心不全増悪（HFpEF）,左室駆出率の保たれた心不全,0.9,050130,心不全,"1. 入院目的: 「うっ血性心不全加療」「CS2心不全として入院加療開始」と明記され、夜間発作性呼吸苦・起座呼吸を主訴として緊急入院。
2. 主病名: 慢性心不全HFpEFの増悪として記載されており、収縮能保たれた心不全に合致 → I501（左室駆出率の保たれた心不全）。
3. 中心治療: フロセミド静注・サムスカ等による除水、塩分制限、連日の血液検査・BNP測定、胸部Xpフォロー、心大血管疾患リハビリ、呼吸心拍監視など心不全管理が入院中の主な医療資源。
4. 胸水や起座呼吸、肺高血圧の改善を目標に利尿薬調整と減塩指導が繰り返されており、入院全期間を通じた中心病態。
5. EF>57%でHFpEFと明示されており、I500うっ血性心不全よりもI501がより具体的に一致する。
6. DPC6は050130（心不全）で、心大血管リハビリや心エコー・BNP・モニタリングなどの心不全入院管理と整合する。",x,,分岐なし（xのみ）,,x,,分岐なし（xのみ）,,99,手術なし,,0,トリガーにマッチする処置コードなし,0,"処置等2=0: H000(心大血管疾患リハビリテーション料（１）（１単位）（理学療法士による場合）)[レセ電=180744210, 実施日=2026-06-24;2026-06-25;2026-06-26;2026-06-29;2026-06-30;2026-07-01;2026-07-02;2026-07-03;2026-07-04;2026-07-06;2026-07-07;2026-07-08;2026-07-09], H000(心大血管疾患リハビリテーション料（１）（１単位）（作業療法士による場合）)[レセ電=180744310, 実施日=2026-06-27;2026-06-28], H000(心大血管疾患リハビリテーション料（１）（１単位）（集団療法による場合）)[レセ電=180744610, 実施日=2026-07-03;2026-07-05;2026-07-06]",x,副傷病の分岐なし,,0,"branch=0 label=他の病院・診療所の病棟からの転院以外 / 自宅から当院救急外来・循環器外来を経由した入院であり、他院病棟からの転院ではない。 (verifier 不整合あり, best-effort 採用: ['conclusion_label_mismatch'])",[2026-06-23]6/23に救急外来を受診したが、SpO2低下や安静時症状はないとのことで、循環器内科外来対応となった。…入院加療を勧めたが…家族、看護師とも相談し、入院同意あり、同日緊急入院となった。; [2026-06-23]【入院の目的】うっ血性心不全加療…しおや内科、古山先生外来通院中のPt。…2026/4/6-4/23にうっ血性心不全で当科入院加療。退院後、当科外来でフォロー頂いていたが…,050130xx9900x0,"入院期間I:7日/3150点
入院期間II:14日/2242点
入院期間III:60日/1906点","入院日数18日
入院期間I:3150×7日=22050
入院期間II:2242×7日=15694
入院期間III:1906×4日=7624
合計:45368",45368,selected,,true,true,0.9,050080xx99001x,050130xx9900x0,050130xx9900x0,1000,同点候補あり,入院目的は「うっ血性心不全加療」、主訴は夜間発作性呼吸苦で、経過を通じて「CS2心不全として入院加療開始。安静、減塩、除水にて対応。」と繰り返し記載され、胸水改善を目標に利尿薬調整・検査を実施している。弁膜症は基礎疾患として列記されるのみで手術・介入なく、医療資源投入の中心は慢性心不全増悪（HFpEF）であるため、DPC6=050130心不全を主病名とする候補1が妥当。,,
6563589,2026-06-23,2026-07-10,ok,110.9,I340,器質性僧帽弁閉鎖不全症（中等症）,僧帽弁閉鎖不全症,0.7,050080,弁膜症（連合弁膜症を含む。）,"1. 入院目的: 形式上は心不全加療目的入院だが、心エコーでMR中等症が前回より増悪と記載されており、慢性心不全の重要な器質的基盤。
2. 主病名: 「器質性僧帽弁閉鎖不全症/中等症」と繰り返し列記され、明らかな器質的MRであるため → I340（僧帽弁閉鎖不全症）が適合。
3. 中心治療: 直接の弁手術は行っていないが、MRにより左房負荷・肺高血圧・胸水貯留が助長され、心不全増悪の背景となり、心不全入院加療（除水・減塩・心リハなど）の継続的必要性を高めている。
4. MRは「前回より増加」と記載され、肺高血圧（RVSP=71mmHg）や胸水貯留にも寄与しており、今回の心不全入院の重要な責任病変として資源投入の間接的原因。
5. 慢性の基礎疾患であるが、今回も心エコー再評価・治療方針検討（ablation困難など）に医療資源が割かれているため、最資源投入病名候補として保持。
6. DPC6は050080（弁膜症）で、将来的な弁膜症手術Kコードとも整合しうる分類。",x,,分岐なし（xのみ）,,x,,分岐なし（xのみ）,,99,手術なし,,0,トリガーにマッチする処置コードなし,0,トリガーにマッチする処置コードなし,1,副傷病あり（value=1）,"[カルテ記事] J90(胸水，他に分類されないもの) 根拠: 入院時より両側胸水貯留や胸水増加が記載され、心不全治療として除水・利尿薬調整が継続されている。 引用: 退院後、当科外来でフォロー頂いていたが、胸水増加などあり…利尿剤調整を行われていたが…胸水は残存していた。; レントゲン
  CTR 60.6,肺うっ血軽度、両側CP angle dull 判断: うっ血性心不全に伴う胸水が明記され、画像で確認され、入院中除水・利尿薬で積極的に管理されているため副傷病とする。",x,重症度の分岐なし (全 x),,050080xx99001x,"入院期間I:8日/3115点
入院期間II:15日/2222点
入院期間III:60日/1889点","入院日数18日
入院期間I:3115×8日=24920
入院期間II:2222×7日=15554
入院期間III:1889×3日=5667
合計:46141",46141,rejected,LLMタイブレーカーで非選定,,,,,,,,,,,
6563589,2026-06-23,2026-07-10,ok,110.9,I489,持続性心房粗細動（心房粗動優位）,心房細動,0.6,050070,頻脈性不整脈,"1. 入院目的: 主訴は夜間発作性呼吸苦だが、既往とアセスメントで「持続性心房粗細動」「心房粗動(uncommon type)」と記載され、頻脈性不整脈が心不全の背景因子として認識されている。
2. 主病名: 記載は持続性心房粗細動／心房粗動であり、ICD-10上は心房細動/粗動としてI489（心房細動）が包括コードとして妥当。
3. 中心治療: メインテートによる心拍数コントロール継続、心電図、心エコー、呼吸心拍監視D220など、不整脈管理にも一定の資源が投じられている。
4. 頻脈性心房粗細動は心不全増悪の原因と初回紹介時からされており、今回も心不全入院の維持要因として重要な位置づけ。
5. アブレーションは「LAVI拡大しており、ablationは難しそう」と検討されており、今後の治療選択にも影響する病態として管理対象となっている。
6. DPC6は050070（頻脈性不整脈）で、不整脈治療Kコードと整合し、将来アブレーション等が行われれば主資源投入病名となり得る分類。",x,,分岐なし（xのみ）,,x,,分岐なし（xのみ）,,99,手術なし,,0,トリガーにマッチする処置コードなし,0,トリガーにマッチする処置コードなし,1,副傷病あり（value=1）,"[カルテ記事] J90(胸水，他に分類されないもの) 根拠: 入院時より両側胸水貯留や胸水増加が記載され、心不全治療として除水・利尿薬調整が継続されている。 引用: 退院後、当科外来でフォロー頂いていたが、胸水増加などあり…利尿剤調整を行われていたが…胸水は残存していた。; レントゲン
  CTR 60.6,肺うっ血軽度、両側CP angle dull 判断: うっ血性心不全に伴う胸水が明記され、画像で確認され、入院中除水・利尿薬で積極的に管理されているため副傷病とする。",x,重症度の分岐なし (全 x),,050070xx99001x,"入院期間I:5日/3315点
入院期間II:12日/2240点
入院期間III:30日/1904点","入院日数18日
入院期間I:3315×5日=16575
入院期間II:2240×7日=15680
入院期間III:1904×6日=11424
合計:43679",43679,rejected,点数が低い (差 2462),,,,,,,,,,,
6563589,2026-06-23,2026-07-10,ok,110.9,N183,慢性腎臓病 G3b（CKD G3b）,慢性腎臓病ステージＧ３ｂ,0.55,110280,慢性腎炎症候群・慢性間質性腎炎・慢性腎不全,"1. 入院目的: 直接の入院目的ではないが、現病歴とアセスメントに「慢性腎臓病/G3b」と明記され、心不全治療（除水・利尿薬調整）に大きく影響する併存症として扱われている。
2. 主病名: eGFR 31.1、Cr 1.3〜1.5台で推移し、G3b相当の慢性腎臓病として管理されている → N183（慢性腎臓病ステージG3b）。
3. 中心治療: 利尿薬（アゾセミド→フロセミド）、サムスカ、フルイトランの用量調整、UA高値へのフェブリク開始など、腎機能を意識した薬剤調整・連日の電解質・腎機能モニタリングに多くの検査資源が投入されている。
4. 「腎機能悪く、IVCも拡張なく、TLVでのvolume reductionが望ましそうだが、一旦フロセミド静注で反応尿を確認する」など、CKDの存在が心不全治療戦略を規定し、入院期間やモニタリング頻度を増大させている。
5. DPC的には心不全主病名下の重要併存症だが、心不全と腎機能のバランス調整に多大な医療資源が使われており、条件次第では腎不全管理が主となるケースもあり得るため候補として保持。
6. DPC6は110280（慢性腎炎症候群・慢性間質性腎炎・慢性腎不全）で、将来的な透析導入等のKコードとも整合する分類。",x,,分岐なし（xのみ）,,x,,分岐なし（xのみ）,,99,手術なし,,0,トリガーにマッチする処置コードなし,0,トリガーにマッチする処置コードなし,1,副傷病あり（value=1）,"[カルテ記事] J90(胸水，他に分類されないもの) 根拠: 入院時より両側胸水貯留や胸水増加が記載され、心不全治療として除水・利尿薬調整が継続されている。 引用: 退院後、当科外来でフォロー頂いていたが、胸水増加などあり…利尿剤調整を行われていたが…胸水は残存していた。; レントゲン
  CTR 60.6,肺うっ血軽度、両側CP angle dull 判断: うっ血性心不全に伴う胸水が明記され、画像で確認され、入院中除水・利尿薬で積極的に管理されているため副傷病とする。",x,重症度の分岐なし (全 x),,110280xx99001x,"入院期間I:7日/3037点
入院期間II:14日/2170点
入院期間III:60日/1845点","入院日数18日
入院期間I:3037×7日=21259
入院期間II:2170×7日=15190
入院期間III:1845×4日=7380
合計:43829",43829,rejected,点数が低い (差 2312),,,,,,,,,,,
6563589,2026-06-23,2026-07-10,ok,110.9,E050,バセドウ病による甲状腺機能亢進症,バセドウ病,0.45,100140,甲状腺中毒症,"1. 入院目的: 直接の入院目的ではないが、現病歴で「5年前より甲状腺機能亢進症に対してメルカゾール内服」「頻脈性心房細動に起因した心不全、甲状腺機能亢進症コントロール不良と診断」と記載され、心不全・心房細動の背景疾患として重要視されている。
2. 主病名: 「甲状腺機能亢進症/バセドウ病」と明記されており、E050（バセドウ病）が最も直接的に合致。
3. 中心治療: 甲状腺機能そのものへの入院中の大きな治療介入は少ないが、TSH, FT3, FT4の測定（D008）、内服調整の検討が行われ、頻脈性心房細動や心不全への影響を評価するために検査資源が投入されている。
4. 初回紹介時には「頻脈性心房細動に起因した心不全、甲状腺機能亢進症コントロール不良」とされており、長期的には心不全・不整脈管理に不可欠な基礎疾患として今回も評価対象。
5. DPC的には心不全や不整脈の主病名に比べ資源投入の主座ではないが、甲状腺中毒症としての入院精査・治療が将来的に主目的となる可能性があり、候補として低めのconfidenceで保持。
6. DPC6は100140（甲状腺中毒症）で、甲状腺手術K462系との整合が取れる分類。",x,,分岐なし（xのみ）,,x,,分岐なし（xのみ）,,99,手術なし,,x,処置等1の分岐なし,0,トリガーにマッチする処置コードなし,x,副傷病の分岐なし,,x,重症度の分岐なし (全 x),,100140xx99x0xx,"入院期間I:4日/3836点
入院期間II:8日/2772点
入院期間III:30日/2246点","入院日数18日
入院期間I:3836×4日=15344
入院期間II:2772×4日=11088
入院期間III:2246×10日=22460
合計:48892",48892,rejected,上位候補に劣る,,,,,,,,,,,
6565420,2026-06-11,2026-07-01,ok,67.4,C341,右上葉肺扁平上皮癌,上葉肺扁平上皮癌,0.96,040040,肺の悪性腫瘍,"1. 入院目的: 「手術」。現病歴にて右上葉S2の扁平上皮癌 cT2bN0/2aM0 と記載され，術前ICI後に手術目的で当科紹介・入院。
2. 主病名: カルテ診断名「右上葉肺扁平上皮癌 ycT2bN0/2aM0」。上葉原発の肺扁平上皮癌に合致するため C341 を選択。
3. 中心治療: K514-23 RATS右上葉切除＋リンパ節郭清、全身麻酔、周術期栄養管理、胸腔ドレーン管理、呼吸リハビリテーション等。
- 本入院は明確に原発肺癌切除を目的とした手術入院であり、最大の侵襲的手術と術後管理がこの腫瘍に対して行われている。
- 退院まで一貫して「＃右上葉肺癌」として経過が追記されており、入院全期間の治療・評価の軸となっている。
- 病変部位が右上葉と明記されているため、「肺扁平上皮癌」の部位特異コード C341（上葉肺扁平上皮癌）が最も妥当。
- DPC6 は C34x 系肺悪性腫瘍に対応する 040040「肺の悪性腫瘍」であり、手術コード K514-23（胸腔鏡下肺悪性腫瘍手術・肺葉切除・支援機器あり）が surgery_k_codes に含まれており完全に整合。
- 中葉捻転症疑いなどの術後合併症に対してもヘパリン・抗菌薬などの管理は行われたが、侵襲度・資源量の面で肺葉切除術に対抗するほどではなく、本悪性腫瘍が最資源投入病名として最有力と判断できる。",x,,分岐なし（xのみ）,,x,,分岐なし（xのみ）,,02,パターン 02（必須Kコード 1 マッチ）,K514-23(胸腔鏡下肺悪性腫瘍手術（肺葉切除又は１肺葉を超えるもの）（内視鏡手術用支援機器を用いて行った場合）),x,処置等1の分岐なし,0,トリガーにマッチする処置コードなし,x,副傷病の分岐なし,,x,重症度の分岐なし (全 x),,040040xx02x0xx,"入院期間I:4日/3332点
入院期間II:9日/1970点
入院期間III:30日/1870点","入院日数21日
入院期間I:3332×4日=13328
入院期間II:1970×5日=9850
入院期間III:1870×12日=22440
合計:45618",45618,rejected,点数が低い (差 2280),,,,,,,,,,,
6565420,2026-06-11,2026-07-01,ok,67.4,J981,右中葉捻転症（右中葉無気肺，中葉血流途絶を伴う術後合併症）,中葉無気肺,0.78,040180,気管支狭窄など気管通過障害,"1. 入院目的: 当初は肺癌手術目的の入院だが、術後に右中葉無気肺および中葉捻転症疑いが発生し、入院期間の大部分でその評価と保存的加療が中心テーマとなった。
2. 主病名: カルテでは「＃中葉捻転症の疑い」と記載。ICD-10 には肺葉捻転専用コードがなく、画像・内視鏡所見「右中葉無気肺・中葉気管支途絶」に最も近い J981（中葉無気肺／中葉症候群）を選択。
3. 中心治療: 造影CT・気管支鏡検査、持続ヘパリン投与（APTT管理下で増減）、SBT/ABPC → 経口抗菌薬へ切替、長期モニタリング（連日採血・画像）、DOAC への変更など。
- POD5 以降、右中葉の無気肺と屈曲閉塞・血流途絶が判明し、「中葉捻転症の疑い」として連日評価・治療計画が記載され、入院延長（当初5日予定→約20日）と集中した薬物治療・検査の原因となっている。
- search結果では J981「中葉無気肺／中葉症候群」が中葉閉塞・無気肺の代表コードであり、本症例の画像・内視鏡所見（中葉気管支途絶、屈曲閉塞）に合致。
- DPC6 は 040180「気管支狭窄など気管通過障害」であり、気管支鏡（D302）や持続的な呼吸モニタリング、抗凝固・抗菌薬による保存的管理と整合する。
- 原発肺癌に続発する術後合併症だが、入院後半の主要な資源投入（頻回採血・画像、抗凝固・抗菌薬治療、退院延期）の主因であり、原疾患とは独立した最資源投入病名候補として成立する。",x,,分岐なし（xのみ）,,x,,分岐なし（xのみ）,,97,その他の手術（5件のKコードが他パターンに非該当）,"K514-23(胸腔鏡下肺悪性腫瘍手術（肺葉切除又は１肺葉を超えるもの）（内視鏡手術用支援機器を用いて行った場合）), K931(超音波凝固切開装置等加算), K000(周術期栄養管理実施加算), K936(自動縫合器（８個）使用加算), K939(内視鏡手術用支援機器加算)",x,処置等1の分岐なし,x,処置等2の分岐なし,x,副傷病の分岐なし,,x,重症度の分岐なし (全 x),,040180xx97xxxx,"入院期間I:4日/3090点
入院期間II:10日/2315点
入院期間III:30日/1968点","入院日数21日
入院期間I:3090×4日=12360
入院期間II:2315×6日=13890
入院期間III:1968×11日=21648
合計:47898",47898,selected,,false,false,,040180xx97xxxx,,040180xx97xxxx,1000,同点候補なし,,,
6565420,2026-06-11,2026-07-01,ok,67.4,A319,非結核性抗酸菌症（肺）,非結核性抗酸菌症,0.5,040170,抗酸菌関連疾患（肺結核以外）,"1. 入院目的: 元々は非定型抗酸菌症で他院加療中であり，本疾患の経過中に右上葉病変が充実化し肺癌が判明している。今回入院の直接目的はないが，入院中も併存疾患として管理されている。
2. 主病名: 既往歴および診断名として「NTM」「非定型抗酸菌症」と継続的に記載。ICD-10 では A319（非結核性抗酸菌症）が該当。
3. 中心治療: 今回入院中はNTM自体への新規治療介入は目立たないが，右肺の画像所見・感染評価（CRPフォロー，抗菌薬選択）に際してNTMの存在が常に背景病態として考慮されている。
- 手術対象病変は長期の非定型抗酸菌症背景で発見された右肺病変であり，画像上も右上葉は空洞主体などNTMの影響を反映している可能性がある。
- search結果では A319「非結核性抗酸菌症」が 040170「抗酸菌関連疾患（肺結核以外）」に対応し，呼吸器領域の慢性感染として妥当。
- 今回入院での直接的資源投入は肺癌および術後合併症に比べて明らかに小さいものの，長期の原疾患として手術適応・術式検討に影響するため，補助的な最資源投入病名候補として保持する。",x,,分岐なし（xのみ）,,x,,分岐なし（xのみ）,,xx,パターン xx,,x,処置等1の分岐なし,x,処置等2の分岐なし,x,副傷病の分岐なし,,x,重症度の分岐なし (全 x),,040170xxxxxxxx,,21日 包括対象外,,rejected,包括対象外,,,,,,,,,,,
6565420,2026-06-11,2026-07-01,ok,67.4,E061,免疫チェックポイント阻害薬関連亜急性甲状腺炎に伴う甲状腺機能低下症,亜急性甲状腺炎,0.45,100140,甲状腺中毒症,"1. 入院目的: 肺癌に対する術前ICI（CM816: CBDCA+PAC+NIVO）後のirAEとして亜急性甲状腺炎・甲状腺機能低下を発症し，チラーヂン内服継続中。今回入院では手術周術期管理上，甲状腺機能の評価・補正が重要な併存病態となっている。
2. 主病名: カルテに「irAE 亜急性甲状腺炎（甲状腺機能低下　チラーヂン内服）」と明記。ICD-10 では E061 亜急性甲状腺炎が最も近い。機能低下状態自体を強調する場合にはE039等も候補だが，原因病態としての亜急性甲状腺炎を優先した。
3. 中心治療: 術前からのチラーヂン補充継続，入院中のTSH・FT4測定（EF: D008検査）、周術期の内分泌管理。
- ICI関連甲状腺炎は肺癌治療戦略の一部として生じた有害事象であり，手術・麻酔計画や周術期リスク管理に直接影響する慢性併存症である。
- search結果では E061「亜急性甲状腺炎」が該当し，DPC6 は 100140「甲状腺中毒症」に紐づくが，本症例ではすでに機能低下期にあり，DPCレベルでは甲状腺疾患群に分類されうる併存症。
- 入院全体の最大資源投入対象ではないものの，周術期を通じて検査・薬剤調整が継続されているため，条件次第で併存主病名に近い扱いとなり得る補助候補として保持する。",x,,分岐なし（xのみ）,,x,,分岐なし（xのみ）,,97,その他の手術（5件のKコードが他パターンに非該当）,"K514-23(胸腔鏡下肺悪性腫瘍手術（肺葉切除又は１肺葉を超えるもの）（内視鏡手術用支援機器を用いて行った場合）), K931(超音波凝固切開装置等加算), K000(周術期栄養管理実施加算), K936(自動縫合器（８個）使用加算), K939(内視鏡手術用支援機器加算)",x,処置等1の分岐なし,x,処置等2の分岐なし,x,副傷病の分岐なし,,x,重症度の分岐なし (全 x),,100140xx97xxxx,"入院期間I:4日/2921点
入院期間II:7日/2075点
入院期間III:30日/1764点","入院日数21日
入院期間I:2921×4日=11684
入院期間II:2075×3日=6225
入院期間III:1764×14日=24696
合計:42605",42605,rejected,点数が低い (差 5293),,,,,,,,,,,
6644947,2026-06-20,2026-07-07,ok,97.5,I509,"急性増悪した慢性心不全（ADHF, CS2）",急性心不全,0.9,050130,心不全,"1. 入院目的: 「心不全加療目的」「何らかの感染に伴う心不全増悪疑いで当院に搬送」と明記。
2. 主病名: カルテ診断名「ADHF(CS2)」「心不全」であり、ICD-10 上は急性心不全 I509 が最も整合。
3. 中心治療: ループ利尿薬静注（ラシックス bolus）、ドブタミン持続点滴（G000 精密持続点滴注射）、酸素療法（J024）、心大血管リハビリ、連日のモニタリング・血液検査・心エコー等。 
- 浮腫・酸素化低下、胸部X線のうっ血・胸水、NT-proBNP高値、体重変動から volume overload を伴う心不全急性増悪像が中心。
- ドブタミン使用は低心拍出量を伴う心不全重症度を示し、本病態に多くの医療資源が集中。
- 既往に心不全があるが、今回入院は明らかに急性増悪エピソードであり、慢性心不全単独より急性心不全コードを主とするのが妥当。
- DPC6「050130 心不全」は I509（急性心不全/慢性心不全）に対応し、実施されている利尿・強心薬管理、心大血管リハビリとも完全に整合する。",x,,分岐なし（xのみ）,,x,,分岐なし（xのみ）,,99,手術なし,,0,トリガーにマッチする処置コードなし,0,"処置等2=0: H000(心大血管疾患リハビリテーション料（１）（１単位）（理学療法士による場合）)[レセ電=180744210, 実施日=2026-06-22], H000(心大血管疾患リハビリテーション料（１）（１単位）（作業療法士による場合）)[レセ電=180744310, 実施日=2026-06-23;2026-06-24;2026-06-26;2026-07-06], H000(心大血管疾患リハビリテーション料（１）（１単位）（看護師による場合）)[レセ電=180744510, 実施日=2026-06-28;2026-06-29;2026-06-30;2026-07-01;2026-07-02;2026-07-03], H000(心大血管疾患リハビリテーション料（１）（１単位）（集団療法による場合）)[レセ電=180744610, 実施日=2026-07-03;2026-07-06]",x,副傷病の分岐なし,,0,"branch=0 numeric=0 label=他の病院・診療所の病棟からの転院以外 / 6/19に鶴田病院を退院し、6/20は診療所受診後に救急搬送で本院入院しており、他院病棟からの直接転院ではない。 (verifier 不整合あり, best-effort 採用: ['conclusion_label_mismatch'])",[2026-06-20]2026.4月 転倒による左上腕骨折で当院整形外科に入院。その後鶴田病院に転院となっていた。2026.6/19 退院。… 2026.6/20 平山ハートクリニックを受診…当院に搬送、心不全加療のため入院。; [2026-06-20]来院手段：救急車… 2026.6/20 平山ハートクリニックを受診。…心不全加療目的に当院に搬送。紹介医：有 （平山ハートクリニック）; [2026-06-23]6/20 心不全加療もくてきに循環器入院,050130xx9900x0,"入院期間I:7日/3150点
入院期間II:14日/2242点
入院期間III:60日/1906点","入院日数18日
入院期間I:3150×7日=22050
入院期間II:2242×7日=15694
入院期間III:1906×4日=7624
合計:45368",45368,selected,,false,false,,050130xx9900x0,,050130xx9900x0,1000,同点候補なし,,,
6644947,2026-06-20,2026-07-07,ok,97.5,I255,虚血性心筋症による慢性心不全,虚血性心筋症,0.7,050050,狭心症、慢性虚血性心疾患,"1. 入院目的: 心不全加療目的での入院であり、その背景として過去MI+VSP、CABG術後、繰り返す心不全入院歴を持つ虚血性心疾患がある。
2. 主病名: カルテ既往歴に「心筋梗塞」「心不全」があり、2007年のMI+VSP後 CABG+VSP閉鎖術などから虚血性心筋症に起因する慢性心不全が推定される。ICD-10 としては I255 虚血性心筋症が最も近い基礎疾患コード。
3. 中心治療: 今回の治療（利尿、ドブタミン、GDMT調整、心大血管リハ）は急性増悪に対するものだが、長期的には虚血性心筋症による収縮不全への治療としても位置づけられる。
- 長年にわたる心筋梗塞後のリモデリングと心室中隔穿孔修復術、CABG歴から、虚血性心筋症としての病態が心不全の根底にある。
- GDMT（ACE/ARB→ARNI, β遮断薬, SGLT2阻害薬, MRA）の導入維持は基礎の慢性心不全管理に対する継続的資源投入を示す。
- DPC6「050050 狭心症、慢性虚血性心疾患」は I255に対応し、CABG歴や冠動脈治療歴と整合。今回入院でも検査（心エコー、心筋マーカー）や薬物調整で一定の資源がこの病態に紐づいていると解釈できる。",x,,分岐なし（xのみ）,,x,,分岐なし（xのみ）,,99,手術なし,,0,トリガーにマッチする処置コードなし,0,トリガーにマッチする処置コードなし,x,副傷病の分岐なし,,0,"branch=0 numeric=0 label=他の病院・診療所の病棟からの転院以外 / 他院外来（平山ハートクリニック）から救急車で当院へ紹介搬送されており、他院病棟からの転院ではない。 (verifier 不整合あり, best-effort 採用: ['conclusion_label_mismatch'])",[2026-06-20]2026.6/20 平山ハートクリニックを受診。HOT3L下でSpO2 92%、浮腫の増悪あり心不全加療目的に当院に搬送。; [2026-06-20]平山ハートクリニックより御紹介。…2026.6/20 平山ハートクリニックを受診。…心不全加療のため入院。; [2026-06-20]来院手段：救急車…紹介医：有 （平山ハートクリニック）,050050xx9900x0,"入院期間I:2日/4271点
入院期間II:4日/2380点
入院期間III:30日/2023点","入院日数18日
入院期間I:4271×2日=8542
入院期間II:2380×2日=4760
入院期間III:2023×14日=28322
合計:41624",41624,rejected,点数が低い (差 3744),,,,,,,,,,,
6644947,2026-06-20,2026-07-07,ok,97.5,I081,僧帽弁閉鎖不全症および三尖弁閉鎖不全症（M-TEER後の残存弁膜症）,僧帽弁閉鎖不全症兼三尖弁閉鎖不全症,0.65,050080,弁膜症（連合弁膜症を含む。）,"1. 入院目的: 心不全加療目的だが、現病歴に「severe TR/moderate MR post M-TEER」とあり、重度三尖弁閉鎖不全と中等度僧帽弁閉鎖不全が心不全の重要な背景病変となっている。
2. 主病名: カルテ診断名「severe TR/moderate MR post M-TEER」より、ICD-10 上は僧帽弁閉鎖不全症兼三尖弁閉鎖不全症 I081 が適合。
3. 中心治療: 弁膜症自体への外科的・経カテーテル治療は今回行っていないが、入院中の心不全治療（利尿・ドブタミン・心リハ）は弁膜症に起因する容量負荷・右心不全の是正とも解釈される。
- 過去にMitraClip (M-TEER) 実施も SLDA と retry failure と記載され、弁膜症に対し高額・高度な治療歴がある重症例。
- 現在も severe TR のため右下腿・顔面浮腫が遷延し、退院前に利尿強化を要しており、弁膜症が慢性的に医療資源を要する病態。
- DPC6「050080 弁膜症」は I081 に対応し、弁膜症手術・M-TEER等のKコードも同グループに紐づく。今回入院では手術はないが、心不全管理全体が弁膜症に起因している可能性が高く、最資源投入病名候補として保持する価値がある。",x,,分岐なし（xのみ）,,x,,分岐なし（xのみ）,,99,手術なし,,0,トリガーにマッチする処置コードなし,0,トリガーにマッチする処置コードなし,1,副傷病あり（value=1）,"[カルテ記事] J91(他に分類される病態における胸水) 根拠: 心不全増悪で入院中のXpで「うっ血、胸水はかなり改善 ごく少量胸水のみ」とあり、心不全に伴う胸水として経過観察されている。 引用: [2026-06-20 14:28] 入院初診時記録
【入院の目的】心不全加療
【診断名】＃1：ADHF(CS2)
【検査所見】・X-P CTR拡大 congestion±; [2026-06-24 12:17] 入院医師記録（循環器内科）
Xp　うっ血、胸水はかなり改善　ごく少量胸水のみ 判断: 急性心不全入院中にXpで心不全に伴う胸水が確認され、経過観察されており、「他に分類される病態における胸水」として副傷病に該当する。",x,重症度の分岐なし (全 x),,050080xx99001x,"入院期間I:8日/3115点
入院期間II:15日/2222点
入院期間III:60日/1889点","入院日数18日
入院期間I:3115×8日=24920
入院期間II:2222×7日=15554
入院期間III:1889×3日=5667
合計:46141",46141,rejected,上位候補に劣る,,,,,,,,,,,
6644947,2026-06-20,2026-07-07,ok,97.5,N189,慢性腎不全を伴う心不全（心腎症候群）,慢性腎不全,0.45,110280,慢性腎炎症候群・慢性間質性腎炎・慢性腎不全,"1. 入院目的: 主目的は心不全だが、既往歴に「腎不全（HOT導入中）」とあり、入院時から腎機能低下（eGFR 38.1, CRE 1.04 高値）を伴う心不全管理である。
2. 主病名: カルテ既往歴の「腎不全」から、ICD-10 上は慢性腎不全 N189 が最も包括的に適合（透析中の記載はなく N185 より N189 が妥当）。
3. 中心治療: 利尿薬の投与量調整、ドブタミン中止後の体重再増加の有無、電解質管理（K低値に対する補正など）が心腎バランスを意識した管理として継続されており、腎機能を念頭にした検査（頻回の生化学検査）にも資源が投下されている。
- eGFR 約38、BUN軽度高値は心腎症候群としてのCKDを示唆し、循環器管理上の制約要因となっている。
- ただし透析導入や腎生検など侵襲的腎関連処置はなく、資源投入の中心は依然として心不全側にあるため、主傷病としての優先度はやや低い。
- DPC6「110280 慢性腎炎症候群・慢性間質性腎炎・慢性腎不全」はN189に対応し、仮に腎機能悪化が主たる管理対象となる入院であれば主病名候補となり得るため、本症例でも心不全との資源バランスを見て補助候補として保持する。",x,,分岐なし（xのみ）,,x,,分岐なし（xのみ）,,99,手術なし,,0,トリガーにマッチする処置コードなし,0,トリガーにマッチする処置コードなし,1,副傷病あり（value=1）,"[カルテ記事] J91(他に分類される病態における胸水) 根拠: 心不全増悪で入院中のXpで「うっ血、胸水はかなり改善 ごく少量胸水のみ」とあり、心不全に伴う胸水として経過観察されている。 引用: [2026-06-20 14:28] 入院初診時記録
【入院の目的】心不全加療
【診断名】＃1：ADHF(CS2)
【検査所見】・X-P CTR拡大 congestion±; [2026-06-24 12:17] 入院医師記録（循環器内科）
Xp　うっ血、胸水はかなり改善　ごく少量胸水のみ 判断: 急性心不全入院中にXpで心不全に伴う胸水が確認され、経過観察されており、「他に分類される病態における胸水」として副傷病に該当する。",x,重症度の分岐なし (全 x),,110280xx99001x,"入院期間I:7日/3037点
入院期間II:14日/2170点
入院期間III:60日/1845点","入院日数18日
入院期間I:3037×7日=21259
入院期間II:2170×7日=15190
入院期間III:1845×4日=7380
合計:43829",43829,rejected,点数が低い (差 1539),,,,,,,,,,,
6693180,2026-07-15,2026-07-24,ok,51.2,C341,左上葉肺腺癌（左上葉肺癌）,上葉肺腺癌,0.95,040040,肺の悪性腫瘍,"1. 入院目的: 左上葉肺癌に対する手術目的入院と明記されており、術式もRATS左上葉切除術とされている。
2. 主病名: 生検でadenocarcinomaと診断された左上葉肺癌 → 解剖学的に上葉の肺腺癌としてC341が最も整合する。
3. 中心治療: K514-23（胸腔鏡下肺悪性腫瘍手術・肺葉切除・内視鏡手術用支援機器使用）を含む肺葉切除術、全身麻酔、胸腔ドレーン管理、胸膜癒着術、呼吸リハなど大きな外科的・周術期管理資源が本病態に投下されている。
4. CT・PETおよび気管支鏡生検で左上葉B1+2aの腺癌と確定診断されており、原発性肺癌かつ上葉病変であることが明示されている。
5. DPC6「040040 肺の悪性腫瘍」のsurgery_k_codesにK514-23が含まれており、今回EFの主要Kコードと完全に整合するため、DPC上もこのICD-10とDPC6の組み合わせが典型的である。
6. 術後の胸腔ドレーン管理・エアリーク対策・胸膜癒着術など延長入院の主因も肺葉切除後管理であり、入院全体を通じた医療資源投入の中心がこの疾患である。
7. 他候補として前立腺癌やその骨転移があるが、本入院中はそれらに対する手術・化学療法等は行っておらず、今回エピソードの主資源投入は左上葉肺癌に対する根治術に集中している。",x,,分岐なし（xのみ）,,x,,分岐なし（xのみ）,,02,パターン 02（必須Kコード 1 マッチ）,K514-23(胸腔鏡下肺悪性腫瘍手術（肺葉切除又は１肺葉を超えるもの）（内視鏡手術用支援機器を用いて行った場合）),x,処置等1の分岐なし,4,"処置等2=4: 0046(化学療法ありかつ放射線療法なし), (ピシバニール注射用５ＫＥ)[レセ電=622929401, 実施日=2026-07-19;2026-07-22]",x,副傷病の分岐なし,,x,重症度の分岐なし (全 x),,040040xx02x4xx,"入院期間I:6日/3255点
入院期間II:11日/2309点
入院期間III:30日/1963点","入院日数10日
入院期間I:3255×6日=19530
入院期間II:2309×4日=9236
合計:28766",28766,selected,,false,false,,040040xx02x4xx,,040040xx02x4xx,1000,同点候補なし,,,
6693180,2026-07-15,2026-07-24,ok,51.2,C61,前立腺癌（多発骨転移，多発リンパ節転移を伴う）,前立腺癌,0.55,110080,前立腺の悪性腫瘍,"1. 入院目的: 主目的は左上葉肺癌手術であるが、現病歴で前立腺癌・多発骨転移・多発リンパ節転移が詳細に記載され、術前評価でも病的骨折リスク・手術体位に関する整形外科コンサルトが行われている。
2. 主病名: 前立腺癌 → C61（前立腺癌）が基本コードであり、多発骨転移・リンパ節転移はC61の進展として扱われる（骨転移に対してC795などを用いる選択肢もあるが、本入院での治療中心は肺癌手術であり、前立腺癌自体の治療エピソードではない）。
3. 中心治療: 本入院中に前立腺癌に対する手術・放射線・化学療法は実施されていないが、多発骨転移による病的骨折リスク評価、手術体位調整、周術期管理上の配慮など、麻酔・手術計画に影響し追加の診療資源（整形外科コンサルト等）が投入されている。
4. 既に治療中の進行性前立腺癌であり、長期的には大きな医療資源を要する疾患であることから、今回入院でも周術期管理上の重要な背景疾患として扱われている。
5. DPC6「110080 前立腺の悪性腫瘍」は前立腺癌の標準グループであり、今回のKコード群には該当手術は含まれないものの、同一入院内で前立腺癌関連の治療が追加されるケースも想定されるため、将来拡張・別エピソード考慮の観点から候補として保持する意義がある。
6. ただし本入院での直接的な手術・処置・集中治療は左上葉肺癌に集中しており、前立腺癌は背景疾患としての位置づけが強いことから、主傷病として選択される可能性は肺癌候補より低く評価する。",x,,分岐なし（xのみ）,,x,,分岐なし（xのみ）,,97,その他の手術（5件のKコードが他パターンに非該当）,"K514-23(胸腔鏡下肺悪性腫瘍手術（肺葉切除又は１肺葉を超えるもの）（内視鏡手術用支援機器を用いて行った場合）), K931(超音波凝固切開装置等加算), K000(周術期栄養管理実施加算), K936(自動縫合器（８個）使用加算), K939(内視鏡手術用支援機器加算)",x,処置等1の分岐なし,3,"処置等2=3: 0005(化学療法), (ピシバニール注射用５ＫＥ)[レセ電=622929401, 実施日=2026-07-19;2026-07-22]",x,副傷病の分岐なし,,x,重症度の分岐なし (全 x),,110080xx97x3xx,"入院期間I:9日/3104点
入院期間II:19日/2219点
入院期間III:60日/1886点","入院日数10日
入院期間I:3104×9日=27936
入院期間II:2219×1日=2219
合計:30155",30155,rejected,上位候補に劣る,,,,,,,,,,,
6693180,2026-07-15,2026-07-24,ok,51.2,C795,前立腺癌骨転移（多発骨転移）,前立腺癌骨転移,0.45,070040,骨の悪性腫瘍（脊椎を除く。）,"1. 入院目的: 左上葉肺癌手術目的入院であるが、既往・現病歴で「前立腺癌、多発骨転移」と繰り返し明記され、手術体位や病的骨折リスク説明など、本入院の周術期管理に直接関与している。
2. 主病名: 前立腺癌からの多発骨転移 → C795（前立腺癌骨転移）が骨転移病態を表すICD-10として適切であり、カルテの「多発骨転移」と整合する。
3. 中心治療: 本入院中に骨転移自体へ照射や整形外科手術は実施されていないが、手術体位の調整や骨折リスク説明など、麻酔・手術計画上の配慮対象として一定の人的・時間的資源が割かれている。
4. DPC6「070040 骨の悪性腫瘍（脊椎を除く。）」は骨転移も含むグループであり、骨転移に対する整形外科手術（病的骨折整復など）が行われた場合には主傷病候補となり得るため、前立腺原発C61とは別軸の候補として保持する価値がある。
5. ただし、今回入院中の主要Kコード（K514-23など）は肺悪性腫瘍手術に紐づいており、骨転移に対する手術Kコードは存在しないため、この骨転移自体が今回エピソードの最資源投入病名となる可能性は低めに評価する。",x,,分岐なし（xのみ）,,x,,分岐なし（xのみ）,,97,その他の手術（5件のKコードが他パターンに非該当）,"K514-23(胸腔鏡下肺悪性腫瘍手術（肺葉切除又は１肺葉を超えるもの）（内視鏡手術用支援機器を用いて行った場合）), K931(超音波凝固切開装置等加算), K000(周術期栄養管理実施加算), K936(自動縫合器（８個）使用加算), K939(内視鏡手術用支援機器加算)",x,処置等1の分岐なし,3,"処置等2=3: 0046(化学療法ありかつ放射線療法なし), (ピシバニール注射用５ＫＥ)[レセ電=622929401, 実施日=2026-07-19;2026-07-22]",x,副傷病の分岐なし,,x,重症度の分岐なし (全 x),,070040xx97x3xx,"入院期間I:13日/3309点
入院期間II:26日/2347点
入院期間III:60日/1995点","入院日数10日
入院期間I:3309×10日=33090
合計:33090",33090,rejected,上位候補に劣る,,,,,,,,,,,
6693180,2026-07-15,2026-07-24,ok,51.2,C73,甲状腺癌術後,甲状腺癌,0.3,100020,甲状腺の悪性腫瘍,"1. 入院目的: 甲状腺癌術後の患者であるが、今回の入院目的は左上葉肺癌手術であり、甲状腺癌自体の治療目的入院ではない。
2. 主病名: 既往として「甲状腺癌術後」と明記されており、原疾患はC73 甲状腺癌で表される。術後状態のみを示すZコード等は主傷病として避けるべきであり、原発悪性腫瘍コードC73を用いるのがDPC上妥当である。
3. 中心治療: 本入院中に甲状腺癌やその術後合併症に対する特別な手術・処置は行われておらず、周術期管理への影響も限定的と考えられる。
4. しかし悪性腫瘍の既往として周術期リスク評価に影響しうる背景疾患であり、長期的には大きな医療資源を要する病態であるため、理論上の最資源投入病名候補としては補助的に保持しておく価値がある。
5. 今回のEF上のKコードには甲状腺関連手術は含まれず、DPC6「100020 甲状腺の悪性腫瘍」のsurgery_k_codesとの直接整合性はないため、本入院エピソード単独での主傷病候補としての優先度はかなり低い。",x,,分岐なし（xのみ）,,x,,分岐なし（xのみ）,,97,その他の手術（5件のKコードが他パターンに非該当）,"K514-23(胸腔鏡下肺悪性腫瘍手術（肺葉切除又は１肺葉を超えるもの）（内視鏡手術用支援機器を用いて行った場合）), K931(超音波凝固切開装置等加算), K000(周術期栄養管理実施加算), K936(自動縫合器（８個）使用加算), K939(内視鏡手術用支援機器加算)",0,トリガーにマッチする処置コードなし,x,処置等2の分岐なし,x,副傷病の分岐なし,,x,重症度の分岐なし (全 x),,100020xx970xxx,"入院期間I:5日/2944点
入院期間II:10日/2422点
入院期間III:30日/2180点","入院日数10日
入院期間I:2944×5日=14720
入院期間II:2422×5日=12110
合計:26830",26830,rejected,点数が低い (差 1936),,,,,,,,,,,
6705226,2026-06-15,2026-06-20,ok,52.1,I471,心房頻拍,心房頻拍,0.9,050070,頻脈性不整脈,"1. 入院目的: 「心房頻拍に対する治療介入目的」と明記されており，本入院の直接の目的疾患。
2. 主病名: カルテ記載の「心房頻拍/カテーテルアブレーション後」に対応し，ICD-10 は I471（心房頻拍）が妥当。
3. 中心治療: K595 経皮的カテーテル心筋焼灼術（RFCA）を実施し，心房頻拍回路に対する高侵襲手技が行われている。
- 本入院中の最大の医療資源はRFCAであり，その直接対象は心房頻拍である。
- EF低下・慢性心不全は背景だが，本入院での介入は頻脈性不整脈コントロールが中心。
- I471→DPC6「050070 頻脈性不整脈」は K5951/2 を必須Kコードとして含み，EF上のK595と完全整合するため，DPC的にも主候補となりうる。",x,,分岐なし（xのみ）,,x,,分岐なし（xのみ）,,97,その他の手術（1件のKコードが他パターンに非該当）,K595(経皮的カテーテル心筋焼灼術（心房中隔穿刺又は心外膜アプローチを伴うもの）),0,トリガーにマッチする処置コードなし,0,トリガーにマッチする処置コードなし,x,副傷病の分岐なし,,x,重症度の分岐なし (全 x),,050070xx9700xx,"入院期間I:5日/3160点
入院期間II:9日/2242点
入院期間III:30日/1905点","入院日数6日
入院期間I:3160×5日=15800
入院期間II:2242×1日=2242
合計:18042",18042,selected,,true,true,0.93,050130xx97000x,050070xx9700xx,050070xx9700xx,1000,同点候補あり,入院目的に「心房頻拍に対する治療介入目的」と明記され，実際にK595経皮的カテーテル心筋焼灼術が施行されており，最大の医療資源は心房頻拍に対するRFCAに投入されている。慢性心不全増悪は重要な背景だが，今回入院の主たる治療ターゲット・手術の直接対象は心房頻拍であるため，DPC6「050070 頻脈性不整脈」（I471）を主病名とする候補1が妥当。,,
6705226,2026-06-15,2026-06-20,ok,52.1,I501,左室駆出率の低下した心不全,左室駆出率の低下した心不全,0.75,050130,心不全,"1. 入院目的: 心房頻拍治療目的だが，現病歴や身体所見で「心不全: あり」「EF 0.23」など高度な心機能低下が繰り返し記載されている。
2. 主病名: ＃1「慢性心不全の増悪」とされ，EF 0.23 と著明な収縮能低下を伴うため，ICD-10 は I501（左室駆出率の低下した心不全）が臨床像に最も合致。
3. 中心治療: 入院直前からフロセミド/アゾセミド投与，体重増加に対する利尿薬管理，心不全薬物療法の調整が継続されている。
- 心房頻拍再発やRFCAの適応も，背景の重症心不全と不整脈死リスク評価に基づくものであり，心不全自体も入院全体の重要な治療ターゲット。
- I501→DPC6「050130 心不全」は心不全管理入院として標準的であり，EF低下や再入院歴からも典型像に合致する。
- 一方で，本入院での最大資源はRFCAであり，K595も 050130 のK候補には含まれるが，より直接には頻脈性不整脈DPCに紐づくため，相対的に主位は I471 と競合する。",x,,分岐なし（xのみ）,,x,,分岐なし（xのみ）,,97,その他の手術（1件のKコードが他パターンに非該当）,K595(経皮的カテーテル心筋焼灼術（心房中隔穿刺又は心外膜アプローチを伴うもの）),0,トリガーにマッチする処置コードなし,0,トリガーにマッチする処置コードなし,0,副傷病なし（AI/EF探索で該当なし）,,x,重症度の分岐なし (全 x),,050130xx97000x,"入院期間I:9日/3140点
入院期間II:18日/2264点
入院期間III:60日/1924点","入院日数6日
入院期間I:3140×6日=18840
合計:18840",18840,rejected,LLMタイブレーカーで非選定,,,,,,,,,,,
6705226,2026-06-15,2026-06-20,ok,52.1,I10,本態性高血圧症,本態性高血圧症,0.5,050140,高血圧性疾患,"1. 入院目的: 直接の入院目的ではないが，既往歴として高血圧症があり循環器疾患全体の背景因子。
2. 主病名: ＃2「高血圧症」で二次性の記載なく，一般的な本態性高血圧症として I10 が妥当。
3. 中心治療: 血圧管理薬の継続・調整が推定されるが，手術や集中治療など高水準の新規資源投入は限定的。
- 高血圧は心不全や頻脈性不整脈の成因として長期的医療資源の対象であるが，今回入院期間（5日間）においては直接の主介入対象ではない。
- I10→DPC6「050140 高血圧性疾患」はDPC上の分類は存在するが，K595などの手術Kコードとの結びつきはなく，今回入院の資源投入量からみると主傷病としては一段劣る位置づけ。
- ただし，心不全悪化・不整脈リスクを規定する背景疾患として，条件次第で主病名に採用される可能性もあるため補助候補として保持する。",x,,分岐なし（xのみ）,,x,,分岐なし（xのみ）,,97,その他の手術（1件のKコードが他パターンに非該当）,K595(経皮的カテーテル心筋焼灼術（心房中隔穿刺又は心外膜アプローチを伴うもの）),x,処置等1の分岐なし,0,トリガーにマッチする処置コードなし,x,副傷病の分岐なし,,x,重症度の分岐なし (全 x),,050140xx97x0xx,"入院期間I:7日/3171点
入院期間II:15日/2216点
入院期間III:60日/1884点","入院日数6日
入院期間I:3171×6日=19026
合計:19026",19026,rejected,上位候補に劣る,,,,,,,,,,,
6705226,2026-06-15,2026-06-20,ok,52.1,E11.9,２型糖尿病（合併症の記載なし）,２型糖尿病，詳細不明,0.4,10007x,２型糖尿病（糖尿病性ケトアシドーシスを除く。）,"1. 入院目的: 糖尿病は入院目的ではなく，既往疾患として記載。
2. 主病名: ＃3「2型糖尿病」とのみあり，急性合併症や細小血管合併症の記載がないため，ICD-10 は E11.9（２型糖尿病，詳細不明／合併症記載なし）と解釈。
3. 中心治療: 血糖検査や既存薬の調整など日常的管理が想定されるが，今回入院で新たな糖尿病特異的高強度治療（インスリン導入，DKA治療など）は示されていない。
- 検査項目に血糖・脂質などが含まれるが，RFCA周術期の一般検査としての位置づけが強い。
- E11.9 は DPC6「10007x ２型糖尿病（糖尿病性ケトアシドーシスを除く。）」に対応するが，K595などの高侵襲手技とは直接リンクしておらず，本入院における最資源投入病名候補としては補助的。
- とはいえ，慢性疾患として継続的に医療資源を要するため，条件次第で主病名に採用されうることからサブ候補として保持する。",x,,分岐なし（xのみ）,,x,,分岐なし（xのみ）,,xx,パターン xx,,x,処置等1の分岐なし,0,トリガーにマッチする処置コードなし,x,副傷病の分岐なし,,x,重症度の分岐なし (全 x),,10007xxxxxx0xx,"入院期間I:5日/2868点
入院期間II:9日/2035点
入院期間III:30日/1729点","入院日数6日
入院期間I:2868×5日=14340
入院期間II:2035×1日=2035
合計:16375",16375,rejected,点数が低い (差 2465),,,,,,,,,,,
6705226,2026-06-15,2026-06-20,ok,52.1,E785,脂質異常症,脂質異常症,0.35,100300,代謝性疾患（糖尿病を除く。）,"1. 入院目的: 脂質異常症は入院目的ではなく，既往・併存症として管理されていると考えられる。
2. 主病名: ＃4「脂質異常症」と記載されており，ICD-10 は E785（脂質異常症）が該当。
3. 中心治療: 総コレステロール・HDL・中性脂肪などの検査は行われているが，RFCA目的入院の周術期評価の一環であり，脂質異常症自体に対する特異的な高強度治療は明記されていない。
- E785→DPC6「100300 代謝性疾患（糖尿病を除く。）」で分類可能だが，K595等の循環器手術との直接の対応はない。
- 心不全や不整脈の長期リスク因子としては重要だが，当該5日間の入院で最も医療資源が投入された病態とは言い難く，主傷病として採用される蓋然性は低い。
- それでも，代謝疾患として検査・薬物療法が継続されるため，サブ的候補として保持する。",x,,分岐なし（xのみ）,,x,,分岐なし（xのみ）,,xx,パターン xx,,x,処置等1の分岐なし,0,トリガーにマッチする処置コードなし,x,副傷病の分岐なし,,x,重症度の分岐なし (全 x),,100300xxxxx0xx,,6日 包括対象外,,rejected,包括対象外,,,,,,,,,,,
6716596,2026-06-19,2026-07-07,ok,89.0,J841,特発性間質性肺炎の急性増悪,急性間質性肺炎,0.86,040110,間質性肺炎,"1. 入院目的: 「間質性肺炎の急性増悪加療目的」「労作時呼吸困難」で緊急入院。
2. 主病名: 線維性過敏性肺炎〜PPF治験などから背景に特発性間質性肺炎/肺線維症があり、その急性増悪として入院しており「急性間質性肺炎（特発性間質性肺炎の急性増悪）」に相当。
3. 中心治療: ステロイドパルス(mPSL 1000mg×2コース後PSL漸減)、長期高流量酸素、頻回の血液ガス・KL-6等の検査、CT・Xp反復、呼吸リハビリが本入院の中心。
・症状・画像: 労作時4L酸素需要、CTで左下葉透過性低下、労作時低酸素血症が著明と繰り返し記載され、慢性IPの急性増悪像として矛盾しない。
・鑑別: 抗菌薬(CTRX+AZM)併用されるも、自己抗体・感染マーカー検査やCMV C7 HRP陰性、「明らかな感染を疑う所見なし」「新規肺炎像無し」と記載され、単純肺炎(J189)より基礎IPの急性増悪が主病態と判断。
・ICD-10選択: 基礎に特発性/非特異性間質性肺炎・肺線維症があり、その急性増悪であるため、J841「急性間質性肺炎／特発性間質性肺炎」に包含される病態が最も近い。J849「間質性肺炎(詳細不明)」よりも病態が特定されている。
・DPC6整合: J841はDPC6 040110「間質性肺炎」に属し、本症例は高用量ステロイドパルス・酸素療法・呼吸リハビリを要した典型的なIP急性増悪であり、処置(J024酸素、H003呼吸リハビリ等)とも整合する。",x,,分岐なし（xのみ）,,x,,分岐なし（xのみ）,,xx,パターン xx,,0,トリガーにマッチする処置コードなし,0,トリガーにマッチする処置コードなし,x,副傷病の分岐なし,,x,重症度の分岐なし (全 x),,040110xxxx00xx,"入院期間I:8日/3193点
入院期間II:15日/2255点
入院期間III:60日/1917点","入院日数19日
入院期間I:3193×8日=25544
入院期間II:2255×7日=15785
入院期間III:1917×4日=7668
合計:48997",48997,selected,,false,false,,040110xxxx00xx,,040110xxxx00xx,1000,同点候補なし,,,
6716596,2026-06-19,2026-07-07,ok,89.0,E119,２型糖尿病（ステロイド治療中の血糖コントロール）,２型糖尿病・糖尿病性合併症なし,0.63,10007x,２型糖尿病（糖尿病性ケトアシドーシスを除く。）,"1. 入院目的: 主目的は間質性肺炎急性増悪だが、既往歴として糖尿病があり、「糖尿病も有り早めのステロイド減量」「血糖コントロールを要する場合は転院調整」など血糖管理が治療計画の重要な柱になっている。
2. 主病名: カルテの診断名として一貫して「＃2：糖尿病」と記載されており、インスリン(ノボラピッド・ランタス)の用量調整が連日詳細に記録されている。糖尿病性腎症・網膜症等の特定合併症の記載はなく、合併症なしの2型糖尿病が最適。
3. 中心治療: 連日の血糖測定(D007血糖, HbA1c), インスリン頻回投与調整、食事量調整など、人的・検査的資源が相応に投入されている。ステロイド治療に伴う高血糖対策として入院全体を通じた管理対象。
・病態: ステロイド増量により血糖158〜300mg/dl台、「低血糖と極端な高血糖を避ける形で150-250を目標」としインスリンを増減しており、急性代謝失調(ケトアシドーシス、高浸透圧症候群)は生じていない。
・ICD-10選択: ステロイド誘発糖尿病(E13)よりも、既存2型糖尿病がステロイドで増悪した形と読めるためE11系が妥当。糖尿病性合併症が明記されていないためE119「２型糖尿病・糖尿病性合併症なし」とした。
・DPC6整合: E119はDPC6 10007x（２型糖尿病）に対応し、本症例では入院期間を通じて血糖コントロールに持続的資源が投入されているため、IP急性増悪とは別軸で最資源投入病名候補となりうる。",x,,分岐なし（xのみ）,,x,,分岐なし（xのみ）,,xx,パターン xx,,x,処置等1の分岐なし,1,"処置等2=1: 0169(インスリン製剤（注射薬に限る。）), (ランタス注１００単位／ｍｌ)[レセ電=620008945, 実施日=2026-06-19;2026-06-20;2026-06-21;2026-06-22;2026-06-23;2026-06-26;2026-06-27;2026-06-28], (ノボラピッド注　１００単位／ｍｌ)[レセ電=620008895, 実施日=2026-06-20;2026-06-21;2026-06-22;2026-06-23;2026-06-24;2026-06-25;2026-06-26;2026-06-27;2026-06-28;2026-06-29;2026-06-30;2026-07-01;2026-07-02;2026-07-03;2026-07-04;2026-07-05;2026-07-06;2026-07-07]",x,副傷病の分岐なし,,x,重症度の分岐なし (全 x),,10007xxxxxx1xx,"入院期間I:6日/2871点
入院期間II:12日/2037点
入院期間III:30日/1731点","入院日数19日
入院期間I:2871×6日=17226
入院期間II:2037×6日=12222
入院期間III:1731×7日=12117
合計:41565",41565,rejected,点数が低い (差 7432),,,,,,,,,,,
6716596,2026-06-19,2026-07-07,ok,89.0,E13,ステロイド糖尿病（ステロイド療法に関連した糖代謝異常）,ステロイド糖尿病,0.47,100040,糖尿病性ケトアシドーシス、非ケトン昏睡,"1. 入院目的: 主目的は間質性肺炎急性増悪だが、「ステロイド関連のため前医入院」「糖尿病も有り早めのステロイド減量」「ステロイド増量に伴い血糖が上昇」など、ステロイド療法と血糖異常の関連が繰り返し強調されている。
2. 主病名: 既往歴に糖尿病があるが、カルテ上はステロイド調整・糖尿病コントロールを一体として扱っており、糖代謝異常がステロイド療法により顕著に悪化した状態はE13ステロイド糖尿病の範疇とも解釈可能。
3. 中心治療: E119候補とほぼ同一の資源（連日の血糖測定・インスリン調整）が投下されており、病名コーディングの切り方次第で「背景2型糖尿病」か「ステロイド糖尿病」かの選択となる。
・病態: もともと糖尿病があり、そこに高用量ステロイドが重なっているため、本来の定義からは単純な“新規ステロイド糖尿病”より「ステロイドにより増悪した2型糖尿病」と読むのが自然であり、E13採用にはやや慎重さが必要。
・ICD-10選択: それでも、前医でも「ステロイド関連」で入院・調整されている経過から、今回はステロイド療法に付随する糖代謝異常管理が入院計画の中で繰り返し議論されており、E13も実務上のオプションとなり得るため候補として保持する。
・DPC6整合: E13はDPC6 10008x（その他の糖尿病）に対応し、糖尿病DPC内でのサブグループ選択の問題である。実際の資源投入量は2型糖尿病コードと同等であり、主DPCの選択が呼吸器か糖尿病かで変わる場面で検討されうる。",x,,分岐なし（xのみ）,,x,,分岐なし（xのみ）,,xx,パターン xx,,x,処置等1の分岐なし,0,トリガーにマッチする処置コードなし,0,トリガーに該当する副傷病なし,,x,重症度の分岐なし (全 x),,100040xxxxx00x,"入院期間I:6日/3120点
入院期間II:11日/2213点
入院期間III:30日/1881点","入院日数19日
入院期間I:3120×6日=18720
入院期間II:2213×5日=11065
入院期間III:1881×8日=15048
合計:44833",44833,rejected,点数が低い (差 4164),,,,,,,,,,,
6716596,2026-06-19,2026-07-07,ok,89.0,E13,ステロイド糖尿病（ステロイド療法に関連した糖代謝異常）,ステロイド糖尿病,0.47,10008x,その他の糖尿病（糖尿病性ケトアシドーシスを除く。）,"1. 入院目的: 主目的は間質性肺炎急性増悪だが、「ステロイド関連のため前医入院」「糖尿病も有り早めのステロイド減量」「ステロイド増量に伴い血糖が上昇」など、ステロイド療法と血糖異常の関連が繰り返し強調されている。
2. 主病名: 既往歴に糖尿病があるが、カルテ上はステロイド調整・糖尿病コントロールを一体として扱っており、糖代謝異常がステロイド療法により顕著に悪化した状態はE13ステロイド糖尿病の範疇とも解釈可能。
3. 中心治療: E119候補とほぼ同一の資源（連日の血糖測定・インスリン調整）が投下されており、病名コーディングの切り方次第で「背景2型糖尿病」か「ステロイド糖尿病」かの選択となる。
・病態: もともと糖尿病があり、そこに高用量ステロイドが重なっているため、本来の定義からは単純な“新規ステロイド糖尿病”より「ステロイドにより増悪した2型糖尿病」と読むのが自然であり、E13採用にはやや慎重さが必要。
・ICD-10選択: それでも、前医でも「ステロイド関連」で入院・調整されている経過から、今回はステロイド療法に付随する糖代謝異常管理が入院計画の中で繰り返し議論されており、E13も実務上のオプションとなり得るため候補として保持する。
・DPC6整合: E13はDPC6 10008x（その他の糖尿病）に対応し、糖尿病DPC内でのサブグループ選択の問題である。実際の資源投入量は2型糖尿病コードと同等であり、主DPCの選択が呼吸器か糖尿病かで変わる場面で検討されうる。",x,,分岐なし（xのみ）,,x,,分岐なし（xのみ）,,xx,パターン xx,,x,処置等1の分岐なし,1,"処置等2=1: 0169(インスリン製剤（注射薬に限る。）), (ランタス注１００単位／ｍｌ)[レセ電=620008945, 実施日=2026-06-19;2026-06-20;2026-06-21;2026-06-22;2026-06-23;2026-06-26;2026-06-27;2026-06-28], (ノボラピッド注　１００単位／ｍｌ)[レセ電=620008895, 実施日=2026-06-20;2026-06-21;2026-06-22;2026-06-23;2026-06-24;2026-06-25;2026-06-26;2026-06-27;2026-06-28;2026-06-29;2026-06-30;2026-07-01;2026-07-02;2026-07-03;2026-07-04;2026-07-05;2026-07-06;2026-07-07]",x,副傷病の分岐なし,,x,重症度の分岐なし (全 x),,10008xxxxxx1xx,"入院期間I:7日/2950点
入院期間II:15日/2122点
入院期間III:60日/1804点","入院日数19日
入院期間I:2950×7日=20650
入院期間II:2122×8日=16976
入院期間III:1804×4日=7216
合計:44842",44842,rejected,点数が低い (差 4155),,,,,,,,,,,
6725672,2026-07-14,2026-07-25,ok,62.1,C342,右中葉肺癌疑い（原発性肺癌）,中葉肺癌,0.86,040040,肺の悪性腫瘍,"1. 入院目的: 胸部異常陰影の精査加療として右中葉S5の結節に対する手術が目的と記載されている。
2. 主病名: カルテ上「みぎ中葉肺癌疑い 未確診 cT1cN0/1M0」とされ、原発性肺癌を想定しているため「中葉肺癌 C342」を選択。
3. 中心治療: K514-23 胸腔鏡下肺悪性腫瘍手術（右中葉切除、ND2a-2）＋全身麻酔、自動縫合器、周術期栄養・薬剤管理、呼吸リハ等、多大な資源がこの病変に対して投入。
- 手術は右中葉切除であり、部位的に中葉の原発性肺癌コードC342が最も整合的。
- PET-CTで中葉結節SUVmax高値、cStage IA3/IIAと臨床的に肺癌として扱われており、疑いであっても治療対象として入院全体を規定。
- DPC6「040040 肺の悪性腫瘍」はK514-23を必須Kコードとして含み、EFのK514-23と完全に一致しており、最資源投入病名候補として極めて強い。
- 良性肺腫瘍や転移性肺腫瘍よりも、カルテ記載（cT1cN0/1M0）から原発性肺癌として扱うのが妥当。
- 疑いではあるが、結節に対する根治目的肺葉切除が行われており、診断・治療の両面で最大の医療資源が投入されている。",x,,分岐なし（xのみ）,,x,,分岐なし（xのみ）,,02,パターン 02（必須Kコード 1 マッチ）,K514-23(胸腔鏡下肺悪性腫瘍手術（肺葉切除又は１肺葉を超えるもの）),x,処置等1の分岐なし,4,"処置等2=4: 0046(化学療法ありかつ放射線療法なし), (ピシバニール注射用５ＫＥ)[レセ電=622929401, 実施日=2026-07-19]",x,副傷病の分岐なし,,x,重症度の分岐なし (全 x),,040040xx02x4xx,"入院期間I:6日/3255点
入院期間II:11日/2309点
入院期間III:30日/1963点","入院日数12日
入院期間I:3255×6日=19530
入院期間II:2309×5日=11545
入院期間III:1963×1日=1963
合計:33038",33038,selected,,false,false,,040040xx02x4xx,,040040xx02x4xx,1000,同点候補なし,,,
6725672,2026-07-14,2026-07-25,ok,62.1,J959,術後肺瘻（右中葉切除後）,術後肺合併症,0.72,040310,その他の呼吸器の障害,"1. 入院目的: 本来の目的は肺癌疑い手術だが、術後に肺瘻が持続し、クランプテストや胸膜癒着術など追加治療が必要となり入院期間延長の主因となっている。
2. 主病名: カルテで繰り返し「SOAP_A:術後肺瘻」と明記。ICD-10には肺瘻専用コードがないため、術後肺合併症J959を選択。
3. 中心治療: 胸腔ドレーン持続吸引（J002）、クランプテスト反復、胸膜癒着術（ピシバニール）、連日のXpフォロー、呼吸リハなど、術後かなりの医療資源が肺瘻管理に投下。
- 手術自体は腫瘍に対するものだが、実際の在院日数10日超の多くは術後肺瘻への対応で占められており、重症管理ではないが持続ドレナージと癒着術が必要な合併症。
- J959はDPC6「040310 その他の呼吸器の障害」に対応し、術後呼吸器合併症として分類される。
- 気胸(J93x)も近接するが、本症例は明確に術後合併症として肺瘻と記載されており、術後合併症コードの方がより適合。
- 原疾患（肺癌疑い）が主候補である一方、術後肺瘻単独でも、胸膜癒着術など追加侵襲を要した点から、最資源投入病名候補として独立に成立しうる。",x,,分岐なし（xのみ）,,x,,分岐なし（xのみ）,,xx,パターン xx,,x,処置等1の分岐なし,x,処置等2の分岐なし,x,副傷病の分岐なし,,x,重症度の分岐なし (全 x),,040310xxxxxxxx,"入院期間I:4日/3127点
入院期間II:8日/2258点
入院期間III:30日/1920点","入院日数12日
入院期間I:3127×4日=12508
入院期間II:2258×4日=9032
入院期間III:1920×4日=7680
合計:29220",29220,rejected,点数が低い (差 3818),,,,,,,,,,,
6725672,2026-07-14,2026-07-25,ok,62.1,N183,慢性腎臓病ステージG3（CKD G3相当）,慢性腎臓病ステージＧ３,0.45,110280,慢性腎炎症候群・慢性間質性腎炎・慢性腎不全,"1. 入院目的: CKD自体が入院目的ではないが、術前評価でCr 1.33・eGFR 41.5と中等度腎機能低下があり、周術期管理上の重要な背景疾患。
2. 主病名: カルテに「CKD」と明記され、eGFR約40よりCKD G3相当と判断し「慢性腎臓病ステージG3 N183」を選択。
3. 中心治療: 直接のCKD治療はないが、周術期の輸液・造影剤回避・薬剤投与量調整、腎機能を考慮したモニタリング等、人員時間リソースが継続的に投入された可能性が高い。
- CKDは麻酔・手術リスク評価や薬剤選択に大きく影響し、全入院期間を通じた管理対象。
- DPC6「110280 慢性腎炎症候群・慢性間質性腎炎・慢性腎不全」に分類され、腎機能障害としての扱いが妥当。
- ただし本入院の主たる資源は肺手術と術後合併症対応に向いており、CKD単独が最資源投入病名となる根拠は弱く、補助的候補として保持する位置づけ。",x,,分岐なし（xのみ）,,x,,分岐なし（xのみ）,,97,その他の手術（4件のKコードが他パターンに非該当）,"K514-23(胸腔鏡下肺悪性腫瘍手術（肺葉切除又は１肺葉を超えるもの）), K931(超音波凝固切開装置等加算), K000(周術期栄養管理実施加算), K936(自動縫合器（８個）使用加算)",x,処置等1の分岐なし,0,トリガーにマッチする処置コードなし,0,副傷病なし（AI/EF探索で該当なし）,,x,重症度の分岐なし (全 x),,110280xx97x00x,"入院期間I:6日/3004点
入院期間II:11日/2131点
入院期間III:30日/1811点","入院日数12日
入院期間I:3004×6日=18024
入院期間II:2131×5日=10655
入院期間III:1811×1日=1811
合計:30490",30490,rejected,点数が低い (差 2548),,,,,,,,,,,
6725672,2026-07-14,2026-07-25,ok,62.1,E11.9,２型糖尿病（合併症記載なし）,２型糖尿病、合併症なし,0.38,10007x,２型糖尿病（糖尿病性ケトアシドーシスを除く。）,"1. 入院目的: 糖尿病は入院目的ではなく、かかりつけで管理中の既往として記載。
2. 主病名: 「糖尿病で栖本病院かかりつけ」「診断名＃4：DM」とのみあり、合併症の明記がないため、２型糖尿病で合併症なしE11.9とした（１型の記載なく高齢者である点も考慮）。
3. 中心治療: 周術期の血糖測定（D007 糖試験紙法）やインスリン・経口薬調整など、一定のモニタリングと管理が必要であったと推測されるが、主資源ではない。
- 周術期糖代謝管理は全身麻酔手術の安全性に関わる重要因子であり、継続的な指示・検査が行われている。
- ICD検索では１型糖尿病関連のE10系が多いが、カルテ上１型を示唆する記載がなく、日本の高齢者糖尿病一般例として２型E11系を選択し、合併症記載がないため末尾.9とした。
- DPC6「10007x ２型糖尿病」に対応し、糖尿病そのものが資源投入病名になる余地はあるが、本症例では肺腫瘍手術関連より一段劣後する。",x,,分岐なし（xのみ）,,x,,分岐なし（xのみ）,,xx,パターン xx,,x,処置等1の分岐なし,1,"処置等2=1: 0169(インスリン製剤（注射薬に限る。）), (ノボラピッド注　１００単位／ｍｌ)[レセ電=620008895, 実施日=2026-07-15;2026-07-20;2026-07-22;2026-07-23;2026-07-24]",x,副傷病の分岐なし,,x,重症度の分岐なし (全 x),,10007xxxxxx1xx,"入院期間I:6日/2871点
入院期間II:12日/2037点
入院期間III:30日/1731点","入院日数12日
入院期間I:2871×6日=17226
入院期間II:2037×6日=12222
合計:29448",29448,rejected,点数が低い (差 3590),,,,,,,,,,,
6725672,2026-07-14,2026-07-25,ok,62.1,C61,前立腺癌（既往）,前立腺癌,0.3,110080,前立腺の悪性腫瘍,"1. 入院目的: 前立腺癌は既往歴として記載されるのみで、今回入院の直接目的ではない。
2. 主病名: 既往歴に「前立腺癌」とあり、活動性や治療状況の詳細は不明だが、悪性腫瘍としてC61 前立腺癌を選択。
3. 中心治療: 今回入院中に前立腺に対する手術・放射線・内分泌治療の記載はなく、主として背景疾患として把握されているに留まる。
- 同一患者内で複数悪性腫瘍が併存しうる場合、どの悪性腫瘍が資源投入の中心かで主傷病が揺れ得るため、既往の前立腺癌も補助的候補として保持。
- DPC6「110080 前立腺の悪性腫瘍」に対応するが、本入院では前立腺関連Kコードはなく、K514-23を伴う肺腫瘍の方がDPC的整合性は高い。
- 現時点では、今回入院での資源投入は前立腺癌にほぼ向けられておらず、主傷病となる可能性は限定的。",x,,分岐なし（xのみ）,,x,,分岐なし（xのみ）,,97,その他の手術（4件のKコードが他パターンに非該当）,"K514-23(胸腔鏡下肺悪性腫瘍手術（肺葉切除又は１肺葉を超えるもの）), K931(超音波凝固切開装置等加算), K000(周術期栄養管理実施加算), K936(自動縫合器（８個）使用加算)",x,処置等1の分岐なし,3,"処置等2=3: 0005(化学療法), (ピシバニール注射用５ＫＥ)[レセ電=622929401, 実施日=2026-07-19]",x,副傷病の分岐なし,,x,重症度の分岐なし (全 x),,110080xx97x3xx,"入院期間I:9日/3104点
入院期間II:19日/2219点
入院期間III:60日/1886点","入院日数12日
入院期間I:3104×9日=27936
入院期間II:2219×3日=6657
合計:34593",34593,rejected,上位候補に劣る,,,,,,,,,,,
6732514,2026-06-06,2026-06-20,ok,57.5,N10,急性前立腺炎および急性巣状細菌性腎炎による複雑性尿路感染症,急性巣状細菌性腎炎,0.78,110310,腎臓又は尿路の感染症,"1. 入院目的: 高熱とショックリスクを伴う熱源不明発熱に対する精査・加療。
2. 主病名: 画像と尿所見から前立腺炎/AFBN（急性巣状細菌性腎炎）を伴う尿路感染症と診断。
3. 中心治療: CTRX→CEZ静注2週間＋退院後経口抗菌薬、尿道カテーテル管理、EHCUでのモニタリング、頻回採血・培養、腹部エコー・CT。
・尿所見で高度白血球増多・細菌3+、CTで腎周囲変化と前立腺炎/AFBNが疑われ、入院中ずっと抗菌薬治療・画像/尿検査による評価の中心となっている。
・ICD-10として、腎実質感染（AFBN含む）を念頭に尿路上部感染を表すN10（急性巣状細菌性腎炎/急性腎盂腎炎）がもっとも適合する。
・DPC6はN10→110310「腎臓又は尿路の感染症」とマッピングされ、本症例のEHCU管理、高用量静注抗菌薬、尿検査・培養・画像検査主体の資源投入と整合する。
・同じ入院ストーリーの中で前立腺炎単独（N410）よりも、全身状態悪化や菌血症の主たるフォーカスとして腎臓・尿路全体感染を包含する方が、資源投入の実態をよく反映すると判断。
・敗血症レベルの循環不全やICU的管理はSOFA0点で回避されており、原発巣（尿路感染）が主病名としてより妥当。",x,,分岐なし（xのみ）,,x,,分岐なし（xのみ）,,99,手術なし,,x,処置等1の分岐なし,x,処置等2の分岐なし,x,副傷病の分岐なし,,x,重症度の分岐なし (全 x),,110310xx99xxxx,"入院期間I:6日/3232点
入院期間II:11日/2257点
入院期間III:30日/1918点","入院日数15日
入院期間I:3232×6日=19392
入院期間II:2257×5日=11285
入院期間III:1918×4日=7672
合計:38349",38349,selected,,false,false,,110310xx99xxxx,,110310xx99xxxx,1000,同点候補なし,,,
6732514,2026-06-06,2026-06-20,ok,57.5,N410,急性細菌性前立腺炎,急性細菌性前立腺炎,0.7,11022x,男性生殖器疾患,"1. 入院目的: 高熱の熱源精査の結果、尿路感染のうち前立腺炎が主要フォーカスと判明。
2. 主病名: 造影CTで前立腺腫大・内部不均一造影、周囲脂肪織濃度上昇から前立腺炎が疑われ、泌尿器科も急性前立腺炎を想定。
3. 中心治療: CTRX→CEZ静注2週間＋経口抗菌薬、尿道カテーテル管理、排尿状態モニタリング、PSA測定、泌尿器科コンサルトと腹部エコーで前立腺評価。
・現病歴と画像所見から、前立腺を中心とする尿路感染（排尿時痛・排尿困難を先行）が発熱・菌血症の主たるフォーカスと解釈でき、入院期間を通じて治療・モニタリングの中心となっている。
・ICD-10は部位特異的にN410「急性細菌性前立腺炎」がもっとも妥当であり、膿瘍形成までは否定的であるためN412よりN410を選択する。
・DPC6ではN410→11022x「男性生殖器疾患」に対応し、尿路上部よりも前立腺炎主体として扱う場合の代替候補として成立する。
・同じ入院ストーリーでN10（尿路感染症全体）と隣接するが、CT記載や泌尿器科メモでは前立腺炎が強調されており、原発フォーカスを前立腺に絞った解釈として保持する価値がある。",x,,分岐なし（xのみ）,,x,,分岐なし（xのみ）,,99,手術なし,,x,処置等1の分岐なし,x,処置等2の分岐なし,x,副傷病の分岐なし,,x,重症度の分岐なし (全 x),,11022xxx99xxxx,"入院期間I:4日/3312点
入院期間II:8日/2273点
入院期間III:30日/1932点","入院日数15日
入院期間I:3312×4日=13248
入院期間II:2273×4日=9092
入院期間III:1932×7日=13524
合計:35864",35864,rejected,点数が低い (差 2485),,,,,,,,,,,
6732514,2026-06-06,2026-06-20,ok,57.5,A498,大腸菌による菌血症,大腸菌菌血症,0.62,180030,その他の感染症（真菌を除く。）,"1. 入院目的: 高熱・代謝性アシドーシス・乳酸高値を伴う熱源不明発熱に対する精査で、血液培養GNR陽性となり菌血症が判明。
2. 主病名: 血液培養からE.coliが検出され、「GNR菌血症」「E-coli菌血症」として記載されている。
3. 中心治療: 早期からの静注抗菌薬（CTRX→CEZ）、EHCU入室による循環・呼吸モニタリング、連日の採血・培養フォロー、免疫抑制薬シクロスポリンの休薬判断など、全身感染としての管理に多くの資源が投入。
・初期にはBT40℃、Lac11、WBC 23,900、CRP14と敗血症に近い全身感染像であり、尿路原発E.coli菌血症として全身管理が行われた。
・ICD-10は起因菌が明記されているため、A498「大腸菌菌血症」が最も具体的に一致する。
・DPC6はA498→180030「その他の感染症」に対応し、局在よりも全身性感染（菌血症）として資源投入を評価する場合の候補となる。
・SOFA 0点でショックや多臓器不全は回避されており、純粋な重症敗血症よりは原発巣（尿路感染）への治療が中心だが、EHCUでの厳重管理と抗菌薬選択の判断は菌血症としての全身状態に強く依存しているため、独立候補として残す。",x,,分岐なし（xのみ）,,x,,分岐なし（xのみ）,,xx,パターン xx,,x,処置等1の分岐なし,x,処置等2の分岐なし,x,副傷病の分岐なし,,x,重症度の分岐なし (全 x),,180030xxxxxxxx,"入院期間I:4日/3171点
入院期間II:9日/2345点
入院期間III:30日/1993点","入院日数15日
入院期間I:3171×4日=12684
入院期間II:2345×5日=11725
入院期間III:1993×6日=11958
合計:36367",36367,rejected,点数が低い (差 1982),,,,,,,,,,,
6732514,2026-06-06,2026-06-20,ok,57.5,N040,微小変化型ネフローゼ症候群,微小変化型ネフローゼ症候群,0.45,110260,ネフローゼ症候群,"1. 入院目的: 尿路感染・菌血症治療が主だが、背景疾患として微小変化型ネフローゼ症候群があり、シクロスポリン内服の中止・再開時期が入院中の重要な検討事項となっている。
2. 主病名: 既往として「微小変化型ネフローゼ症候群」が明記され、中央病院腎内でCyA処方中。
3. 中心治療: 今回入院ではネフローゼ自体の急性増悪や腎不全はなく、主な介入はシクロスポリン一時中止と再開時期の腎臓科カンファ・紹介状作成などのマネジメント資源。
・ネフローゼ自体は安定であり、急性期治療や検査の中心とはなっていないが、免疫抑制状態が尿路感染・菌血症の背景リスクとなっており、CyA休薬・再開計画に医師の時間的資源が割かれている。
・ICD-10は病名どおりN040「微小変化型ネフローゼ症候群」が適合し、DPC6は110260「ネフローゼ症候群」に対応する。
・本入院における純然たる資源投入量は尿路感染に比べて小さいが、長期治療疾患としての重要度とカンファレンス・紹介状作成などの管理資源を考慮し、低めのconfidenceで補助候補とする。",x,,分岐なし（xのみ）,,x,,分岐なし（xのみ）,,99,手術なし,,x,処置等1の分岐なし,0,トリガーにマッチする処置コードなし,x,副傷病の分岐なし,,x,重症度の分岐なし (全 x),,110260xx99x0xx,"入院期間I:7日/2906点
入院期間II:18日/2095点
入院期間III:60日/1781点","入院日数15日
入院期間I:2906×7日=20342
入院期間II:2095×8日=16760
合計:37102",37102,rejected,点数が低い (差 1247),,,,,,,,,,,
6732514,2026-06-06,2026-06-20,ok,57.5,K922,一過性の上部消化管出血疑い（黒色嘔吐）,上部消化管出血,0.42,060130,食道、胃、十二指腸、他腸の炎症（その他良性疾患）,"1. 入院目的: 主目的は感染だが、来院時に黒色嘔吐があり、上部消化管出血が鑑別として挙がっている。
2. 主病名: 来院直後から「黒色嘔吐」記載が複数回あり、上部消化管出血疑いとしてPPI投与・経過観察の方針が明示。
3. 中心治療: PPI投与、貧血・黒色便の有無のモニタリング、必要時上部内視鏡を検討するという形で一定の検査・治療リソースを想定しながら経過観察。
・実際には貧血進行や黒色便がなく、内視鏡検査も施行されていないため、資源投入は感染に比べれば小さいが、入院初期には重篤な上部消化管出血の可能性として診療計画に影響している。
・ICD-10として部位未同定の消化管出血を表すK922「上部消化管出血/消化管出血」を用いることで、黒色嘔吐を主たる病態カテゴリとして表現できる。
・DPC6は060130「食道、胃、十二指腸、他腸の炎症（その他良性疾患）」であり、消化管からの出血疑いに対するPPIとモニタリングを含めた管理と整合する。
・最終的に大きな介入は要さなかったためprimary_likelihoodは低いが、緊急入院当初に相応の検査・観察リソースが向けられたため、補助候補として保持する。",x,,分岐なし（xのみ）,,x,,分岐なし（xのみ）,,99,手術なし,,0,トリガーにマッチする処置コードなし,0,トリガーにマッチする処置コードなし,x,副傷病の分岐なし,,x,重症度の分岐なし (全 x),,060130xx9900xx,"入院期間I:3日/3217点
入院期間II:6日/2334点
入院期間III:30日/1984点","入院日数15日
入院期間I:3217×3日=9651
入院期間II:2334×3日=7002
入院期間III:1984×9日=17856
合計:34509",34509,rejected,点数が低い (差 3840),,,,,,,,,,,
6759952,2026-05-17,2026-06-01,ok,110.7,I501,"虚血性心筋症に伴う慢性心不全の急性増悪（非代償性心不全, HFrEF）",左室駆出率の低下した心不全,0.86,050130,心不全,"1. 入院目的: 「心不全加療」「今年2回目の心不全増悪入院」「非代償性心不全(CS1)」と明記され，呼吸苦・胸痛で救急搬送されている。
2. 主病名: 慢性心不全の急性増悪・HFrEF(2026/05/17 EF39%) → 左室駆出率の低下した心不全(I501)が最も適合。
3. 中心治療: フロセミドiv/内服増減, ニトログリセリンによる降圧, 酸素投与, 心拍・SpO2モニタ, 心エコー, BNP・トロポニン等の心不全精査, 心大血管疾患リハビリ。
・肺水腫, 胸水貯留, 高二酸化炭素血症を伴う呼吸苦が入院時からの主病態で，入院全期間にわたり利尿・降圧・酸素・リハ等の医療資源が継続投下されている。
・EF39%と記載されHFrEFであり，単なるうっ血性心不全(I500)よりもI501(左室駆出率低下心不全)がカルテ表現と合致。
・心不全増悪に対する治療調整（ラシックス20→30→20mg, K補正, 脱水評価, 胸部X線での肺うっ血再燃/改善確認）が入院中の主要アクティビティであり，最資源投入病名として第一候補。
・DPC6は心不全(050130)で，心不全急性増悪管理や心大血管リハに典型的に対応する分類であり，本症例の治療内容と整合する。",x,,分岐なし（xのみ）,,x,,分岐なし（xのみ）,,99,手術なし,,0,トリガーにマッチする処置コードなし,0,"処置等2=0: H000(心大血管疾患リハビリテーション料（１）（１単位）（理学療法士による場合）)[レセ電=180744210, 実施日=2026-05-17;2026-05-18;2026-05-19;2026-05-20;2026-05-21;2026-05-22;2026-05-25;2026-05-27;2026-05-28;2026-05-29], H000(心大血管疾患リハビリテーション料（１）（１単位）（作業療法士による場合）)[レセ電=180744310, 実施日=2026-05-23], H000(心大血管疾患リハビリテーション料（１）（１単位）（集団療法による場合）)[レセ電=180744610, 実施日=2026-05-26]",x,副傷病の分岐なし,,0,"branch=0 label=他の病院・診療所の病棟からの転院以外 / 入院直前は介護施設入所中であり、他院病棟から当院病棟への転院ではなく、施設からの救急搬送と判断できる。 (verifier 不整合あり, best-effort 採用: ['conclusion_label_mismatch'])",[2026-05-17]来院手段：救急車…現病歴：2026/05/17　0時～呼吸苦あり、2時～3時にかけて胸痛を認めたため施設の方が救急要請した; [2026-05-17]退院後はホスピタルメント桜十字に入所。…2026年5月16日朝から低酸素あり。5月17日0時ころから呼吸困難、胸痛あり、救急要請。,050130xx9900x0,"入院期間I:7日/3150点
入院期間II:14日/2242点
入院期間III:60日/1906点","入院日数16日
入院期間I:3150×7日=22050
入院期間II:2242×7日=15694
入院期間III:1906×2日=3812
合計:41556",41556,selected,,false,false,,050130xx9900x0,,050130xx9900x0,1000,同点候補なし,,,
6759952,2026-05-17,2026-06-01,ok,110.7,I255,虚血性心筋症（冠動脈疾患・CABG後）,虚血性心筋症,0.7,050050,狭心症、慢性虚血性心疾患,"1. 入院目的: 心不全加療だが，入院医師記録で「虚血性心疾患疑い」「虚血性心筋症に伴う心不全増悪も疑われる」とされている。
2. 主病名: 「冠動脈疾患→CABG後」「虚血性心疾患疑い」の記載，EF低下と新規T波陰転，トロポニン微増より虚血性心筋症(I255)が背景として妥当。
3. 中心治療: 抗血小板薬(バイアスピリン), β遮断薬, ACE阻害薬, MRA, SGLT2I検討など虚血性心疾患/HFrEFに対する慢性期内科治療継続と心大血管リハ。
・過去にCABG, AVR, MVRを施行しており，慢性冠動脈疾患に起因する心機能低下(HFrEF)がベースにあることが強く示唆される。
・今回入院でも新規T波陰転やトロポニン微増があり，心不全急性増悪の原因として虚血性心筋症が明示的に検討されている。
・侵襲的精査・再血行再建は希望されていないが，長期にわたり多剤併用療法と心大血管リハなどの医療資源がこの虚血性心筋症/冠動脈疾患に対して継続的に投下されている。
・DPC6は狭心症、慢性虚血性心疾患(050050)で，CABG後の慢性虚血性心疾患管理に対応する分類であり，本患者の基礎病態と整合する。心不全(050130)との隣接候補として保持。",x,,分岐なし（xのみ）,,x,,分岐なし（xのみ）,,99,手術なし,,0,トリガーにマッチする処置コードなし,0,トリガーにマッチする処置コードなし,x,副傷病の分岐なし,,0,"branch=0 label=他の病院・診療所の病棟からの転院以外 / 救急要請元は介護施設であり、他院・診療所病棟から当院病棟へ転院したことを示す記載はない。 (verifier 不整合あり, best-effort 採用: ['conclusion_label_mismatch'])",[2026-05-17]2026年5月16日朝から低酸素あり。5月17日0時ころから呼吸困難、胸痛あり、救急要請。退院後はホスピタルメント桜十字に入所。; [2026-05-17]2026/05/17　0時～呼吸苦あり、2時～3時にかけて胸痛を認めたため施設の方が救急要請した,050050xx9900x0,"入院期間I:2日/4271点
入院期間II:4日/2380点
入院期間III:30日/2023点","入院日数16日
入院期間I:4271×2日=8542
入院期間II:2380×2日=4760
入院期間III:2023×12日=24276
合計:37578",37578,rejected,点数が低い (差 3978),,,,,,,,,,,
6759952,2026-05-17,2026-06-01,ok,110.7,I10,高血圧症に関連した心不全増悪,本態性高血圧症,0.55,050140,高血圧性疾患,"1. 入院目的: 心不全加療だが，救急外来でBP180/110と高度高血圧を認め，「いづれも血圧高値ありCS1心不全」と記載されている。
2. 主病名: 既往歴の「高血圧症」，今回も高血圧を契機に心不全増悪しており，本態性高血圧症(I10)と判断。
3. 中心治療: ニトログリセリンによる急性期降圧，ACE阻害薬(エナラプリル)，MRA，β遮断薬の調整など高血圧・心不全双方に対する薬物療法。
・今年2回とも「血圧高値ありCS1心不全」とされており，高血圧そのものが心不全増悪の引き金として繰り返し問題となっている。
・降圧薬の継続・調整は入院中の重要な治療要素であり，高血圧が資源投入の背景疾患として一定の比重を占める。
・ただし，主要なモニタリングや酸素・利尿などは心不全自体に紐づくため，高血圧単独よりは心不全(I501)を主に位置づけ，本候補は原疾患として保持する位置づけ。
・DPC6は高血圧性疾患(050140)となり，高血圧性心不全(I110)も候補だが，カルテで「高血圧性心不全」とまでは記載されていないため，高血圧症(I10)として包括的に扱った。",x,,分岐なし（xのみ）,,x,,分岐なし（xのみ）,,99,手術なし,,x,処置等1の分岐なし,0,トリガーにマッチする処置コードなし,0,トリガーに該当する副傷病なし,,x,重症度の分岐なし (全 x),,050140xx99x00x,"入院期間I:3日/3636点
入院期間II:6日/2215点
入院期間III:30日/1882点","入院日数16日
入院期間I:3636×3日=10908
入院期間II:2215×3日=6645
入院期間III:1882×10日=18820
合計:36373",36373,rejected,点数が低い (差 5183),,,,,,,,,,,
6759952,2026-05-17,2026-06-01,ok,110.7,D519,ビタミンB12欠乏による大球性貧血,ビタミンＢ１２欠乏性貧血,0.5,130090,貧血（その他）,"1. 入院目的: 主目的は心不全加療だが，入院後に「＃大球性貧血」として新規に評価されている。
2. 主病名: 「貧血精査でビタミンB12低値であった。メチコバールを開始」とあり，大球性貧血の原因がB12欠乏と特定されているため，ビタミンB12欠乏性貧血(D519)が最も具体的。
3. 中心治療: 連日の血算モニタリング，ビタミンB12製剤(メチコバール)投与。
・入院経過中，Hbは8〜9g/dL台で推移し，大球性(MCV>100)と明記され，NT-proBNPや心不全治療に加えて貧血精査・治療も実施されている。
・大量輸血などは施行されていないが，高齢で心不全を有する患者の全身状態に影響しうる要因として，B12欠乏貧血への薬物治療・検査に一定の資源が投下されている。
・DPC6は貧血（その他）130090で，B12欠乏性貧血に典型的に対応する分類。心不全DPCとの比較では資源量は劣るが，独立した治療対象として候補に含める。",x,,分岐なし（xのみ）,,x,,分岐なし（xのみ）,,99,手術なし,,x,処置等1の分岐なし,0,トリガーにマッチする処置コードなし,x,副傷病の分岐なし,,x,重症度の分岐なし (全 x),,130090xx99x0xx,"入院期間I:3日/3389点
入院期間II:8日/2219点
入院期間III:30日/1886点","入院日数16日
入院期間I:3389×3日=10167
入院期間II:2219×5日=11095
入院期間III:1886×8日=15088
合計:36350",36350,rejected,点数が低い (差 5206),,,,,,,,,,,
6759952,2026-05-17,2026-06-01,ok,110.7,E876,低カリウム血症,低カリウム血症,0.45,10039x,体液・電解質・酸塩基平衡障害,"1. 入院目的: 心不全加療だが，初診時にK 2.96 mmol/Lと高度低カリウム血症を認め，「低カリウム血症」と診断名に明記されている。
2. 主病名: 血清K低値とグルコン酸カリウム投与などから，低カリウム血症(E876)が該当。
3. 中心治療: 連日の電解質モニタリング(Na/K/Cl), グルコン酸カリウム内服/補正，利尿薬量調整。
・心不全治療に伴う利尿でさらにK変動が問題となり，K補正のために頻回の採血・検査と内服調整が行われている。
・筋力低下や不整脈などの重篤合併症の記載はないが，心疾患患者における電解質異常として注意深く管理されており，一定の医療資源が投下されている。
・DPC6は体液・電解質・酸塩基平衡障害(10039x)であり，電解質管理を主とする入院では主DPC候補となりうる病態。本症例では心不全が主だが，電解質異常も入院理由の一部として候補に残す。",x,,分岐なし（xのみ）,,x,,分岐なし（xのみ）,,99,手術なし,,x,処置等1の分岐なし,x,処置等2の分岐なし,x,副傷病の分岐なし,,x,重症度の分岐なし (全 x),,10039xxx99xxxx,"入院期間I:4日/3332点
入院期間II:9日/2222点
入院期間III:30日/1889点","入院日数16日
入院期間I:3332×4日=13328
入院期間II:2222×5日=11110
入院期間III:1889×7日=13223
合計:37661",37661,rejected,点数が低い (差 3895),,,,,,,,,,,
6783321,2026-07-06,2026-07-29,ok,91.0,I50.0,慢性心不全増悪（うっ血性心不全，HFrEF，volume overload）,うっ血性心不全,0.9,050130,心不全,"1. 入院目的: 「心不全治療」「volume overloadの心不全増悪」と明記され，労作時呼吸苦と下腿浮腫で紹介入院。
2. 主病名: カルテ上「うっ血性心不全」「慢性心不全増悪，HFrEF」。構造的心疾患に伴ううっ血性・慢性心不全として I50.0（うっ血性心不全）を選択。
3. 中心治療: ループ利尿薬・トルバプタン増量，昇圧薬DOB持続静注，多数の血液検査・心エコー，酸素・モニタリング，心大血管リハビリを含め心不全管理が入院全期間の中心。
4. EF15–20％の高度低心機能と胸水・肺うっ血，体重減少，NT-proBNP高値→改善など，心不全治療への継続的資源投入が明らか。
5. 低Na血症や腎・肝機能悪化は心不全に続発したと解釈され，それ自体よりも心不全本体への介入が主。
6. I50.0 はうっ血性/慢性心不全として本症例の病態をよく表現し，DPC6「050130 心不全」とEFの心大血管リハや心機能検査群と整合する。",x,,分岐なし（xのみ）,,x,,分岐なし（xのみ）,,99,手術なし,,0,トリガーにマッチする処置コードなし,0,"処置等2=0: H000(心大血管疾患リハビリテーション料（１）（１単位）（理学療法士による場合）)[レセ電=180744210, 実施日=2026-07-07;2026-07-08;2026-07-09;2026-07-10;2026-07-13;2026-07-14;2026-07-15;2026-07-16;2026-07-20;2026-07-21;2026-07-22;2026-07-23;2026-07-27;2026-07-28], H000(心大血管疾患リハビリテーション料（１）（１単位）（作業療法士による場合）)[レセ電=180744310, 実施日=2026-07-11;2026-07-12;2026-07-25;2026-07-26], H000(心大血管疾患リハビリテーション料（１）（１単位）（看護師による場合）)[レセ電=180744510, 実施日=2026-07-15;2026-07-16;2026-07-17;2026-07-18;2026-07-19;2026-07-22;2026-07-24;2026-07-27], H000(心大血管疾患リハビリテーション料（１）（１単位）（集団療法による場合）)[レセ電=180744610, 実施日=2026-07-13;2026-07-14;2026-07-27]",x,副傷病の分岐なし,,0,"branch=0 label=他の病院・診療所の病棟からの転院以外 / かかりつけ診療所（外来）からの紹介入院であり、他院病棟からの転院とは記載されていない。 (verifier 不整合あり, best-effort 採用: ['conclusion_label_mismatch'])",[2026-07-06]本日かかりつけのきはら循環器科内科を受診された。レントゲンで心拡大・胸水貯留を認め、自宅が玉名と遠方で、外来通院での利尿薬コントロールは困難で入院が良いと考えられ紹介となる。; [2026-07-06]紹介医：有 （きはら循環器科内科）; [2026-07-06]volume overloadの心不全増悪…遠方のため入院での加療希望でご紹介。 一般病棟入院。,050130xx9900x0,"入院期間I:7日/3150点
入院期間II:14日/2242点
入院期間III:60日/1906点","入院日数24日
入院期間I:3150×7日=22050
入院期間II:2242×7日=15694
入院期間III:1906×10日=19060
合計:56804",56804,selected,,false,false,,050130xx9900x0,,050130xx9900x0,1000,同点候補なし,,,
6783321,2026-07-06,2026-07-29,ok,91.0,E87.1,低ナトリウム血症（心不全に伴う低Na血症）,低ナトリウム血症,0.65,10039x,体液・電解質・酸塩基平衡障害,"1. 入院目的: 主目的は心不全治療だが，入院時Na126 mEq/Lと顕著な低Na血症を伴い，治療方針（トルバプタン増量など）に大きく影響。
2. 主病名: 入院初診時診断名に「＃5：低Na血症」と記載。ICD-10では低Na血症に対してE87.1が該当する。
3. 中心治療: トルバプタン増量，利尿薬調整，電解質・浸透圧関連の頻回採血・尿電解質検査など，電解質異常の是正に一定の資源が投入。
4. Na 126→132→134→133→136と経過とともに改善しており，入院中継続してフォローされている。
5. 心不全に続発した浮腫型低Na血症と考えられ，原疾患ではないが，電解質異常として独立した管理対象であり，病態評価・薬剤調整の中心の一翼を担う。
6. DPC6「10039x 体液・電解質・酸塩基平衡障害」は心不全DPCとは異なる分類であり，心不全主体のコーディングと競合する近接候補として保持する価値がある。",x,,分岐なし（xのみ）,,x,,分岐なし（xのみ）,,99,手術なし,,x,処置等1の分岐なし,x,処置等2の分岐なし,x,副傷病の分岐なし,,x,重症度の分岐なし (全 x),,10039xxx99xxxx,"入院期間I:4日/3332点
入院期間II:9日/2222点
入院期間III:30日/1889点","入院日数24日
入院期間I:3332×4日=13328
入院期間II:2222×5日=11110
入院期間III:1889×15日=28335
合計:52773",52773,rejected,点数が低い (差 4031),,,,,,,,,,,
6783321,2026-07-06,2026-07-29,ok,91.0,N18.9,慢性腎不全（心不全に伴う腎機能障害）,慢性腎不全,0.55,110280,慢性腎炎症候群・慢性間質性腎炎・慢性腎不全,"1. 入院目的: 直接の目的は心不全治療だが，入院時BUN57.1，Cr1.69，eGFR30.5と腎機能悪化を伴う多臓器不全として評価されている。
2. 主病名: 経過中の記載で「多臓器不全でありDOB開始」とされ，腎機能も主要な障害臓器。基礎CKDの上に心不全増悪で腎機能が悪化した慢性腎不全としてN18.9を選択（糖尿病性や高血圧性などの明確な原因記載がない）。
3. 中心治療: 心不全治療（利尿・DOB）によりCr 1.69→1.05→1.08と改善しており，腎機能は連日近く採血でモニタリングされ，薬剤用量調整の基盤となっている。
4. 透析J/Kコードはなく，急性腎不全N17.xや透析中N18.5ではなく，CKD(G3b程度)に急性増悪した形と考えられる。
5. 腎機能障害は心不全と並ぶ予後規定因子であり，利尿・昇圧薬調整の中心的パラメータとして医療資源をかなり要している。
6. DPC6「110280 慢性腎炎症候群・慢性間質性腎炎・慢性腎不全」は本病名をカバーし，腎機能評価検査群との整合からも最資源投入病名の近接候補として保持する価値がある。",x,,分岐なし（xのみ）,,x,,分岐なし（xのみ）,,99,手術なし,,0,トリガーにマッチする処置コードなし,0,トリガーにマッチする処置コードなし,1,副傷病あり（value=1）,"[カルテ記事] J90(胸水，他に分類されないもの) 根拠: 胸部レントゲンおよび胸部Xpで「少量胸水貯留あり」と記載され，心不全のvolume overloadの一部として入院・利尿薬治療が行われている。 引用: レントゲンで心拡大・胸水貯留を認め、自宅が玉名と遠方で、外来通院での利尿薬コントロールは困難で入院が良いと考えられ紹介となる。; ▼胸部Xp
  少量胸水貯留あり、肺血管陰影増強あり 判断: 胸部Xpで明確に胸水貯留を指摘され，心不全増悪の所見として利尿薬等で治療されており，入院中に管理された胸水として副傷病に該当する。",x,重症度の分岐なし (全 x),,110280xx99001x,"入院期間I:7日/3037点
入院期間II:14日/2170点
入院期間III:60日/1845点","入院日数24日
入院期間I:3037×7日=21259
入院期間II:2170×7日=15190
入院期間III:1845×10日=18450
合計:54899",54899,rejected,点数が低い (差 1905),,,,,,,,,,,
6783321,2026-07-06,2026-07-29,ok,91.0,K76.9,肝機能障害（うっ血性肝障害）,肝機能障害,0.45,060570,その他の消化器等の障害,"1. 入院目的: 心不全増悪に対する治療目的で入院時，AST/ALT，ALP，γ-GTP上昇とビリルビン軽度高値を認め，「多臓器不全」と記載。
2. 主病名: 心不全に伴ううっ血性肝障害と考えられ，ICD上は特定の基礎肝疾患が明示されていないため包括的なK76.9（肝機能障害）を選択。
3. 中心治療: 直接の肝特異的治療は行っていないが，DOB投与や利尿調整によりAST/ALTなど肝酵素が改善しており，心不全治療効果判定として肝機能も繰り返しモニターされている。
4. 入院経過でAST 68→44→31→24, ALT 118→88→47→32と改善し，多臓器不全の構成要素として評価されている。
5. DPC6「060570 その他の消化器等の障害」はうっ血肝や薬剤性肝障害などを含む枠であり，本症例で肝障害を主病態とみなすシナリオは限定的だが，心不全DPCとの競合候補として補助的に保持する意義がある。",x,,分岐なし（xのみ）,,x,,分岐なし（xのみ）,,99,手術なし,,x,処置等1の分岐なし,0,トリガーにマッチする処置コードなし,x,副傷病の分岐なし,,x,重症度の分岐なし (全 x),,060570xx99x0xx,"入院期間I:3日/3235点
入院期間II:6日/2182点
入院期間III:30日/1854点","入院日数24日
入院期間I:3235×3日=9705
入院期間II:2182×3日=6546
入院期間III:1854×18日=33372
合計:49623",49623,rejected,点数が低い (差 7181),,,,,,,,,,,
6783321,2026-07-06,2026-07-29,ok,91.0,I35.0,大動脈弁狭窄症（TAVI後，postCABGの基礎心疾患）,大動脈弁狭窄症,0.4,050080,弁膜症（連合弁膜症を含む。）,"1. 入院目的: 直接は心不全増悪だが，現病歴に「AS，post TF-TAVI (Navitor 27mm)，postCABG 低心機能」と記載されており，もともとの大動脈弁狭窄症が根本の心疾患。
2. 主病名: カルテSOAP_Aで一貫して「AS」「post TFTAVI」と記載され，大動脈弁狭窄症（すでにTAVI施行後）を背景疾患としている。ICD-10上は基礎疾患としてI35.0 大動脈弁狭窄症に相当。
3. 中心治療: 今回入院でTAVIや外科弁手術Kコードはなく，直接の弁疾患介入は行っていないが，重症HFrEFの基盤となる構造的心疾患として入院全経過に影響。
4. 心不全DPC（050130）と弁膜症DPC（050080）のいずれを主とするかは，TAVI後フォロー入院か心不全入院かの解釈で変わりうるため，原疾患側の候補として保持。
5. EF 15–20％の低心機能とpostCABG・TAVIの既往から，心筋障害と弁膜症のいずれを主とみなすか検討の余地があり，DPCコーディング上のタイブレーク材料として必要な候補。",x,,分岐なし（xのみ）,,x,,分岐なし（xのみ）,,99,手術なし,,0,トリガーにマッチする処置コードなし,0,トリガーにマッチする処置コードなし,1,副傷病あり（value=1）,"[カルテ記事] J90(胸水，他に分類されないもの) 根拠: 胸部レントゲンおよび胸部Xpで「少量胸水貯留あり」と記載され，心不全のvolume overloadの一部として入院・利尿薬治療が行われている。 引用: レントゲンで心拡大・胸水貯留を認め、自宅が玉名と遠方で、外来通院での利尿薬コントロールは困難で入院が良いと考えられ紹介となる。; ▼胸部Xp
  少量胸水貯留あり、肺血管陰影増強あり 判断: 胸部Xpで明確に胸水貯留を指摘され，心不全増悪の所見として利尿薬等で治療されており，入院中に管理された胸水として副傷病に該当する。",x,重症度の分岐なし (全 x),,050080xx99001x,"入院期間I:8日/3115点
入院期間II:15日/2222点
入院期間III:60日/1889点","入院日数24日
入院期間I:3115×8日=24920
入院期間II:2222×7日=15554
入院期間III:1889×9日=17001
合計:57475",57475,rejected,上位候補に劣る,,,,,,,,,,,
6783496,2026-06-16,2026-07-08,ok,129.0,I50.0,慢性心不全（HFrEF）の増悪（うっ血性心不全、CS2）,うっ血性心不全,0.9,050130,心不全,"1. 入院目的: 「心不全加療」「CS2心不全にて入院」と明記され、呼吸苦と低酸素血症を主訴に救急搬送。
2. 主病名: 慢性HFrEF背景の「うっ血性心不全増悪」→ うっ血性所見（肺水腫・両側胸水・下腿浮腫）より I50.0 が最も適合。
3. 中心治療: 入院全期間にわたる酸素投与、利尿薬調整（フロセミド、トルバプタン減量/増量）、エンレスト減量、ピモベンダン導入、心大血管疾患リハビリ、継続的モニタリング。
・NT-proBNP高値、胸部Xp/CTで肺水腫・両側胸水、心エコーEF25〜34%と典型的心不全像で、治療資源のほぼ全てがこの増悪コントロールに向けられている。
・肺水腫や胸水は心不全に伴う病態として包含されるため、心不全コードで一括評価するのが妥当。
・DPC6は I50.0→050130「心不全」と対応し、EFの心リハ（H000系）、酸素、持続モニタリングなど心不全管理と整合。
・虚血性心疾患は基礎疾患だが今回急性冠症候群はなく、資源投入の中心は虚血イベントではなく心不全増悪である。",x,,分岐なし（xのみ）,,x,,分岐なし（xのみ）,,99,手術なし,,0,トリガーにマッチする処置コードなし,0,"処置等2=0: H000(心大血管疾患リハビリテーション料（１）（１単位）（理学療法士による場合）)[レセ電=180744210, 実施日=2026-06-21;2026-06-22;2026-06-23;2026-06-24;2026-06-25;2026-06-26;2026-06-29;2026-06-30;2026-07-01;2026-07-02;2026-07-03;2026-07-04;2026-07-06;2026-07-07], H000(心大血管疾患リハビリテーション料（１）（１単位）（集団療法による場合）)[レセ電=180744610, 実施日=2026-07-06]",x,副傷病の分岐なし,,0,"branch=0 numeric=0 label=他の病院・診療所の病棟からの転院以外 / 自宅（施設）から救急要請され当院救急外来経由での緊急入院であり、他院病棟からの転院を示す記載がない。 (verifier 不整合あり, best-effort 採用: ['conclusion_label_mismatch'])",[2026-06-16]2026年6月15日…呼吸苦増悪、SpO2低下を認め救急要請。…救外で…EW入院とした。; [2026-06-16]70歳以上，緊急入院; [2026-06-17]かかりつけ：えず総合診療所,050130xx9900x0,"入院期間I:7日/3150点
入院期間II:14日/2242点
入院期間III:60日/1906点","入院日数23日
入院期間I:3150×7日=22050
入院期間II:2242×7日=15694
入院期間III:1906×9日=17154
合計:54898",54898,selected,,false,false,,050130xx9900x0,,050130xx9900x0,1000,同点候補なし,,,
6783496,2026-06-16,2026-07-08,ok,129.0,I25.9,慢性虚血性心疾患（LCX心筋梗塞PCI後、LAD CTO残存）,虚血性心疾患,0.6,050050,狭心症、慢性虚血性心疾患,"1. 入院目的: 直接の目的は心不全加療だが、その背景としてLCX STEMI後、LAD CTO残存の虚血性心疾患が強調されている。
2. 主病名: 明確な既往として虚血性心疾患が記載され、虚血性心筋症としてのHFrEFの基礎疾患であり I25.9 が該当。
3. 中心治療: アスピリン継続、クロピドグレルからSAPTへの変更、スタチン・エゼチミブ等、冠疾患二次予防薬の見直し・継続管理。
・今回入院中は新たなPCIなどのKコードは無いものの、長期的にみれば虚血性心疾患に対するPCIや薬物療法が心機能低下・心不全の主因であり、心不全増悪もこの基礎病態に依存している。
・DPC6は050050「狭心症、慢性虚血性心疾患」で、心リハの対象疾患としても妥当な枠組みであり、慢性虚血性心疾患を資源投入病名とみなす運用もあり得る。
・心不全(I50.x)との近接診断であり、どちらを主とするかは施設の運用・長期治療の重みづけに左右されるため、独立候補として保持。",x,,分岐なし（xのみ）,,x,,分岐なし（xのみ）,,99,手術なし,,0,トリガーにマッチする処置コードなし,0,トリガーにマッチする処置コードなし,x,副傷病の分岐なし,,0,"branch=0 numeric=0 label=他の病院・診療所の病棟からの転院以外 / 施設から救急要請で当院へ直接緊急入院した記載のみで、他院病棟からの転院とは読めない。 (verifier 不整合あり, best-effort 採用: ['conclusion_label_mismatch'])",[2026-06-16]2026年6月15日…SpO2 低下を認め救急要請。; [2026-06-16]70歳以上，緊急入院; [2026-06-17]かかりつけ：えず総合診療所,050050xx9900x0,"入院期間I:2日/4271点
入院期間II:4日/2380点
入院期間III:30日/2023点","入院日数23日
入院期間I:4271×2日=8542
入院期間II:2380×2日=4760
入院期間III:2023×19日=38437
合計:51739",51739,rejected,点数が低い (差 3159),,,,,,,,,,,
6783496,2026-06-16,2026-07-08,ok,129.0,N18.4,慢性腎臓病ステージG4（心腎連関による腎機能低下）,慢性腎臓病ステージＧ４,0.55,110280,慢性腎炎症候群・慢性間質性腎炎・慢性腎不全,"1. 入院目的: 心不全加療が主だが、入院時よりCr約2.0〜2.6 mg/dL、eGFR 18.3と高度腎機能低下があり、経過中もBUN/Cr高値で腎機能管理が治療の制約因子となっている。
2. 主病名: eGFR 15〜30相当であり、CKD G4として N18.4 が適合。カルテでも腎性貧血・腎機能悪化に繰り返し言及。
3. 中心治療: 利尿薬調整時に腎機能・BUN/Cr比を頻回にモニタリングし、ダープロック開始など腎性貧血治療、脱水回避のための容量管理が入院全体を通じて継続。
・心不全治療方針（利尿強度・ACEi/ARNI量・ピモベンダン導入など）が腎機能に大きく制約されており、心腎連関として腎障害も資源投入の中心的病態の一つ。
・DPC6は110280「慢性腎炎症候群・慢性間質性腎炎・慢性腎不全」で、今回Dialysisは無いが、検査・薬物・容量管理に相当なリソースが投下されている。
・心不全を主とする運用が多いと思われるが、腎不全側から見れば慢性腎不全入院としても成立しうるため、独立候補とする。",x,,分岐なし（xのみ）,,x,,分岐なし（xのみ）,,99,手術なし,,0,トリガーにマッチする処置コードなし,0,トリガーにマッチする処置コードなし,1,副傷病あり（value=1）,"[カルテ記事] J91(他に分類される病態における胸水) 根拠: うっ血性心不全増悪の患者で，入院時から両側胸水貯留がXp・CT・心エコーで繰り返し確認され，利尿薬調整や胸水穿刺の検討など継続的に管理されている。心不全を背景とする胸水としてJ91が妥当。 引用: 【診断名】
  ＃1：うっ血性心不全
…
▼胸部Xp
  両側胸水貯留、肺水腫
▼胸腹部CT
  両側胸水・肺水腫あり; Xp　胸水+　前回よりやや増加か。
SOAP_A:…胸水はやや増量しており、明日からサムスカ増量とフロセミド10mgへ変更を行った。 判断: 心不全増悪という基礎病態に伴う両側胸水が画像と経過で一貫して管理されており，J91に該当する副傷病と判断する。",x,重症度の分岐なし (全 x),,110280xx99001x,"入院期間I:7日/3037点
入院期間II:14日/2170点
入院期間III:60日/1845点","入院日数23日
入院期間I:3037×7日=21259
入院期間II:2170×7日=15190
入院期間III:1845×9日=16605
合計:53054",53054,rejected,点数が低い (差 1844),,,,,,,,,,,
6783496,2026-06-16,2026-07-08,ok,129.0,N19.0,腎性貧血（炎症所見を伴う高齢者の貧血）,腎性貧血,0.45,110320,腎、泌尿器の疾患（その他）,"1. 入院目的: 心不全加療が主だが、入院初期よりHb 8〜10 g/dL台で貧血が問題となり、腎性貧血として治療開始されている。
2. 主病名: CKD G4に合併した正球性〜軽度小球性貧血で、鉄代謝異常・フェリチン高値などから炎症性＋腎性貧血と評価されており、N19腎性貧血が該当。
3. 中心治療: ダープロック開始、鉄指標（Fe、UIBC、フェリチン）・Hbの頻回モニタリング、輸血要否検討など、入院中継続的に資源投入。
・心不全患者における貧血は予後・症状に大きく影響し、本例でもダーブロック導入など特異的治療が行われている点で単なる随伴所見を超えている。
・ただし、心不全・CKDに比べると資源投入量は二次的であり、主病名として選択される可能性は相対的に低いため、補助的候補として残す位置づけ。
・DPC6は110320「腎、泌尿器の疾患（その他）」にマップされ、貧血治療目的入院として扱う場合の枠組みとしては成立しうる。",x,,分岐なし（xのみ）,,x,,分岐なし（xのみ）,,99,手術なし,,x,処置等1の分岐なし,x,処置等2の分岐なし,x,副傷病の分岐なし,,x,重症度の分岐なし (全 x),,110320xx99xxxx,"入院期間I:3日/3397点
入院期間II:7日/2279点
入院期間III:30日/1937点","入院日数23日
入院期間I:3397×3日=10191
入院期間II:2279×4日=9116
入院期間III:1937×16日=30992
合計:50299",50299,rejected,点数が低い (差 4599),,,,,,,,,,,
6799615,2026-06-08,2026-06-18,ok,77.3,K830,急性胆管炎（閉塞性胆管炎疑いで入院、ERCP・EBD施行）,急性胆管炎,0.86,060340,胆管（肝内外）結石、胆管炎,"1. 入院目的: 発熱・嘔吐と肝胆道系酵素上昇、閉塞性胆管炎疑いにて紹介入院。
2. 主病名: カルテ上「閉塞性胆管炎疑い」「# 胆管炎」と記載が継続 → 胆管炎として治療。
3. 中心治療: 抗菌薬点滴（CPZ/SBT等）、ERCP＋乳頭切開（EST）＋内視鏡的胆道ステント留置（K688）、胆管クリーニング、頻回採血・画像検査、モニタリング。
- 入院全期間を通じて肝胆道系酵素・炎症反応のフォローとERCP後管理が主題であり、最も医療資源を要している。
- ERCPで明らかな結石は指摘されず、「胆管炎」として記載されているため、原因結石を特定しない包括的な急性胆管炎（K830）が妥当。
- K688（内視鏡的胆道ステント留置術）はDPC6「060340 胆管（肝内外）結石、胆管炎」の手術コード群に含まれており、本疾患とDPC分類との整合性が高い。
- 敗血症やショック、ICU管理の記載はなく、重症管理の主因はあくまで胆管炎の精査加療と判断される。",x,,分岐なし（xのみ）,,x,,分岐なし（xのみ）,,03,パターン 03（必須Kコード 1 マッチ）,K688(内視鏡的胆道ステント留置術),x,処置等1の分岐なし,0,トリガーにマッチする処置コードなし,0,トリガーに該当する副傷病なし,,x,重症度の分岐なし (全 x),,060340xx03x00x,"入院期間I:4日/3233点
入院期間II:7日/2294点
入院期間III:30日/1950点","入院日数11日
入院期間I:3233×4日=12932
入院期間II:2294×3日=6882
入院期間III:1950×4日=7800
合計:27614",27614,selected,,false,false,,060340xx03x00x,,060340xx03x00x,1000,同点候補なし,,,
6799615,2026-06-08,2026-06-18,ok,77.3,K263,十二指腸潰瘍,急性十二指腸潰瘍,0.55,060140,胃十二指腸潰瘍、胃憩室症、幽門狭窄（穿孔を伴わないもの）,"1. 入院目的: 閉塞性胆管炎疑いが主だが、紹介元CTで十二指腸腫瘍疑い、当院EGDで十二指腸潰瘍・びらん（ADML疑い）を指摘。
2. 主病名: 6/13の評価で「#3.十二指腸潰瘍」と明記されており、独立した診断として整理されている。
3. 中心治療: 上部消化管内視鏡（EGD; D308）、PPI等の薬物療法が想定されるが、ERCP関連に比べると処置量は少なめ。
- 腹部症状や上部消化管病変評価のためEGDが行われ、十二指腸潰瘍が確認されているため、入院中に新規評価・治療対象となった病態といえる。
- 出血や穿孔の記載がなく、浅い潰瘍・びらん主体であることから、急性十二指腸潰瘍（K263）が最も無難な4桁コード。
- DPC6「060140 胃十二指腸潰瘍…」に属し、上部消化管内視鏡による評価と整合するが、胆管炎に比べれば医療資源投入量は小さいため、相対的な主病名としての可能性は下位。",x,,分岐なし（xのみ）,,x,,分岐なし（xのみ）,,97,その他の手術（1件のKコードが他パターンに非該当）,K688(内視鏡的胆道ステント留置術),x,処置等1の分岐なし,0,トリガーにマッチする処置コードなし,x,副傷病の分岐なし,,x,重症度の分岐なし (全 x),,060140xx97x0xx,"入院期間I:4日/3254点
入院期間II:9日/2343点
入院期間III:30日/1991点","入院日数11日
入院期間I:3254×4日=13016
入院期間II:2343×5日=11715
入院期間III:1991×2日=3982
合計:28713",28713,rejected,上位候補に劣る,,,,,,,,,,,
6799615,2026-06-08,2026-06-18,ok,77.3,K316,胃瘻造設状態（経管栄養管理中）,胃瘻,0.45,060130,食道、胃、十二指腸、他腸の炎症（その他良性疾患）,"1. 入院目的: 急性胆管炎が主であるが、既存の胃瘻を通じた経管栄養管理が全経過で必要。
2. 主病名: カルテで一貫して「胃瘻造設状態／胃瘻造設中」と併記されており、経口摂取不能である基礎病態として重要。
3. 中心治療: J120 鼻腔栄養（実際には胃瘻からの経管栄養と併用評価）、G004 大量点滴、嚥下困難に伴う栄養・看護資源の継続投入。
- 本入院の直接契機ではないが、全入院期間を通じて経管栄養・看護ケアの中心的背景病態であり、資源投入の大きい慢性状態。
- ICD上は「胃瘻」K316 が該当し、DPC6は「060130 食道、胃、十二指腸、他腸の炎症（その他良性疾患）」に属する。
- ただし今回の処置の多く（ERCPや抗菌薬など）は胆管炎に向いており、胃瘻自体の新規造設や合併症治療は行っていないため、最資源投入病名の主候補というより、基礎疾患としての補助候補。",x,,分岐なし（xのみ）,,x,,分岐なし（xのみ）,,97,その他の手術（1件のKコードが他パターンに非該当）,K688(内視鏡的胆道ステント留置術),0,トリガーにマッチする処置コードなし,0,トリガーにマッチする処置コードなし,x,副傷病の分岐なし,,x,重症度の分岐なし (全 x),,060130xx9700xx,"入院期間I:5日/3228点
入院期間II:9日/2255点
入院期間III:30日/1917点","入院日数11日
入院期間I:3228×5日=16140
入院期間II:2255×4日=9020
入院期間III:1917×2日=3834
合計:28994",28994,rejected,上位候補に劣る,,,,,,,,,,,
6799615,2026-06-08,2026-06-18,ok,77.3,G309,アルツハイマー型認知症,アルツハイマー型認知症,0.4,01021x,認知症,"1. 入院目的: 認知症そのものが入院契機ではなく、胆管炎治療目的で紹介入院。
2. 主病名: 入院時問題リストに「アルツハイマー型認知症」と明記されており、胃瘻造設や施設入所の主因と考えられる慢性疾患。
3. 中心治療: 認知症に対する特別な薬物・リハ処置の記載は少ないが、行動・意思決定支援、施設調整（退院調整）、モニタリングなどで人的資源を継続的に要している。
- ICD10 G309（アルツハイマー型認知症）はDPC6「01021x 認知症」に対応し、長期入院や介護負担の主背景病態として妥当。
- 今回入院の医療行為の多くは胆管炎に向くものの、施設退院調整や胃瘻管理といった全人的ケアは認知症を背景に発生しており、症例によっては認知症DPCの枠で包括される運用もありうるため、補助的候補として保持する。",x,,分岐なし（xのみ）,,x,,分岐なし（xのみ）,,xx,パターン xx,,0,トリガーにマッチする処置コードなし,1,"処置等2=1: 0007(リハビリテーション), A233(リハビリテーション・栄養・口腔連携体制加算１)[レセ電=190833710, 実施日=2026-06-09;2026-06-10;2026-06-11;2026-06-12;2026-06-13;2026-06-14;2026-06-15;2026-06-16;2026-06-17;2026-06-18]",x,副傷病の分岐なし,,x,重症度の分岐なし (全 x),,01021xxxxx01xx,"入院期間I:9日/2737点
入院期間II:20日/1898点
入院期間III:60日/1613点","入院日数11日
入院期間I:2737×9日=24633
入院期間II:1898×2日=3796
合計:28429",28429,rejected,上位候補に劣る,,,,,,,,,,,
6823288,2026-06-16,2026-07-03,ok,88.8,I080,連合弁膜症（重症大動脈弁狭窄症＋僧帽弁狭窄症）,大動脈弁狭窄症兼僧帽弁狭窄症,0.8,050080,弁膜症（連合弁膜症を含む。）,"1. 入院目的: 「心不全、重症AS、低心拍出量症候群に対する内科的加療」「維持透析中・敗血症・連合弁膜症（AS+MS）による心不全疑いで今回入院」と記載。
2. 主病名: 重症大動脈弁狭窄症と僧帽弁狭窄症からなる連合弁膜症 → ICD-10 I080（大動脈弁狭窄症兼僧帽弁狭窄症）。
3. 中心治療: DOBによる持続昇圧・強心、観血的動脈圧測定・心拍出量測定、酸素、心大血管疾患リハ、術前精査とTAVI予定など心大血管系への集中管理。
- LOS, HFpEF, 肺高血圧など心不全・循環不全の直接原因病態として連合弁膜症が明示されており、入院中の循環管理・リハ・術前評価の中心。
- 弁膜症自体に対しTAVI予定であり、今回入院はその切迫状態評価と心不全管理が主眼と解釈でき、将来の介入に向けた心大血管リハも施行。
- I080は連合弁膜症を一コードで表せ、DPC6は050080（弁膜症）で心大血管リハや将来のTAVI・弁手術Kコード群と整合。
- 競合: I509/I500（心不全）も強いが、より上流の器質的原因であり、今回の資源投入全体を代表しうるため独立候補とする。",x,,分岐なし（xのみ）,,x,,分岐なし（xのみ）,,99,手術なし,,0,トリガーにマッチする処置コードなし,0,トリガーにマッチする処置コードなし,1,副傷病あり（value=1）,"[カルテ記事] J90(胸水，他に分類されないもの) 根拠: 入院時胸部X線で「肺うっ血、胸水」を認め、腹部CTやTAVI術前CTでも少量〜微量の両側胸水が繰り返し記載されており、心不全に伴う胸水として今回入院中に存在し管理対象となっている。 引用: ■胸部X線
  CTR：60％、肺うっ血、胸水を認める。; 腹水はありません。少量の両側胸水を認めます。 判断: 入院時から複数の画像検査で両側胸水が確認され、心不全管理（除水など）の対象となっているため、原因を特定しない胸水としてJ90を副傷病と判断した。",x,重症度の分岐なし (全 x),,050080xx99001x,"入院期間I:8日/3115点
入院期間II:15日/2222点
入院期間III:60日/1889点","入院日数18日
入院期間I:3115×8日=24920
入院期間II:2222×7日=15554
入院期間III:1889×3日=5667
合計:46141",46141,selected,,true,false,0.78,050080xx99001x,050080xx99001x,050080xx99001x,1000,同点候補あり,"今回入院目的は「心不全、重症AS、低心拍出量症候群に対する内科的加療」と明記され、HF/LOSの原因として終始「連合弁膜症（AS+MS）」が挙げられている。DPC注意事例では原疾患が明確な場合は原疾患を医療資源病名とするよう求めており、心不全(I509)より原因弁膜症(I080, 050080)を主病名とするのが妥当。Kコード手術は未施行だがTAVI予定の術前精査も行われており、弁膜症を中心に循環管理・リハ等の資源が投入されていると解釈できる。",,
6823288,2026-06-16,2026-07-03,ok,88.8,I509,重症弁膜症による心不全（HFpEF）,心不全,0.85,050130,心不全,"1. 入院目的: 「心不全、重症AS、低心拍出量症候群に対する内科的加療」「連合弁膜症（AS+MS）による心不全疑い」で入院と繰り返し記載。
2. 主病名: 重症AS/MSに起因する慢性心不全（HFpEF）・LOS → ICD-10 I509（心不全）。
3. 中心治療: ドブタミン持続投与、観血的動脈圧測定・心拍出量測定、酸素投与、連日の心拍・SpO2モニタリング、心大血管リハ、心不全に対する除水調整など集中的循環管理。
- 入院時からLOS, HFpEFを明記し、肝機能障害や意識レベル低下も低心拍出量によると評価され、DOB開始後に改善しているなど、入院前半の医療資源の中心。
- ICUレベルのモニタリング（D225, D207, D220, D223等）と心大血管リハの対象疾患として心不全が前面にあり、敗血症よりも長期間にわたる管理主体。
- I509は急性/慢性の記載ゆれがあるが、今回「慢性心不全（HFpEF）」として入院増悪エピソードを含め包括的に表現可能。DPC6は050130（心不全）で心大血管リハや将来の弁手術Kコードとも整合。
- 競合: I080（連合弁膜症）は器質的原因だが、今回の入院中に実際に手が入ったのは弁そのものより心不全/LOS管理であり、資源投入の直接ターゲットとして心不全をやや上位と評価。",x,,分岐なし（xのみ）,,x,,分岐なし（xのみ）,,99,手術なし,,0,トリガーにマッチする処置コードなし,0,"処置等2=0: H000(心大血管疾患リハビリテーション料（１）（１単位）（理学療法士による場合）)[レセ電=180744210, 実施日=2026-06-21;2026-06-23;2026-06-24;2026-06-30;2026-07-01;2026-07-02], H000(心大血管疾患リハビリテーション料（１）（１単位）（作業療法士による場合）)[レセ電=180744310, 実施日=2026-06-27]",x,副傷病の分岐なし,,0,"branch=0 label=他の病院・診療所の病棟からの転院以外 / 良町ふくしまクリニックからの紹介入院であり、他院・診療所の病棟入院中からの転院を示す記載はない。 (verifier 不整合あり, best-effort 採用: ['conclusion_label_mismatch'])",[2026-06-16]6月16日も食欲不振が持続しており、透析前の採血で肝酵素上昇、炎症反応上昇を認めたため、精査・加療目的に当院紹介となった。; [2026-06-16]末期腎不全にて、良町ふくしまクリニックで月水金HDの方。施設入所中、ADL自立。,050130xx9900x0,"入院期間I:7日/3150点
入院期間II:14日/2242点
入院期間III:60日/1906点","入院日数18日
入院期間I:3150×7日=22050
入院期間II:2242×7日=15694
入院期間III:1906×4日=7624
合計:45368",45368,rejected,点数が低い (差 773),,,,,,,,,,,
6823288,2026-06-16,2026-07-03,ok,88.8,A419,敗血症（詳細不明菌）,敗血症性ショック,0.6,180010,敗血症,"1. 入院目的: 6/22以降の記載に「維持透析中 敗血症 連合弁膜症（AS+MS）による心不全疑い 上記で今回入院」とあり、敗血症も今回入院主病態の一つとして整理。
2. 主病名: 透析患者・施設入所中でGNR菌血症/敗血症としてTAZ/PIPC投与 → 起因菌詳細不明の敗血症としてICD-10 A419と解釈。
3. 中心治療: 血液培養検査、広域抗菌薬TAZ/PIPC点滴（G004）、全身状態の経過観察等、入院中期に一定量の医療資源を投入。
- 6/18血液培養でGNR陽性とされ、敗血症として抗菌薬治療を開始し、以後「敗血症」「菌血症」と継続的に診断名に記載、抗菌薬24日まで投与。
- 初期の炎症反応高値・肝機能障害・低血圧の一因として感染症も想定されており、心不全と並行して治療の柱の一つ。
- 後に一部培養がコンタミ疑いと報告されるが、臨床的には敗血症として治療され全身状態も改善しているため、実際に投下された抗菌薬・検査資源に見合う候補として保持。
- A419は菌種特定不能の敗血症性病態を含むコードであり、DPC6は180010（敗血症）と対応し、集中治療・広域抗菌薬投与の資源投入を反映可能。
- 競合: 心不全/弁膜症に比べると入院全体の期間と資源量はやや少ないと考えられるためprimary_likelihoodは低めだが、入院契機の一つとして十分な候補。",x,,分岐なし（xのみ）,,x,年齢,年齢 の値を取得できず,,,,,,,,,,,,,,,,,,,,,,,,,,,,,,,
6823288,2026-06-16,2026-07-03,ok,88.8,N185,末期腎不全（維持透析中）,末期腎不全,0.65,110280,慢性腎炎症候群・慢性間質性腎炎・慢性腎不全,"1. 入院目的: 現病歴に「末期腎不全にて良町ふくしまクリニックで月水金HD」「維持透析中」であり、今回も入院中にHD実施・除水調整が明記されている。
2. 主病名: 糖尿病を原疾患とする末期腎不全で維持透析中 → ICD-10 N185（末期腎不全）。
3. 中心治療: J038 人工腎臓（慢性維持透析）を複数回施行、透析液水質加算・診療体制加算などHD関連資源が継続投入。
- 末期腎不全は既往ではあるが、今回も尿量なし・除水量調整などHD管理が入院全体を通じて必須で、心不全・敗血症治療の前提条件となっている。
- N185のDPC6は110280で、維持透析（J038）を含む腎不全管理と整合し、Kコード（シャント手術等）は今回入院では実施されていないが、慢性資源投入疾患として主病名候補になりうる。
- 競合: 心不全・弁膜症・敗血症など急性重症イベントに比べると、今回入院固有の追加資源は相対的に小さいが、透析1回ごとのコストは高く、全入院日を通じ反復されているため、条件次第では最資源投入病名とされ得る。",x,,分岐なし（xのみ）,,x,,分岐なし（xのみ）,,99,手術なし,,0,トリガーにマッチする処置コードなし,0,トリガーにマッチする処置コードなし,1,副傷病あり（value=1）,"[カルテ記事] J90(胸水，他に分類されないもの) 根拠: 入院時胸部X線で「肺うっ血、胸水」を認め、腹部CTやTAVI術前CTでも少量〜微量の両側胸水が繰り返し記載されており、心不全に伴う胸水として今回入院中に存在し管理対象となっている。 引用: ■胸部X線
  CTR：60％、肺うっ血、胸水を認める。; 腹水はありません。少量の両側胸水を認めます。 判断: 入院時から複数の画像検査で両側胸水が確認され、心不全管理（除水など）の対象となっているため、原因を特定しない胸水としてJ90を副傷病と判断した。",x,重症度の分岐なし (全 x),,110280xx99001x,"入院期間I:7日/3037点
入院期間II:14日/2170点
入院期間III:60日/1845点","入院日数18日
入院期間I:3037×7日=21259
入院期間II:2170×7日=15190
入院期間III:1845×4日=7380
合計:43829",43829,rejected,点数が低い (差 2312),,,,,,,,,,,
6823288,2026-06-16,2026-07-03,ok,88.8,R040,転倒による鼻出血・顔面挫傷,特発性鼻出血,0.45,030380,鼻出血,"1. 入院目的: 当初の入院目的ではないが、入院後6/28に転倒し鼻根部・右前腕挫傷と持続性鼻出血を来し、頭部CTや耳鼻科的処置が必要となった院内転倒イベント。
2. 主病名: 明らかな頭蓋内出血や骨折なく、主病態は鼻出血と顔面挫傷 → ICD-10としては症状コードR040（鼻出血）で包括的に表現可能と判断（外傷性鼻出血専用コードはなく、軽症挫傷でSコード主病名とするほどの資源ではない）。
3. 中心治療: 頭部CT撮影（E200, E203等）、ボスミンガーゼによる両鼻腔パッキング、ガーゼ交換や経過観察といった追加処置・画像診断資源。
- 入院中盤に新たな出血イベントとして医師複数回介入・救急総合診コンサルト・画像検査が行われており、一定の追加医療資源を要した合併症である。
- R040は症状コードだが、「転倒し鼻出血あり、CTで頭蓋内出血なし」と明記され、明確な構造損傷コード（頭蓋骨骨折等）は否定されているため、鼻出血として扱うのが実態に近い。
- DPC6は030380（鼻出血）で、耳鼻科的止血処置や画像検査の追加資源を反映しうる。
- 競合: 主要な循環器疾患に比べれば入院全体の資源割合は小さいためprimary_likelihoodは低いが、術後・入院中合併症として主病名候補になる施設運用もあり得るため補助的候補として挙げる。",x,,分岐なし（xのみ）,,x,,分岐なし（xのみ）,,xx,パターン xx,,x,処置等1の分岐なし,x,処置等2の分岐なし,x,副傷病の分岐なし,,x,重症度の分岐なし (全 x),,030380xxxxxxxx,"入院期間I:2日/3121点
入院期間II:4日/2198点
入院期間III:30日/1868点","入院日数18日
入院期間I:3121×2日=6242
入院期間II:2198×2日=4396
入院期間III:1868×14日=26152
合計:36790",36790,rejected,点数が低い (差 9351),,,,,,,,,,,
6841363,2026-06-16,2026-07-03,ok,60.9,C187,S状結腸癌 cT4bN1bM0 cStageIIIc,Ｓ状結腸癌,0.95,060035,結腸（虫垂を含む。）の悪性腫瘍,"1. 入院目的: S状結腸に全周性腫瘍を認め、生検Group5のため手術目的入院と明記されている。
2. 主病名: カルテ診断名「S状結腸癌 cT4bN1bM0 cStageIIIc」に対応し、部位特異的な悪性腫瘍コードとして C187（Ｓ状結腸癌）が最適。
3. 中心治療: 6/17に腹腔鏡下S状結腸切除術＋D3郭清＋DST吻合（K719）を施行し、多数の周術期加算・全身麻酔・ドレーン管理・輸血準備・術後フォローなど大きな医療資源が投入されている。
4. この入院での全ての外科的介入（尿管ステント留置も含む）は腫瘍切除と安全な施行のためであり、資源投入の中心病態は原発のS状結腸癌である。
5. ICD-10選択理由: 生検でtubular adenocarcinoma、画像でS状結腸75mm長の全周性壁肥厚とリンパ節転移疑いが記載されており、結腸癌のうち解剖学的にS状結腸に限局しているためC187が最も整合。
6. DPC6マッピング理由: C187はDPC6「060035 結腸（虫垂を含む。）の悪性腫瘍」に対応し、その手術Kコード群に本症例で算定されているK719が含まれており、DPC区分との整合性が高い。",x,,分岐なし（xのみ）,,x,,分岐なし（xのみ）,,97,その他の手術（7件のKコードが他パターンに非該当）,"K719(腹腔鏡下結腸悪性腫瘍切除術), K000(外科医療確保特別加算), K931(超音波凝固切開装置等加算), K000(周術期栄養管理実施加算), K939(術中血管等描出撮影加算), K936(自動吻合器加算), K936(自動縫合器（３個）使用加算)",x,処置等1の分岐なし,0,トリガーにマッチする処置コードなし,x,副傷病の分岐なし,,x,重症度の分岐なし (全 x),,060035xx97x0xx,"入院期間I:6日/3165点
入院期間II:13日/2289点
入院期間III:30日/1946点","入院日数18日
入院期間I:3165×6日=18990
入院期間II:2289×7日=16023
入院期間III:1946×5日=9730
合計:44743",44743,selected,,false,false,,060035xx97x0xx,,060035xx97x0xx,1000,同点候補なし,,,
6841363,2026-06-16,2026-07-03,ok,60.9,I802,深部静脈血栓症（左ヒラメ筋静脈血栓症）,下腿静脈血栓症,0.6,050180,静脈・リンパ管疾患,"1. 入院目的: 主目的はS状結腸癌手術だが、術前評価で左ヒラメ筋静脈にDVTありと明記され、VTE高リスクとして周術期管理の重要要素となっている。
2. 主病名: カルテの「左ヒラメ筋静脈にDVTあり」は下腿筋静脈の深部静脈血栓症に相当し、ICD-10ではI802（下腿静脈血栓症）が最も具体的に対応する。
3. 中心治療: VTEリスク高リスクと評価され、全身麻酔手術・術後の呼吸心拍監視（D220）・早期リハビリ・輸液管理など、血栓症増悪や肺塞栓症予防を意識した周術期管理が行われていると解釈できる。
4. 術前DVTは周術期合併症リスクを大きく高めるため、抗凝固や弾性ストッキング、早期離床等、多面的な資源投入の対象となりうる病態であり、入院管理上のもう一つの軸として主病名候補に含める価値がある。
5. ICD-10選択理由: 解剖学的に下腿（ヒラメ筋静脈）の深部静脈血栓であり、全身性DVTではなく局在が明記されているため、I802（下腿静脈血栓症）を選択するのが妥当。
6. DPC6マッピング理由: I802はDPC6「050180 静脈・リンパ管疾患」に対応し、この区分には下肢静脈血栓症等が含まれる。今回は直接の血管内治療Kコードは算定されていないが、周術期管理の重症度評価上は別DPC候補として成立しうる。",x,,分岐なし（xのみ）,,x,,分岐なし（xのみ）,,97,その他の手術（7件のKコードが他パターンに非該当）,"K719(腹腔鏡下結腸悪性腫瘍切除術), K000(外科医療確保特別加算), K931(超音波凝固切開装置等加算), K000(周術期栄養管理実施加算), K939(術中血管等描出撮影加算), K936(自動吻合器加算), K936(自動縫合器（３個）使用加算)",x,処置等1の分岐なし,x,処置等2の分岐なし,x,副傷病の分岐なし,,x,重症度の分岐なし (全 x),,050180xx97xxxx,,18日 包括対象外,,rejected,包括対象外,,,,,,,,,,,
6841363,2026-06-16,2026-07-03,ok,60.9,G20,パーキンソン病,パーキンソン病,0.45,010160,パーキンソン病,"1. 入院目的: 直接の入院目的はS状結腸癌手術だが、現病歴に「2026年2月よりパーキンソン病、認知症に対するリハビリおよび内服薬調整目的で前医入院中」とあり、今回も術前評価で詳細に神経内科コンサルトが行われている。
2. 主病名: 神経内科返書で「パーキンソン病（＋認知症：おそらくアルツハイマー病）」と明記されており、慢性だが全身状態・自律神経症状・便秘リスクなど周術期管理に大きく影響する基礎疾患である。
3. 中心治療: 内服継続や内服不能時のドパストン注射ブリッジ指示、便秘への配慮、麻酔困難患者としてL008算定、廃用症候群リハビリの必要性など、多くの周術期管理資源がこの疾患に関連している。
4. パーキンソン病は手術の難易度・周術期合併症リスク・リハビリ必要性を高めており、入院管理全体への影響が大きいため、S状結腸癌に次ぐ資源集中病態として主傷病候補に挙げる意義がある。
5. ICD-10選択理由: カルテ上にYahr分類の具体的数値は記載なく、一般名「パーキンソン病」とのみあるため、G20の基本コードで表現する。
6. DPC6マッピング理由: G20はDPC6「010160 パーキンソン病」に対応し、本来は神経疾患入院の主区分だが、今回は外科DPCとの競合候補として、基礎疾患由来の麻酔困難・リハビリ等への資源投入を評価する位置づけとなる。",x,,分岐なし（xのみ）,,x,,分岐なし（xのみ）,,97,その他の手術（7件のKコードが他パターンに非該当）,"K719(腹腔鏡下結腸悪性腫瘍切除術), K000(外科医療確保特別加算), K931(超音波凝固切開装置等加算), K000(周術期栄養管理実施加算), K939(術中血管等描出撮影加算), K936(自動吻合器加算), K936(自動縫合器（３個）使用加算)",x,処置等1の分岐なし,0,トリガーにマッチする処置コードなし,0,副傷病なし（AI/EF探索で該当なし）,,x,重症度の分岐なし (全 x),,010160xx97x00x,"入院期間I:8日/2860点
入院期間II:16日/2046点
入院期間III:60日/1739点","入院日数18日
入院期間I:2860×8日=22880
入院期間II:2046×8日=16368
入院期間III:1739×2日=3478
合計:42726",42726,rejected,点数が低い (差 2017),,,,,,,,,,,
6841363,2026-06-16,2026-07-03,ok,60.9,G309,アルツハイマー型認知症,アルツハイマー型認知症,0.4,01021x,認知症,"1. 入院目的: 主目的は結腸癌手術だが、現病歴に「認知症に対するリハビリおよび内服薬調整目的で前医入院中」とあり、今回も認知症を有する高齢者として術後せん妄・ADL低下リスクが高い患者背景となっている。
2. 主病名: 神経内科評価で「認知症：おそらくアルツハイマー病」と記載され、アルツハイマー型認知症が疑われている。
3. 中心治療: せん妄リスクアセスメント、周術期のリハビリテーション（廃用症候群リハ）、転院調整（慢性期病院への継続入院）など、長期的な管理資源が認知症とADL低下リスクを背景に投下されている。
4. 認知症は本入院の直接の手術対象ではないが、入院期間や退院調整、リハビリ量に影響する基礎病態として医療資源消費に関与しており、一部のケースでは主病名候補となり得るため本候補に含める。
5. ICD-10選択理由: 年齢は高齢で、神経内科がアルツハイマー病を示唆しているが初老期/老年期の細別はされていないため、包括的なG309（アルツハイマー型認知症）とするのが妥当。
6. DPC6マッピング理由: G309はDPC6「01021x 認知症」に対応し、本来は認知症管理入院の区分である。今回は外科DPCとの競合となるが、長期転院・リハビリを要する背景疾患として資源投入に寄与している。",x,,分岐なし（xのみ）,,x,,分岐なし（xのみ）,,xx,パターン xx,,0,トリガーにマッチする処置コードなし,1,"処置等2=1: 0007(リハビリテーション), H001-21(廃用症候群リハビリテーション料（１）（１単位）（理学療法士による場合）)[レセ電=180750510, 実施日=2026-06-18;2026-06-19;2026-06-24;2026-06-27;2026-06-28;2026-06-29;2026-07-01;2026-07-02], H001(早期リハビリテーション加算（廃用症候群リハビリテーション料（１単位））)[レセ電=180767070, 実施日=2026-06-18], H001(急性期リハビリテーション加算（廃用症候群リハビリテーション料（１単位））)[レセ電=180767370, 実施日=2026-06-18], H001(早期リハビリテーション加算（４日目以降）（廃用症候群リハビリテーション料（１単位））)[レセ電=180767170, 実施日=2026-06-19;2026-06-20;2026-06-21;2026-06-24;2026-06-27;2026-06-28;2026-06-29], H001-21(廃用症候群リハビリテーション料（１）（１単位）（作業療法士による場合）)[レセ電=180750610, 実施日=2026-06-20;2026-06-21], H001(休日リハビリテーション加算（廃用症候群リハビリテーション料（１単位））)[レセ電=180767470, 実施日=2026-06-20;2026-06-21;2026-06-27;2026-06-28], H003(リハビリテーション総合計画評価料１（初回の場合）)[レセ電=180024710, 実施日=2026-06-22], A233(リハビリテーション・栄養・口腔連携体制加算１)[レセ電=190833710, 実施日=2026-06-17;2026-06-18;2026-06-19;2026-06-20;2026-06-21;2026-06-22;2026-06-23;2026-06-24;2026-06-25;2026-06-26;2026-06-27;2026-06-28;2026-06-29;2026-06-30]",x,副傷病の分岐なし,,x,重症度の分岐なし (全 x),,01021xxxxx01xx,"入院期間I:9日/2737点
入院期間II:20日/1898点
入院期間III:60日/1613点","入院日数18日
入院期間I:2737×9日=24633
入院期間II:1898×9日=17082
合計:41715",41715,rejected,点数が低い (差 3028),,,,,,,,,,,
6841363,2026-06-16,2026-07-03,ok,60.9,D509,術前貧血を伴うS状結腸癌に伴う慢性出血性貧血,鉄欠乏性貧血,0.4,130090,貧血（その他）,"1. 入院目的: 結腸癌手術が主目的だが、現病歴で「下血、貧血（Hb 7）」を契機に腫瘍が発見されたと記載されており、慢性的な腫瘍からの出血に伴う貧血が重要な背景病態となっている。
2. 主病名: 明示的な診断ラベルはないが、検査所見でヘモグロビン7.4まで低下しており、S状結腸癌からの慢性出血に伴う鉄欠乏性貧血が強く示唆される（腫瘍性出血、低Alb、微小出血歴）。
3. 中心治療: フェロミア（鉄剤）内服の継続、術中に備えた輸血準備および保存血輸血K920の算定、度重なる血算・鉄欠乏評価が行われ、貧血是正が周術期管理の重要テーマとなっている。
4. 貧血は麻酔リスク・術後回復・輸血管理など多方面に影響し、輸血関連Kコードや検査・薬剤投与という形で追加の医療資源を消費しているため、結腸癌とは別軸の資源投入病態として候補化する意義がある。
5. ICD-10選択理由: 下血を伴う消化管腫瘍に起因する慢性的なHb低下であり、栄養状態低下を伴うことから二次性鉄欠乏性貧血（D509）が最も妥当と考えられる。
6. DPC6マッピング理由: D509はDPC6「130050 鉄欠乏性貧血」に対応し、本来なら貧血管理入院で選択される区分である。今回は消化器悪性腫瘍DPCと競合するが、輸血K920や検査頻回など、貧血是正のための医療資源投入を反映する候補として保持する。",x,,分岐なし（xのみ）,,x,,分岐なし（xのみ）,,97,その他の手術（7件のKコードが他パターンに非該当）,"K719(腹腔鏡下結腸悪性腫瘍切除術), K000(外科医療確保特別加算), K931(超音波凝固切開装置等加算), K000(周術期栄養管理実施加算), K939(術中血管等描出撮影加算), K936(自動吻合器加算), K936(自動縫合器（３個）使用加算)",x,処置等1の分岐なし,0,トリガーにマッチする処置コードなし,x,副傷病の分岐なし,,x,重症度の分岐なし (全 x),,130090xx97x0xx,"入院期間I:4日/3362点
入院期間II:9日/2226点
入院期間III:30日/1892点","入院日数18日
入院期間I:3362×4日=13448
入院期間II:2226×5日=11130
入院期間III:1892×9日=17028
合計:41606",41606,rejected,点数が低い (差 3137),,,,,,,,,,,
6867292,2026-07-08,2026-07-21,ok,64.3,K56.2,S状結腸軸捻転,Ｓ状結腸軸捻転,0.82,060210,ヘルニアの記載のない腸閉塞,"1. 入院目的: 「S状結腸軸捻転に対する加療目的」による入院で、腹部膨満を主訴として救急受診し入院となっている。
2. 主病名: カルテで一貫して「S状結腸軸捻転」と記載されており、反復性の軸捻転でK56.2（S状結腸軸捻転）と整合。
3. 中心治療: 透視下での整復（注腸造影・透視診断、S状結腸大腸内視鏡検査）、入院下での排便・ガスコントロール、点滴・モニタリング、画像検査・血液検査など。
- 救急CTで「S状結腸軸捻転はしていそう。結腸の拡張著明」とあり、腸閉塞様病態としての治療・経過観察が行われた。
- EFにはD313（S状結腸大腸内視鏡検査）、E003（注腸）、E000透視診断など捻転解除と評価に直結する検査資源投下が記録されており、本病態が入院中の医療資源投入の中心と判断できる。
- ICD-10上 K56.2 はS状結腸軸捻転／腸軸捻転に対応し、「ヘルニアの記載のない腸閉塞」DPC（060210）にマッピングされ、CT・内視鏡・注腸による保存的整復という実際の対応と整合する。
- 腸管拡張症や基礎の巨大結腸症も背景として重要だが、今回入院の直接契機・主たる治療対象は急性のS状結腸軸捻転であるため、最資源投入病名候補として強く成立する。",x,,分岐なし（xのみ）,,x,,分岐なし（xのみ）,,99,手術なし,,0,トリガーにマッチする処置コードなし,0,トリガーにマッチする処置コードなし,0,副傷病なし（AI/EF探索で該当なし）,,x,重症度の分岐なし (全 x),,060210xx99000x,"入院期間I:4日/3293点
入院期間II:8日/2336点
入院期間III:30日/1985点","入院日数14日
入院期間I:3293×4日=13172
入院期間II:2336×4日=9344
入院期間III:1985×6日=11910
合計:34426",34426,selected,,false,false,,060210xx99000x,,060210xx99000x,1000,同点候補なし,,,
6867292,2026-07-08,2026-07-21,ok,64.3,K59.3,巨大結腸症（巨大Ｓ状結腸症含む）,巨大Ｓ状結腸症,0.7,060185,潰瘍性大腸炎,"1. 入院目的: 表向きはS状結腸軸捻転治療目的だが、現病歴に「幼児期から便秘症」「巨大結腸症の診断」「2024年から経過フォロー」とあり、慢性的な巨大結腸症による排便障害の長期管理が大きなテーマ。
2. 主病名: 既往歴・現病歴に「巨大結腸症」と明記されており、特発性/機能性巨大結腸としてK59.3（巨大S状結腸症・巨大結腸）に該当。
3. 中心治療: 入院中、浣腸や内服薬調整による便秘コントロール、ガス抜き（ネラトンチューブ）、血液検査や画像で腸管拡張の評価など、急性エピソード後も継続的な管理が行われている。
- 7/16の記載でミトコンドリア病やヒルシュスプルング病など基礎疾患の鑑別を行いつつ、「現在便通コントロールがうまくいっておらず、退院してもすぐ再入院になる可能性があるため、入院で内服薬を調整」とあり、巨大結腸症に起因する慢性の腸管拡張・排便障害が入院中の重要な治療対象。
- ICD-10 K59.3は特発性巨大結腸/巨大S状結腸に対応し、DPCでは060185（潰瘍性大腸炎群）に分類されるが、ここではDPC名称より基礎大腸機能異常としての巨大結腸症自体が資源投入病名候補となる。
- 軸捻転という急性イベントだけでなく、長年の巨大結腸に基づく腸管拡張・便秘コントロールのために入院が長引いており、入院全体のかなりの期間で治療の中心となっているため、主傷病候補として保持すべきである。",x,,分岐なし（xのみ）,,x,,分岐なし（xのみ）,,99,手術なし,,x,処置等1の分岐なし,0,トリガーにマッチする処置コードなし,0,副傷病なし（AI/EF探索で該当なし）,,x,重症度の分岐なし (全 x),,060185xx99x00x,"入院期間I:3日/3360点
入院期間II:8日/2303点
入院期間III:30日/1957点","入院日数14日
入院期間I:3360×3日=10080
入院期間II:2303×5日=11515
入院期間III:1957×6日=11742
合計:33337",33337,rejected,点数が低い (差 1089),,,,,,,,,,,
6867292,2026-07-08,2026-07-21,ok,64.3,Q43.1,ヒルシュスプルング病疑い（Ｓ状結腸型/類縁疾患含む）,ヒルシュスプルング病,0.5,14044x,直腸肛門奇形、ヒルシュスプルング病,"1. 入院目的: 直接の目的はS状結腸軸捻転だが、7/16時点で「ミトコンドリア病よりもHirschsprung病を疑う」と明記されており、基礎疾患としてのヒルシュスプルング病精査が本入院で重要なテーマになっている。
2. 主病名: 乳児期からの経過や難病としての鑑別から、未確診ながらヒルシュスプルング病（Q43.1）候補とされており、巨大結腸・腸管拡張の原因疾患として想定されている。
3. 中心治療: 今回入院中に確定診断や手術には至っていないが、長期的な方針（退院後の外来検査・将来的な手術）を見据えた評価と、便通コントロール・ガス抜きなど原因疾患を前提とした管理が行われている。
- 小児期発症の難治性便秘と巨大結腸の経過からヒルシュスプルング病やその類縁疾患が強く疑われており、医師の説明でも鑑別の中心として扱われている。
- ICD-10 Q43.1（ヒルシュスプルング病）はDPC6「直腸肛門奇形、ヒルシュスプルング病（14044x）」に対応し、将来的にK726/7322などの根治手術が想定される疾患である。
- 現時点では「疑い」に留まり手術や確定検査が本入院中に実施されていないため、最資源投入病名としての確からしさはS状結腸軸捻転や巨大結腸症より劣るが、長期的治療戦略の起点として重要であり、入院中の説明・評価・検査に相応の資源が割かれているため候補として保持する。",x,,分岐なし（xのみ）,,x,,分岐なし（xのみ）,,99,手術なし,,x,処置等1の分岐なし,0,トリガーにマッチする処置コードなし,x,副傷病の分岐なし,,x,重症度の分岐なし (全 x),,14044xxx99x0xx,"入院期間I:2日/2417点
入院期間II:4日/1988点
入院期間III:30日/1789点","入院日数14日
入院期間I:2417×2日=4834
入院期間II:1988×2日=3976
入院期間III:1789×10日=17890
合計:26700",26700,rejected,点数が低い (差 7726),,,,,,,,,,,
6867292,2026-07-08,2026-07-21,ok,64.3,K59.8,腸管拡張症（慢性便秘に伴う腸管拡張）,その他の特定の機能性腸疾患,0.45,060570,その他の消化器等の障害,"1. 入院目的: 腹部膨満と排便停止を契機に受診しており、CT所見では「結腸の拡張著明」と記載、7/19には「＃　腸管拡張症」と診断されている。
2. 主病名: 明示された「腸管拡張症」は、巨大結腸・軸捻転を背景とした機能性腸管拡張として解釈でき、明確な固有コードがないためK59.8（その他の特定の機能性腸疾患）をフォールバックとして選択。
3. 中心治療: ネラトンチューブ挿入によるガス抜き、内服調整、食事コントロールなど、腸管拡張による症状緩和と再軸捻転予防が行われている。
- 7/19時点で排便・排ガス停止と腹部緊満が再度問題となり、その原因病態として「腸管拡張症」がカルテ上で独立診断として挙げられており、ガス抜きという処置が施行されている。
- ICD-10上、既に巨大結腸症（K59.3）を別候補として扱っているが、医師が「腸管拡張症」として表現している病態に対し、機能性腸障害の包括コードK59.8を別の観点からの主病名候補として保持する意義がある。
- 資源投入の大部分は軸捻転と巨大結腸症に重なるが、再増悪時の処置（ガス抜き）に直接対応する病名として、条件次第で最資源投入病名に採用されうる補助候補と判断する。",x,,分岐なし（xのみ）,,x,,分岐なし（xのみ）,,99,手術なし,,x,処置等1の分岐なし,0,トリガーにマッチする処置コードなし,x,副傷病の分岐なし,,x,重症度の分岐なし (全 x),,060570xx99x0xx,"入院期間I:3日/3235点
入院期間II:6日/2182点
入院期間III:30日/1854点","入院日数14日
入院期間I:3235×3日=9705
入院期間II:2182×3日=6546
入院期間III:1854×8日=14832
合計:31083",31083,rejected,点数が低い (差 3343),,,,,,,,,,,
6867292,2026-07-08,2026-07-21,ok,64.3,F84.0,自閉症スペクトラム障害,自閉症,0.4,170060,その他の精神及び行動の障害,"1. 入院目的: 直接の入院理由は消化管症状だが、「自閉症があり、キーパーソンは母」と繰り返し記載され、意思決定やケア体制に大きく影響している。
2. 主病名: 既往歴として明確に「自閉症」と記載されており、F84.0（小児自閉症/自閉症）に相当する神経発達障害である。
3. 中心治療: 本入院中に自閉症そのものに対する薬物療法や精神科的介入は行われていないが、コミュニケーション上の特性から入院管理・説明・支援に追加の人的資源が必要となっている可能性が高い。
- 医師は病歴聴取で学校生活・精神科通院歴などを詳細に確認しており、長期的な支援ニーズを把握するための評価が行われている。
- ICD-10 F84.0はDPC6「その他の精神及び行動の障害（170060）」に属し、今回の消化器疾患とは別系統だが、入院中のケア負担に影響する背景疾患として無視できない。
- ただし、手術や侵襲的処置、集中治療などの直接対象ではなく、最資源投入病名としては相対的に劣るため、低めのconfidence・primary_likelihoodで補助候補とする。",x,,分岐なし（xのみ）,,x,,分岐なし（xのみ）,,xx,パターン xx,,x,処置等1の分岐なし,x,処置等2の分岐なし,x,副傷病の分岐なし,,x,重症度の分岐なし (全 x),,170060xxxxxxxx,,14日 包括対象外,,rejected,包括対象外,,,,,,,,,,,
6880151,2026-06-04,2026-06-11,ok,123.5,I724,右大腿動脈仮性動脈瘤（カテーテル穿刺部血腫を伴う）,大腿動脈仮性動脈瘤,0.9,050170,閉塞性動脈疾患,"1. 入院目的: 心室期外収縮に対するPVCアブレーション目的で入院したが，術後に右大腿動脈穿刺部の血腫・仮性動脈瘤が発生し，これへの対応が入院経過の中心となった。
2. 主病名: カルテに「RFCAでの右大腿動脈穿刺後血腫あり」「仮性動脈瘤」「6/6に血管外科にて血腫除去と止血術」と明記されており，臨床病名として『右大腿動脈仮性動脈瘤（カテーテル穿刺部血腫を伴う）』が妥当。
3. 中心治療: K610 動脈形成術・吻合術（その他の動脈）による外科的血管修復術＋血腫除去，造影CT複数回，下肢血管エコー，輸血管理料，麻酔管理料，全身麻酔，モニタリング等に多くの医療資源が投入されている。
4. I724選択理由: 発生部位が『右大腿動脈』で，穿刺後に形成された『巨大仮性瘤』と記載されているため，大腿動脈の仮性動脈瘤を示すI724が最も適合する。
5. DPC6との整合: I724はDPC6『050170 閉塞性動脈疾患』に紐づき，このDPC6にK6104/5など動脈形成術が登録されており，本症例のK610（その他の動脈形成術）と整合するため，手術・画像検査・輸血管理など入院中の主要資源投入の対象病変として主傷病候補となる。
6. PVCとの比較: アブレーション自体は失敗で短期に終了し，その後の長期入院延長・外科手術・画像再検査などの主因は仮性動脈瘤であり，PVCより資源投入量が大きい。",x,,分岐なし（xのみ）,,x,,分岐なし（xのみ）,,97,その他の手術（2件のKコードが他パターンに非該当）,"K595(経皮的カテーテル心筋焼灼術（その他のもの）), K610(動脈形成術、吻合術（その他の動脈）)",0,トリガーにマッチする処置コードなし,0,トリガーにマッチする処置コードなし,0,トリガーに該当する副傷病なし,,x,重症度の分岐なし (全 x),,050170xx97000x,"入院期間I:4日/3178点
入院期間II:8日/2254点
入院期間III:30日/1916点","入院日数8日
入院期間I:3178×4日=12712
入院期間II:2254×4日=9016
合計:21728",21728,selected,,true,true,0.83,050070xx9700xx,050170xx97000x,050170xx97000x,1000,同点候補あり,入院契機はPVCアブレーションだが，K595は短時間でfailureに終わり，その後は右大腿動脈穿刺後の巨大仮性動脈瘤に対するK610血管修復術・血腫除去，CT・エコー再検査などが入院継続と医療資源投入の中心となっている。カルテでも連日「# 仮性動脈瘤→外科的血管修復術」と主問題として記載されており，主病名は候補2の右大腿動脈仮性動脈瘤が最も妥当と判断する。,,
6880151,2026-06-04,2026-06-11,ok,123.5,I493,心室期外収縮（LV summit起源）,心室期外収縮,0.8,050070,頻脈性不整脈,"1. 入院目的: 高頻度の心室期外収縮（LV summit起源）の症状増悪に対し，アブレーション治療目的で計画入院したと記載されている。
2. 主病名: SOAP解釈に「# 心室期外収縮(LV summit起原)」「PVC(LV summit起原)に対する焼灼」と連日明記されており，臨床病名は『心室期外収縮（LV summit起源）』が適切。
3. 中心治療: K595 経皮的カテーテル心筋焼灼術（その他のもの）を全身麻酔（L008・L009）下に施行しており，心電図モニタリング（D208, D220, D223）や血液検査，各種心筋マーカー測定を含め，侵襲度と資源投入量は大きい。
4. I493選択理由: カルテ上で心室起源PVCが明記されており，心室期外収縮のコードI493（多源性／心室期外収縮を含む）が最も臨床像に合致する。上室・心房由来や単なる期外収縮ではない。
5. DPC6との整合: I493はDPC6『050070 頻脈性不整脈』に対応し，本DPC6にはK5951/2など経皮的カテーテル心筋焼灼術が手術Kコードとして登録されている。EFにもK595が算定されており，アブレーション対象疾患としてDPC上も一貫している。
6. 仮性動脈瘤との比較: 入院契機かつ高侵襲手技の対象である点から最資源投入病名の有力候補だが，その後の入院延長と追加外科手術の主因が仮性動脈瘤であり，入院全期間でのトータル資源投入ではわずかに劣る可能性があるため，相対順位をやや下げて候補として保持する。",x,,分岐なし（xのみ）,,x,,分岐なし（xのみ）,,97,その他の手術（2件のKコードが他パターンに非該当）,"K595(経皮的カテーテル心筋焼灼術（その他のもの）), K610(動脈形成術、吻合術（その他の動脈）)",0,トリガーにマッチする処置コードなし,0,トリガーにマッチする処置コードなし,x,副傷病の分岐なし,,x,重症度の分岐なし (全 x),,050070xx9700xx,"入院期間I:5日/3160点
入院期間II:9日/2242点
入院期間III:30日/1905点","入院日数8日
入院期間I:3160×5日=15800
入院期間II:2242×3日=6726
合計:22526",22526,rejected,LLMタイブレーカーで非選定,,,,,,,,,,,
6880151,2026-06-04,2026-06-11,ok,123.5,S750,大腿動脈穿刺部血腫,大腿動脈損傷,0.6,160600,四肢血管損傷,"1. 入院目的: 当初はPVCアブレーション目的だが，手技時の右大腿動脈穿刺に伴い血腫が形成され，その後の疼痛・腫脹・出血リスクへの対応が入院中継続して行われた。
2. 主病名: カルテに「RFCAでの右大腿動脈穿刺後血腫あり」「穿刺部血腫、仮性動脈瘤」と連続して記載されており，穿刺に伴う局所血管損傷として『大腿動脈穿刺部血腫』と表現できる。
3. 中心治療: 血腫除去と止血術（K610）により血腫そのものが外科的治療対象となっており，加えて造影CT・エコー・輸血管理なども血腫・出血評価のために行われている。
4. S750選択理由: 穿刺により大腿動脈が損傷され，その結果として血腫・仮性瘤を形成しているため，解剖学的損傷としては『大腿動脈損傷 S750』が最も近い。仮性瘤コードI724より外傷・医原性損傷の側面を強調した場合の包括となる。
5. DPC6との整合: S750はDPC6『160600 四肢血管損傷』に紐づき，血管修復術K610が行われた本症例の手術内容とも整合する。仮性動脈瘤（I724/050170）との近接候補として，どちらを主病名とみなすか施設運用により揺れうるため，別候補として保持する。
6. I724との関係: 臨床的には同一病態（穿刺に伴う大腿動脈損傷＋仮性瘤形成）の異なる切り取りであり，DPC6も『閉塞性動脈疾患』vs『四肢血管損傷』で分かれるため，手術コード照合や点数比較の後段ステップでの選別に備え保持する。",x,,分岐なし（xのみ）,,x,,分岐なし（xのみ）,,xx,パターン xx,,x,処置等1の分岐なし,x,処置等2の分岐なし,x,副傷病の分岐なし,,x,重症度の分岐なし (全 x),,160600xxxxxxxx,"入院期間I:3日/3751点
入院期間II:9日/2170点
入院期間III:30日/1845点","入院日数8日
入院期間I:3751×3日=11253
入院期間II:2170×5日=10850
合計:22103",22103,rejected,点数が低い (差 423),,,,,,,,,,,
6880151,2026-06-04,2026-06-11,ok,123.5,I10,本態性高血圧症,高血圧症,0.4,050140,高血圧性疾患,"1. 入院目的: 主目的はPVCアブレーションだが，現病歴に「高血圧症で近医で加療されていた」とあり，背景の高血圧も管理対象となっている。
2. 主病名: SOAPに「# 高血圧」「# 高血圧症」と明記されており，基礎病態としての『本態性高血圧症』が最も妥当。
3. 中心治療: 血圧管理薬の継続や周術期の血圧コントロールが行われていると考えられるが，専用のK/Jコードや集中治療を要した記載はなく，資源投入量は相対的に小さい。
4. I10選択理由: 続発性や悪性高血圧，臓器障害合併の記載はなく，一般的な原発性高血圧としてI10が適切である。検索結果でも『高血圧症』としてI10がマッピングされている。
5. DPC6との整合: I10はDPC6『050140 高血圧性疾患』に対応し，心血管リスク因子として今回の不整脈管理に影響している可能性はあるが，単独で高度な手術や長期管理の対象にはなっていない。
6. 他候補との比較: 仮性動脈瘤やPVCのように明確な手術の直接対象ではなく，今回入院での資源投入の中心とは言い難いため，最資源投入病名としての可能性は限定的だが，背景循環器疾患として補助候補に留める。",x,,分岐なし（xのみ）,,x,,分岐なし（xのみ）,,97,その他の手術（2件のKコードが他パターンに非該当）,"K595(経皮的カテーテル心筋焼灼術（その他のもの）), K610(動脈形成術、吻合術（その他の動脈）)",x,処置等1の分岐なし,0,トリガーにマッチする処置コードなし,x,副傷病の分岐なし,,x,重症度の分岐なし (全 x),,050140xx97x0xx,"入院期間I:7日/3171点
入院期間II:15日/2216点
入院期間III:60日/1884点","入院日数8日
入院期間I:3171×7日=22197
入院期間II:2216×1日=2216
合計:24413",24413,rejected,上位候補に劣る,,,,,,,,,,,
6880151,2026-06-04,2026-06-11,ok,123.5,E119,２型糖尿病（糖尿病性合併症なし）,２型糖尿病・糖尿病性合併症なし,0.35,10007x,２型糖尿病（糖尿病性ケトアシドーシスを除く。）,"1. 入院目的: PVC治療目的の計画入院だが，現病歴に「糖尿病で近医で加療されていた」とあり，周術期にも血糖管理が必要な基礎疾患として扱われている。
2. 主病名: SOAPに「# 糖尿病」と繰り返し記載があり，インスリン依存の記載やケトアシドーシス・合併症の言及はないため，臨床病名として『２型糖尿病（糖尿病性合併症なし）』が妥当。
3. 中心治療: 血糖コントロールのための薬物調整や点滴管理は想定されるが，EF上は糖尿病特異的な手術・処置コードはなく，資源投入は他候補に比べて小さい。
4. E119選択理由: 検索結果で『２型糖尿病・糖尿病性合併症なし E119』が得られており，合併症の記載もないことから，2型かつ合併症なしの分類が最も適合する。
5. DPC6との整合: E119はDPC6『10007x ２型糖尿病（糖尿病性ケトアシドーシスを除く。）』に対応し，入院全体のリスク管理に影響はあるが，手術対象や重症管理の主因ではない。
6. 他候補との比較: 高血圧症と同様に重要な背景疾患ではあるものの，仮性動脈瘤やPVCアブレーションに比して直接的な医療資源投入は少ないため，最資源投入病名として採用される可能性は低く，補助的候補として保持する。",x,,分岐なし（xのみ）,,x,,分岐なし（xのみ）,,xx,パターン xx,,x,処置等1の分岐なし,0,トリガーにマッチする処置コードなし,x,副傷病の分岐なし,,x,重症度の分岐なし (全 x),,10007xxxxxx0xx,"入院期間I:5日/2868点
入院期間II:9日/2035点
入院期間III:30日/1729点","入院日数8日
入院期間I:2868×5日=14340
入院期間II:2035×3日=6105
合計:20445",20445,rejected,点数が低い (差 2081),,,,,,,,,,,
6880719,2026-05-01,2026-06-23,ok,89.9,T029,ビル4階からの墜落による多発外傷（両側大腿骨骨幹部骨折、左足関節開放性脱臼骨折、右大腿骨頚部骨折、左下腿開放骨折、右膝蓋骨骨折、外傷性くも膜下出血）,多発骨折,0.85,160990,多部位外傷,"1. 入院目的: 高所からの墜落による多発外傷の救命・全身管理と骨折・頭部外傷の加療目的で救急搬送・入院。
2. 主病名: 多発外傷として両側大腿骨骨幹部骨折、左足関節開放性脱臼骨折、左下腿開放骨折、右大腿骨頚部骨折、右膝蓋骨骨折、外傷性くも膜下出血を含む → 多発骨折 T029。
3. 中心治療: 気管挿管・人工呼吸管理、輸血（RBC複数回・FFP）、一時的創外固定（K046）、骨折観血的手術（大腿・下腿: K046）、創傷処理・デブリドマン（K000, J000）、ICU管理、持続モニタリング、リハビリテーション。
4. 多発骨折として四肢複数骨・開放骨折・脱臼骨折が同時に存在し、入院全期間を通じて手術・後療法・リハビリの中心となっているため、個々の骨折より包括的な多発骨折コードが資源投入実態をよく反映する。
5. 高エネルギー外傷/多発外傷として記載され、外傷性DIC・ショックへの対応、複数回の全身麻酔手術と輸血、長期入院・リハ転院と、明らかに入院の主軸病態である。
6. T029→DPC6「160990 多部位外傷」はK046（骨折観血的手術 大腿・下腿）やK000, K048と整合し、今回のKコード群を最も自然に包含する分類である。
7. 競合となる個別骨折や外傷性SAHよりも、全身多発外傷全体に対して最も多くの医療資源（救命処置＋複数骨折手術＋リハ）が投下されている点で主候補とする。",x,,分岐なし（xのみ）,,x,,分岐なし（xのみ）,,97,その他の手術（18件のKコードが他パターンに非該当）,"K000(創傷処理（筋肉、臓器に達するもの（長径１０センチメートル以上）（その他のもの））), K000(深夜加算１（手術）), K000(創傷処理（筋肉、臓器に達しないもの（長径５センチメートル未満））), K000(深夜加算１（手術）), K046(一時的創外固定骨折治療術), K000(深夜加算１（手術）), K046(一時的創外固定骨折治療術), K000(深夜加算１（手術）), K046(一時的創外固定骨折治療術), K000(深夜加算１（手術）), K924(同種クリオプレシピテート作製術), K924(同種クリオプレシピテート作製術), K924(同種クリオプレシピテート作製術), K046(骨折観血的手術（大腿）), K046(骨折観血的手術（大腿）), K046(骨折観血的手術（下腿）), K000(創傷処理（筋肉、臓器に達するもの（長径１０センチメートル以上）（その他のもの））), K048(骨内異物（挿入物を含む。）除去術（下腿骨骨内異物除去術）)",x,処置等1の分岐なし,1,"処置等2=1: G005(中心静脈注射（１日につき）)[レセ電=130004410, 実施日=2026-05-03], J045(人工呼吸（５時間を超えた場合）（１日につき）（１４日目まで）)[レセ電=140023510, 実施日=2026-05-03]",x,副傷病の分岐なし,,x,重症度の分岐なし (全 x),,160990xx97x1xx,"入院期間I:22日/4025点
入院期間II:44日/1981点
入院期間III:120日/1684点","入院日数54日
入院期間I:4025×22日=88550
入院期間II:1981×22日=43582
入院期間III:1684×10日=16840
合計:148972",148972,selected,,false,false,,160990xx97x1xx,,160990xx97x1xx,1000,同点候補なし,,,
6880719,2026-05-01,2026-06-23,ok,89.9,S723,ビル4階からの墜落による両側大腿骨骨幹部骨折,大腿骨骨幹部骨折,0.8,160800,股関節・大腿近位の骨折,"1. 入院目的: 墜落外傷により両大腿部著明変形を来した多発外傷患者として搬送され、救命と大腿骨骨折の緊急固定・根治手術が目的で入院。
2. 主病名: 右大腿骨骨幹部骨折 AO32A2 + 左大腿骨骨幹部骨折 AO32C3 → 大腿骨骨幹部骨折 S723。
3. 中心治療: 5/2両側大腿骨創外固定（K046 一時的創外固定骨折治療術）、5/8両大腿骨骨幹部骨接合術 Natural nail（K046 骨折観血的手術［大腿］）、5/13右大腿骨頚基部スクリュー入れ替え、術後輸血・長期リハビリ、膝授動術も含めた後療法。
4. 両側大腿骨骨折は救急搬送時から最も顕著な損傷であり、早期から創外固定・輸血・ICU管理が行われ、その後も再手術・授動術を含め資源投入が極めて大きい。
5. S723→DPC6「160800 股関節・大腿近位の骨折」はK046（大腿）、Natural nail固定など本症例の主要整形外科手術コードと完全に整合し、DPC上典型的な骨折入院の主病名候補である。
6. 多発外傷の一構成要素ではあるが、手術回数と後療法のボリュームは他部位骨折を凌駕しており、両側という点も含め、単独でも最資源投入病名として成立しうる。
7. T029+160990と競合するが、骨折治療中心の整形外科的入院として整理する場合には、S723+160800を主傷病とするシナリオも現実的である。",x,,分岐なし（xのみ）,,x,,分岐なし（xのみ）,,97,その他の手術（18件のKコードが他パターンに非該当）,"K000(創傷処理（筋肉、臓器に達するもの（長径１０センチメートル以上）（その他のもの））), K000(深夜加算１（手術）), K000(創傷処理（筋肉、臓器に達しないもの（長径５センチメートル未満））), K000(深夜加算１（手術）), K046(一時的創外固定骨折治療術), K000(深夜加算１（手術）), K046(一時的創外固定骨折治療術), K000(深夜加算１（手術）), K046(一時的創外固定骨折治療術), K000(深夜加算１（手術）), K924(同種クリオプレシピテート作製術), K924(同種クリオプレシピテート作製術), K924(同種クリオプレシピテート作製術), K046(骨折観血的手術（大腿）), K046(骨折観血的手術（大腿）), K046(骨折観血的手術（下腿）), K000(創傷処理（筋肉、臓器に達するもの（長径１０センチメートル以上）（その他のもの））), K048(骨内異物（挿入物を含む。）除去術（下腿骨骨内異物除去術）)",x,処置等1の分岐なし,x,処置等2の分岐なし,x,副傷病の分岐なし,,x,重症度の分岐なし (全 x),,160800xx97xxxx,"入院期間I:4日/3082点
入院期間II:13日/2119点
入院期間III:60日/1801点","入院日数54日
入院期間I:3082×4日=12328
入院期間II:2119×9日=19071
入院期間III:1801×41日=73841
合計:105240",105240,rejected,点数が低い (差 43732),,,,,,,,,,,
6880719,2026-05-01,2026-06-23,ok,89.9,S723,ビル4階からの墜落による両側大腿骨骨幹部骨折,大腿骨骨幹部骨折,0.8,160810,股関節・大腿近位の開放骨折,"1. 入院目的: 墜落外傷により両大腿部著明変形を来した多発外傷患者として搬送され、救命と大腿骨骨折の緊急固定・根治手術が目的で入院。
2. 主病名: 右大腿骨骨幹部骨折 AO32A2 + 左大腿骨骨幹部骨折 AO32C3 → 大腿骨骨幹部骨折 S723。
3. 中心治療: 5/2両側大腿骨創外固定（K046 一時的創外固定骨折治療術）、5/8両大腿骨骨幹部骨接合術 Natural nail（K046 骨折観血的手術［大腿］）、5/13右大腿骨頚基部スクリュー入れ替え、術後輸血・長期リハビリ、膝授動術も含めた後療法。
4. 両側大腿骨骨折は救急搬送時から最も顕著な損傷であり、早期から創外固定・輸血・ICU管理が行われ、その後も再手術・授動術を含め資源投入が極めて大きい。
5. S723→DPC6「160800 股関節・大腿近位の骨折」はK046（大腿）、Natural nail固定など本症例の主要整形外科手術コードと完全に整合し、DPC上典型的な骨折入院の主病名候補である。
6. 多発外傷の一構成要素ではあるが、手術回数と後療法のボリュームは他部位骨折を凌駕しており、両側という点も含め、単独でも最資源投入病名として成立しうる。
7. T029+160990と競合するが、骨折治療中心の整形外科的入院として整理する場合には、S723+160800を主傷病とするシナリオも現実的である。",x,,分岐なし（xのみ）,,x,,分岐なし（xのみ）,,xx,パターン xx,,x,処置等1の分岐なし,x,処置等2の分岐なし,x,副傷病の分岐なし,,x,重症度の分岐なし (全 x),,160810xxxxxxxx,"入院期間I:11日/3201点
入院期間II:26日/1951点
入院期間III:90日/1658点","入院日数54日
入院期間I:3201×11日=35211
入院期間II:1951×15日=29265
入院期間III:1658×28日=46424
合計:110900",110900,rejected,点数が低い (差 38072),,,,,,,,,,,
6880719,2026-05-01,2026-06-23,ok,89.9,S828,左足関節開放性脱臼骨折（GustiloⅢA）,足関節開放性脱臼骨折,0.7,160850,足関節・足部の骨折・脱臼,"1. 入院目的: 左足関節の開放性脱臼骨折を含む多発外傷の加療目的に救命センター入院。
2. 主病名: log splitter型、GustiloⅢAの左足関節開放性脱臼骨折（左腓骨骨折、左脛骨遠位関節包損傷、三角靱帯・脛腓靱帯断裂を伴う）→ 足関節開放性脱臼骨折 S828。
3. 中心治療: 5/2 洗浄・デブリドマンと創外固定（K000, K046）、開放骨折に対する抗菌薬投与と感染予防管理、5/13 腓骨骨接合 VariAx fibula＋脛腓間zip tight＋創外固定継続（K046-下腿）、6/2 創外固定抜去・EUAとその後の長期免荷・荷重制限リハ。
4. 開放骨折であり感染リスクが高く、長期に創外固定やストレステスト、異所性骨化の管理など特別な資源を要しており、下肢機能再建の観点から入院後半の中心病態の一つとなっている。
5. S828→DPC6「160860 足関節・足部の開放骨折・開放脱臼」は創外固定や腓骨骨接合、zip tightなどK046を含む下腿・足関節手術コードと一致し、本症例の左下肢開放損傷に対する治療内容と整合する。
6. 大腿骨骨折や多発骨折と同一ストーリーだが、創外固定期間や不安定性評価、荷重制限が長期化しており、左足関節損傷単独でもかなりの医療資源を要している点から独立候補とした。",x,,分岐なし（xのみ）,,x,,分岐なし（xのみ）,,97,その他の手術（18件のKコードが他パターンに非該当）,"K000(創傷処理（筋肉、臓器に達するもの（長径１０センチメートル以上）（その他のもの））), K000(深夜加算１（手術）), K000(創傷処理（筋肉、臓器に達しないもの（長径５センチメートル未満））), K000(深夜加算１（手術）), K046(一時的創外固定骨折治療術), K000(深夜加算１（手術）), K046(一時的創外固定骨折治療術), K000(深夜加算１（手術）), K046(一時的創外固定骨折治療術), K000(深夜加算１（手術）), K924(同種クリオプレシピテート作製術), K924(同種クリオプレシピテート作製術), K924(同種クリオプレシピテート作製術), K046(骨折観血的手術（大腿）), K046(骨折観血的手術（大腿）), K046(骨折観血的手術（下腿）), K000(創傷処理（筋肉、臓器に達するもの（長径１０センチメートル以上）（その他のもの））), K048(骨内異物（挿入物を含む。）除去術（下腿骨骨内異物除去術）)",x,処置等1の分岐なし,x,処置等2の分岐なし,x,副傷病の分岐なし,,x,重症度の分岐なし (全 x),,160850xx97xxxx,"入院期間I:3日/3342点
入院期間II:11日/2010点
入院期間III:60日/1709点","入院日数54日
入院期間I:3342×3日=10026
入院期間II:2010×8日=16080
入院期間III:1709×43日=73487
合計:99593",99593,rejected,点数が低い (差 49379),,,,,,,,,,,
6880719,2026-05-01,2026-06-23,ok,89.9,S828,左足関節開放性脱臼骨折（GustiloⅢA）,足関節開放性脱臼骨折,0.7,160860,足関節・足部の開放骨折・開放脱臼,"1. 入院目的: 左足関節の開放性脱臼骨折を含む多発外傷の加療目的に救命センター入院。
2. 主病名: log splitter型、GustiloⅢAの左足関節開放性脱臼骨折（左腓骨骨折、左脛骨遠位関節包損傷、三角靱帯・脛腓靱帯断裂を伴う）→ 足関節開放性脱臼骨折 S828。
3. 中心治療: 5/2 洗浄・デブリドマンと創外固定（K000, K046）、開放骨折に対する抗菌薬投与と感染予防管理、5/13 腓骨骨接合 VariAx fibula＋脛腓間zip tight＋創外固定継続（K046-下腿）、6/2 創外固定抜去・EUAとその後の長期免荷・荷重制限リハ。
4. 開放骨折であり感染リスクが高く、長期に創外固定やストレステスト、異所性骨化の管理など特別な資源を要しており、下肢機能再建の観点から入院後半の中心病態の一つとなっている。
5. S828→DPC6「160860 足関節・足部の開放骨折・開放脱臼」は創外固定や腓骨骨接合、zip tightなどK046を含む下腿・足関節手術コードと一致し、本症例の左下肢開放損傷に対する治療内容と整合する。
6. 大腿骨骨折や多発骨折と同一ストーリーだが、創外固定期間や不安定性評価、荷重制限が長期化しており、左足関節損傷単独でもかなりの医療資源を要している点から独立候補とした。",x,,分岐なし（xのみ）,,x,,分岐なし（xのみ）,,97,その他の手術（18件のKコードが他パターンに非該当）,"K000(創傷処理（筋肉、臓器に達するもの（長径１０センチメートル以上）（その他のもの））), K000(深夜加算１（手術）), K000(創傷処理（筋肉、臓器に達しないもの（長径５センチメートル未満））), K000(深夜加算１（手術）), K046(一時的創外固定骨折治療術), K000(深夜加算１（手術）), K046(一時的創外固定骨折治療術), K000(深夜加算１（手術）), K046(一時的創外固定骨折治療術), K000(深夜加算１（手術）), K924(同種クリオプレシピテート作製術), K924(同種クリオプレシピテート作製術), K924(同種クリオプレシピテート作製術), K046(骨折観血的手術（大腿）), K046(骨折観血的手術（大腿）), K046(骨折観血的手術（下腿）), K000(創傷処理（筋肉、臓器に達するもの（長径１０センチメートル以上）（その他のもの））), K048(骨内異物（挿入物を含む。）除去術（下腿骨骨内異物除去術）)",x,処置等1の分岐なし,x,処置等2の分岐なし,x,副傷病の分岐なし,,x,重症度の分岐なし (全 x),,160860xx97xxxx,"入院期間I:5日/3156点
入院期間II:14日/2029点
入院期間III:60日/1725点","入院日数54日
入院期間I:3156×5日=15780
入院期間II:2029×9日=18261
入院期間III:1725×40日=69000
合計:103041",103041,rejected,点数が低い (差 45931),,,,,,,,,,,
6880719,2026-05-01,2026-06-23,ok,89.9,S066,外傷性くも膜下出血（閉鎖性tSAH）,外傷性くも膜下出血,0.65,160100,頭蓋・頭蓋内損傷,"1. 入院目的: 墜落外傷後、意識障害（来院時GCS8）とショックを伴うためトラウマコードで搬送され、頭部CTで外傷性くも膜下出血（tSAH）を認めたことからICU入室・頭部管理目的。
2. 主病名: 頭部CTで外傷性くも膜下出血（tSAH少量、点在）→ 外傷性くも膜下出血 S066 / S0660（閉鎖性）。
3. 中心治療: 救急受診直後に気管挿管・人工呼吸（J045）、鎮静管理（プロポフォール、レミフェンタニル）、ICPコントロール検討、連日の画像フォロー、抜管時期調整、せん妄・アルコール離脱など精神症状を含む頭部管理。
4. 初期数日間はICUでの重症管理・鎮静・抜管判断など、頭部外傷が管理の中心となっており、外傷性DICやショックからの回復後もCT再検査など資源投入が行われた。
5. S066→DPC6「160100 頭蓋・頭蓋内損傷」は人工呼吸管理・ICPコントロール・頭部外傷の典型的なDPCであり、本症例のICU期治療内容と整合する。
6. 長期的には骨折治療とリハが中心だが、急性期の重症管理の直接原因として、外傷性SAH単独でも最資源投入病名候補として保持すべきである。",x,,分岐なし（xのみ）,,x,,分岐なし（xのみ）,,97,その他の手術（18件のKコードが他パターンに非該当）,"K000(創傷処理（筋肉、臓器に達するもの（長径１０センチメートル以上）（その他のもの））), K000(深夜加算１（手術）), K000(創傷処理（筋肉、臓器に達しないもの（長径５センチメートル未満））), K000(深夜加算１（手術）), K046(一時的創外固定骨折治療術), K000(深夜加算１（手術）), K046(一時的創外固定骨折治療術), K000(深夜加算１（手術）), K046(一時的創外固定骨折治療術), K000(深夜加算１（手術）), K924(同種クリオプレシピテート作製術), K924(同種クリオプレシピテート作製術), K924(同種クリオプレシピテート作製術), K046(骨折観血的手術（大腿）), K046(骨折観血的手術（大腿）), K046(骨折観血的手術（下腿）), K000(創傷処理（筋肉、臓器に達するもの（長径１０センチメートル以上）（その他のもの））), K048(骨内異物（挿入物を含む。）除去術（下腿骨骨内異物除去術）)",x,処置等1の分岐なし,1,"処置等2=1: G005(中心静脈注射（１日につき）)[レセ電=130004410, 実施日=2026-05-03], J045(人工呼吸（５時間を超えた場合）（１日につき）（１４日目まで）)[レセ電=140023510, 実施日=2026-05-03]",0,トリガーに該当する副傷病なし,,x,重症度の分岐なし (全 x),,160100xx97x10x,"入院期間I:8日/4426点
入院期間II:23日/2376点
入院期間III:60日/2019点","入院日数54日
入院期間I:4426×8日=35408
入院期間II:2376×15日=35640
入院期間III:2019×31日=62589
合計:133637",133637,rejected,点数が低い (差 15335),,,,,,,,,,,
6880719,2026-05-01,2026-06-23,ok,89.9,F104,アルコール離脱せん妄（アルコール関連障害に伴うせん妄）,アルコール離脱せん妄,0.55,170020,精神作用物質使用による精神及び行動の障害,"1. 入院目的: 主たる目的は多発外傷加療だが、入院初期より強い不穏・せん妄を呈し、アルコール離脱せん妄として精神科的介入が継続された。
2. 主病名: 連日飲酒歴・最終飲酒5/1での急断と、入院早期からの著明な不穏・幻覚様言動・記憶欠如を伴うせん妄 → アルコール離脱せん妄 F104。
3. 中心治療: プレセデックス持続、セルシンによる離脱プロトコル、抗精神病薬（クエチアピン、リスペリドン、オランザピン、コントミン等）、バルプロ酸、睡眠薬調整、公認心理師含む精神科的評価・フォローを入院を通じて多数回実施。
4. 外傷治療に加えて、離脱せん妄やアルコール関連の心理社会的問題がADL・リハ進行やICU離脱に影響しており、人的資源（精神科医・心理師・看護）投入が大きい独立した病態である。
5. F104→DPC6「170020 精神作用物質使用による精神及び行動の障害」はアルコール離脱せん妄に対応し、多数の向精神薬処方調整・カウンセリングとの整合性が高い。
6. 手術・輸血など侵襲的処置は伴わないため整形外傷DPCほど物的資源は要していないが、入院期間の前半から中期にかけて反復評価・薬剤調整が必要であり、条件次第では主病名として取り得るボリュームがある。",x,,分岐なし（xのみ）,,x,,分岐なし（xのみ）,,xx,パターン xx,,x,処置等1の分岐なし,x,処置等2の分岐なし,0,トリガーに該当する副傷病なし,,x,重症度の分岐なし (全 x),,170020xxxxxx0x,"入院期間I:1日/3881点
入院期間II:1日/点
入院期間III:30日/2294点","入院日数54日
入院期間I:3881×1日=3881
入院期間III:2294×29日=66526
合計:70407",70407,rejected,点数が低い (差 78565),,,,,,,,,,,
6903872,2026-07-01,2026-07-25,ok,85.6,I480,頻脈性発作性心房細動（PFA後再発）,発作性心房細動,0.8,050070,頻脈性不整脈,"1. 入院目的: 心房細動に対する薬物治療目的で、頻脈性心房細動・低血圧のため救急搬送・入院。
2. 主病名: 頻脈性心房細動 PFA後再発 → 発作性心房細動（I480）。
3. 中心治療: AMD点滴によるリズム／レートコントロール、持続モニタリング、心エコー・心電図、心大血管リハ。
4. 本疾患が症状（胸部不快感・倦怠感）と血圧低下の直接原因であり、入院・精査・治療の中心となっている。
5. PFA後再発だが、今回入院中も再度のアブレーション（AVN ablation含む）検討など管理・計画が継続され、心大血管リハも本心疾患群に対して実施されている。
6. I480は発作性心房細動を示し、頻脈性心房細動の再発状況に合致。弁膜症や心不全コードより、今回入院の直接契機に最も近い。
7. DPC6は050070（頻脈性不整脈）で、心電図検査D208、呼吸心拍監視D220、心エコーD215、心大血管リハH000/H003など循環器不整脈入院に整合する。",x,,分岐なし（xのみ）,,x,,分岐なし（xのみ）,,99,手術なし,,0,トリガーにマッチする処置コードなし,0,トリガーにマッチする処置コードなし,0,副傷病なし（AI/EF探索で該当なし）,,x,重症度の分岐なし (全 x),,050070xx99000x,"入院期間I:2日/3635点
入院期間II:4日/2374点
入院期間III:30日/2018点","入院日数25日
入院期間I:3635×2日=7270
入院期間II:2374×2日=4748
入院期間III:2018×21日=42378
合計:54396",54396,rejected,点数が低い (差 4314),,,,,,,,,,,
6903872,2026-07-01,2026-07-25,ok,85.6,I500,慢性心不全（HCM・僧帽弁閉鎖不全症に伴う）,慢性うっ血性心不全,0.7,050130,心不全,"1. 入院目的: 不整脈治療目的だが、基礎に慢性心不全があり高NT-proBNP・心拡大・心大血管リハ目的での入院管理。
2. 主病名: 慢性心不全 → 慢性うっ血性心不全（I500）。
3. 中心治療: 心大血管疾患リハビリテーションH000複数単位、早期リハ加算、連日採血での心不全指標管理（NT-proBNP）、薬物調整（MRA追加など）。
4. 心尖部HCM・僧帽弁閉鎖不全症・巨大左房を背景とした慢性心不全があり、NT-proBNP 5000–7000台と高値で入院期間を通じて継続的にモニタリングされている。
5. 心大血管リハ（H000）は心不全を含む慢性心疾患に対する代表的資源投入であり、入院中の人的・時間的リソースが大きい。
6. ICD-10としては慢性うっ血性心不全（I500）が、慢性心不全・高BNP・心拡大の所見に最も整合する。
7. DPC6は050130（心不全）で、心大血管リハH000・心エコーD215・心不全関連採血群D007/D008との組み合わせが典型的な心不全入院像に合致する。",x,,分岐なし（xのみ）,,x,,分岐なし（xのみ）,,99,手術なし,,0,トリガーにマッチする処置コードなし,0,"処置等2=0: H000(心大血管疾患リハビリテーション料（１）（１単位）（理学療法士による場合）)[レセ電=180744210, 実施日=2026-07-04;2026-07-09;2026-07-23], H000(心大血管疾患リハビリテーション料（１）（１単位）（看護師による場合）)[レセ電=180744510, 実施日=2026-07-06;2026-07-07;2026-07-08;2026-07-10;2026-07-11;2026-07-14;2026-07-15;2026-07-17;2026-07-18;2026-07-19;2026-07-20;2026-07-21;2026-07-22;2026-07-24], H000(心大血管疾患リハビリテーション料（１）（１単位）（集団療法による場合）)[レセ電=180744610, 実施日=2026-07-13;2026-07-16]",x,副傷病の分岐なし,,0,"branch=0 numeric=0 label=他の病院・診療所の病棟からの転院以外 / 在宅で訪問診療中に救急搬送され当院へ直接入院しており、他院病棟からの転院とはいえない。 (verifier 不整合あり, best-effort 採用: ['conclusion_label_mismatch'])",[2026-07-01]7月1日11時頃リンゴなどを食べて内服薬を服用したところで胸部不快感と倦怠感あり、体動困難となった。訪問診療で診察した看護師が救急要請し当院搬送。心電図にて頻脈性心房細動あり、血圧も低いため入院とした。; [2026-07-01]※杉村病院かかりつけ…訪問診療で診察した看護師が救急要請し当院搬送。; [2026-07-03]※杉村病院かかりつけ－＞在宅に変更,050130xx9900x0,"入院期間I:7日/3150点
入院期間II:14日/2242点
入院期間III:60日/1906点","入院日数25日
入院期間I:3150×7日=22050
入院期間II:2242×7日=15694
入院期間III:1906×11日=20966
合計:58710",58710,selected,,false,false,,050130xx9900x0,,050130xx9900x0,1000,同点候補なし,,,
6903872,2026-07-01,2026-07-25,ok,85.6,I422,心尖部肥大型心筋症,心尖部肥大型心筋症,0.6,050060,心筋症（拡張型心筋症を含む。）,"1. 入院目的: 不整脈治療だが、その背景に心尖部肥大型心筋症があり心機能・リスク管理の中心的基盤となっている。
2. 主病名: 心尖部肥大型心筋症 → 心尖部肥大型心筋症（I422）。
3. 中心治療: 心大血管リハ、心エコーによる心筋症評価、心不全治療・抗不整脈治療など、すべてこの基礎心疾患に規定される長期管理。
4. TTEでApical HCMと明記されており、巨大左房・僧帽弁閉鎖不全・慢性心不全など一連の病態の根底にある原疾患として医療資源（フォローアップ、リハ、薬物調整）が継続的に投下されている。
5. ICD-10 I422は心尖部肥大型心筋症に合致し、記載と整合。
6. DPC6は050060（心筋症）で、心エコーD215や心大血管リハH000、心不全治療と組み合わせれば主病名候補としても成立しうる。",x,,分岐なし（xのみ）,,x,,分岐なし（xのみ）,,99,手術なし,,0,トリガーにマッチする処置コードなし,0,"処置等2=0: H000(心大血管疾患リハビリテーション料（１）（１単位）（理学療法士による場合）)[レセ電=180744210, 実施日=2026-07-04;2026-07-09;2026-07-23], H000(心大血管疾患リハビリテーション料（１）（１単位）（看護師による場合）)[レセ電=180744510, 実施日=2026-07-06;2026-07-07;2026-07-08;2026-07-10;2026-07-11;2026-07-14;2026-07-15;2026-07-17;2026-07-18;2026-07-19;2026-07-20;2026-07-21;2026-07-22;2026-07-24], H000(心大血管疾患リハビリテーション料（１）（１単位）（集団療法による場合）)[レセ電=180744610, 実施日=2026-07-13;2026-07-16]",x,副傷病の分岐なし,,x,重症度の分岐なし (全 x),,050060xx9900xx,"入院期間I:4日/3248点
入院期間II:10日/2325点
入院期間III:30日/1976点","入院日数25日
入院期間I:3248×4日=12992
入院期間II:2325×6日=13950
入院期間III:1976×15日=29640
合計:56582",56582,rejected,点数が低い (差 2128),,,,,,,,,,,
6903872,2026-07-01,2026-07-25,ok,85.6,N185,慢性腎臓病ステージG5,慢性腎臓病ステージＧ５,0.55,110280,慢性腎炎症候群・慢性間質性腎炎・慢性腎不全,"1. 入院目的: 心房細動治療が主だが、高度腎機能障害が治療選択（PFA選択、薬剤量調整、造影・抗凝固管理）に大きく影響している。
2. 主病名: 慢性腎臓病G5（CCr14程度） → 慢性腎臓病ステージG5（N185）。
3. 中心治療: 頻回の腎機能・電解質モニタリング、カリウム補正、薬剤（VKA、MRA等）の用量調整・安全管理。
4. eGFR 20台前後・CCr14台と高度低下が持続し、抗凝固薬の選択・用量や造影検査の可否など入院管理全体に強く影響しており、検査・採血の頻回実施という資源投入を要している。
5. 造影やPFA施行時にも腎機能悪化リスクが議論されており、今回入院中もBUN/Cr・電解質・NT-proBNPなどを繰り返し測定しながら腎機能を見ている。
6. ICD-10としてはG5レベルの腎機能低下よりN185が最も妥当。
7. DPC6は110280（慢性腎不全群）で、今回の入院目的は循環器だが、腎機能悪化が主たる資源投入要因となった場合には主病名となり得るボリュームを持つ。",x,,分岐なし（xのみ）,,x,,分岐なし（xのみ）,,99,手術なし,,0,トリガーにマッチする処置コードなし,0,トリガーにマッチする処置コードなし,0,副傷病なし（AI/EF探索で該当なし）,,x,重症度の分岐なし (全 x),,110280xx99000x,"入院期間I:4日/3055点
入院期間II:9日/2285点
入院期間III:30日/1942点","入院日数25日
入院期間I:3055×4日=12220
入院期間II:2285×5日=11425
入院期間III:1942×16日=31072
合計:54717",54717,rejected,点数が低い (差 3993),,,,,,,,,,,
6903872,2026-07-01,2026-07-25,ok,85.6,D509,鉄欠乏性貧血（輸血を要した貧血）,鉄欠乏性貧血,0.6,130090,貧血（その他）,"1. 入院目的: 不整脈治療だが、INR延長とHb低下を伴う貧血が併存し、輸血など大きな資源が投下された。
2. 主病名: 潜在的鉄欠乏を伴う貧血 → 鉄欠乏性貧血（D509）を代表コードとするのが妥当。
3. 中心治療: 保存血輸血K920（RCC2U）、輸血関連検査・管理料（K920-22等）、ワーファリン用量調整、頻回の血算・凝固検査。
4. 入院時Hb 8.1g/dLと低値で経過中も9〜10台と貧血が持続し、INR過延長と合わせてリスク評価の中心となっている。実際にRCC2U輸血実施と輸血管理料算定があり、明確な高コスト処置が行われている。
5. 潜在的鉄欠乏（低Fe・低TSAT・高フェリチン）と記載があり、D509（鉄欠乏性貧血）が包括的コードとして適当。
6. DPC6は130090（貧血その他）で、輸血K920と輸血関連検査D011/D013などが結びつき、貧血を主病名とした場合でも手術・処置構成と整合する。",x,,分岐なし（xのみ）,,x,,分岐なし（xのみ）,,99,手術なし,,x,処置等1の分岐なし,0,トリガーにマッチする処置コードなし,x,副傷病の分岐なし,,x,重症度の分岐なし (全 x),,130090xx99x0xx,"入院期間I:3日/3389点
入院期間II:8日/2219点
入院期間III:30日/1886点","入院日数25日
入院期間I:3389×3日=10167
入院期間II:2219×5日=11095
入院期間III:1886×17日=32062
合計:53324",53324,rejected,点数が低い (差 5386),,,,,,,,,,,
6909329,2026-07-13,2026-07-29,ok,72.5,C700,左側頭部円蓋部再発髄膜腫（WHO grade2：atypical meningioma）,円蓋部悪性髄膜腫,0.88,010010,脳腫瘍,"1. 入院目的: 再発髄膜腫に対するγナイフ照射と脳浮腫コントロール目的で入院。
2. 主病名: 左側頭部円蓋部の再発Atypical meningioma grade2 → 悪性髄膜腫として C700 を選択。
3. 中心治療: M001 ガンマナイフ定位放射線治療、連日の脳血管リハ、画像検査等が本腫瘍に対して実施。
- 髄膜腫（円蓋部）が主病態であり、今回のγナイフ第3回目(7/27)の直接の治療対象となっている。
- 入院全期間を通じて腫瘍の増大評価（MRI）と定位放射線治療計画・実施が資源投入の中心であり、最資源投入病名として強い。
- Atypical meningioma grade2 はWHO分類で悪性度を有し、ICD-10上は悪性髄膜腫(C700)と整合。
- DPC6は脳腫瘍(010010)で、過去の開頭腫瘍摘出術(K011など)や今回のガンマナイフ(M001)と整合し、脳腫瘍群として妥当。
- 近接候補のG936(脳浮腫)は本腫瘍に続発する病態であり、治療は行われているが、放射線治療という高額・高次資源の主対象は腫瘍そのもの。",x,,分岐なし（xのみ）,,x,,分岐なし（xのみ）,,99,手術なし,,0,トリガーにマッチする処置コードなし,6,"処置等2=6: M001(ガンマナイフによる定位放射線治療)[レセ電=180018910, 実施日=2026-07-27]",x,副傷病の分岐なし,,x,重症度の分岐なし (全 x),,010010xx9906xx,"入院期間I:3日/2946点
入院期間II:8日/2242点
入院期間III:30日/1906点","入院日数17日
入院期間I:2946×3日=8838
入院期間II:2242×5日=11210
入院期間III:1906×9日=17154
合計:37202",37202,selected,,true,false,0.93,010010xx9906xx,010010xx9906xx,010010xx9906xx,1000,同点候補あり,入院目的に「再発髄膜腫に対するγナイフ照射、脳浮腫のコントロール」と明記され、7/27に急速増大する複数病変へγナイフ③が実施されており、最も高額な医療資源は腫瘍（左側頭部円蓋部再発髄膜腫）に投入されている。脳浮腫はグリセオール等で治療される続発病態であり、根本原因疾患であるC700・DPC6=010010を主病名とするのが妥当。Kコード手術はないがM001相当の放射線治療のターゲットは腫瘍で一貫。,,
6909329,2026-07-13,2026-07-29,ok,72.5,G936,左側頭葉髄膜腫による脳浮腫,脳浮腫,0.78,010310,脳の障害（その他）,"1. 入院目的: 再発髄膜腫に対するγナイフ照射とともに、周囲脳浮腫のコントロールが明記されている。
2. 主病名: 腫瘍随伴の脳浮腫により失語・右麻痺・ふらつきが出現 → G936 脳浮腫を選択。
3. 中心治療: グリセオール、五苓散などの抗浮腫療法、CT/MRIによる浮腫評価、脳血管リハが継続。
- 入院契機となった症状（トイレの場所を間違える、ふらつき、軽度失語、右麻痺）はMRIで確認された脳浮腫増悪と時間的・解剖学的に対応しており、入院中も抗浮腫治療が継続された。
- γナイフ照射は腫瘍本体への治療だが、症状面・日常管理としては脳浮腫が直接の治療対象であり、入院期間を通じてモニタリング・薬物治療の中心となっている。
- ICD-10としては腫瘍に続発する症候病名だが、重症管理・ADL低下の直接原因として独立して最資源投入病名となりうる。
- DPC6は脳の障害（その他）010310で、抗浮腫療法中心の管理と整合。腫瘍そのものを主とする010010との間で、どちらに資源がより投入されたかで選択が分かりうる。",x,,分岐なし（xのみ）,,x,,分岐なし（xのみ）,,99,手術なし,,x,処置等1の分岐なし,0,トリガーにマッチする処置コードなし,0,副傷病なし（AI/EF探索で該当なし）,,x,重症度の分岐なし (全 x),,010310xx99x00x,"入院期間I:3日/3059点
入院期間II:6日/2218点
入院期間III:30日/1885点","入院日数17日
入院期間I:3059×3日=9177
入院期間II:2218×3日=6654
入院期間III:1885×11日=20735
合計:36566",36566,rejected,点数が低い (差 636),,,,,,,,,,,
6909329,2026-07-13,2026-07-29,ok,72.5,G062,頭蓋骨・頭蓋内手術後の硬膜外膿瘍（既治療状態）,硬膜外膿瘍,0.42,010080,脳脊髄の感染を伴う炎症,"1. 入院目的: 主として再発髄膜腫の治療だが、既往として頭蓋手術後に硬膜外膿瘍を発症し外科的治療を受けている。
2. 主病名: 頭蓋形成術前後に発症した硬膜外膿瘍 → G062 硬膜外膿瘍。
3. 中心治療: 本入院中には新規膿瘍治療は行われていないが、頭蓋形成後の状態としてリスク管理・評価が継続。
- 硬膜外膿瘍は前回入院で洗浄排膿術＋骨弁除去が行われた重篤な術後感染であり、大きな医療資源が既に投入されている病態である。
- 今回入院中に再燃や追加処置はみられず、資源投入の中心はあくまで髄膜腫および脳浮腫であるが、過去の大きな治療介入と頭蓋形成後の状態が今回の治療計画や照射範囲にも影響しており、広義には今回入院の全体像を規定する病態の一つといえる。
- DPC6は脳脊髄の感染を伴う炎症(010080)で、過去の洗浄排膿術(K145等)との整合性が高く、過去入院では最資源投入病名となり得た。
- ただし、今回入院に限定すると新たな医療資源投入は限定的であり、主病名候補としては補助的な位置づけ。",x,,分岐なし（xのみ）,,x,,分岐なし（xのみ）,,99,手術なし,,x,処置等1の分岐なし,0,トリガーにマッチする処置コードなし,x,副傷病の分岐なし,,0,sev_age の値を取得できず → デフォルト (patient.age が未設定),,010080xx99x0x0,"入院期間I:2日/2575点
入院期間II:5日/2163点
入院期間III:30日/1947点","入院日数17日
入院期間I:2575×2日=5150
入院期間II:2163×3日=6489
入院期間III:1947×12日=23364
合計:35003",35003,rejected,点数が低い (差 2199),,,,,,,,,,,
6921971,2026-05-28,2026-06-08,ok,82.6,K803,総胆管結石性胆管炎,総胆管結石性胆管炎,0.9,060340,胆管（肝内外）結石、胆管炎,"1. 入院目的: 心窩部痛・胆道系酵素上昇・画像上の総胆管拡張と結石陰影を背景にした結石性胆管炎の内科的治療および内視鏡的治療目的の入院。
2. 主病名: カルテで「＃1．総胆管結石性胆管炎」「診断：総胆管結石性胆管炎の疑い」と明記され、ERCPで総胆管結石と急性胆管炎所見あり→ICD-10 K803（総胆管結石性胆管炎）が妥当。
3. 中心治療: 5/29と6/4の2回にわたるERCPによる採石およびEBS留置・抜去（K685, K688 に対応）、入院中の絶食・補液・抗菌薬治療・連日の血液検査と画像検査。
4. 発熱・胆道系酵素・ビリルビン・CRP上昇など胆管炎として整合し、症状・検査の推移も本疾患の治療経過と一致。
5. 本疾患を直接の対象とした内視鏡的胆道結石除去術・ステント留置術が実施されており、手技・入院期間・検査等の資源投入の大部分を占める。
6. ICD-10 K803 は結石性胆管炎（総胆管結石を伴う胆管炎）を表し、ERCPによる結石除去と胆管炎加療を伴う本症例に最も適合。
7. DPC6 060340「胆管（肝内外）結石、胆管炎」はK685, K688など内視鏡的胆道結石除去・ステント関連Kコードを多数包含し、EF記載の内視鏡的胆道結石除去術・胆道ステント留置術と完全に整合する。
8. 競合しうる「急性胆管炎（K830）」単独よりも、結石を原因とした胆管炎であることが明確であり、より具体的で資源投入対象を正確に表現する。",x,,分岐なし（xのみ）,,x,,分岐なし（xのみ）,,03,パターン 03（必須Kコード 1 マッチ）,K688(内視鏡的胆道ステント留置術),x,処置等1の分岐なし,0,トリガーにマッチする処置コードなし,0,トリガーに該当する副傷病なし,,x,重症度の分岐なし (全 x),,060340xx03x00x,"入院期間I:4日/3233点
入院期間II:7日/2294点
入院期間III:30日/1950点","入院日数12日
入院期間I:3233×4日=12932
入院期間II:2294×3日=6882
入院期間III:1950×5日=9750
合計:29564",29564,selected,,false,false,,060340xx03x00x,,060340xx03x00x,1000,同点候補なし,,,
6921971,2026-05-28,2026-06-08,ok,82.6,C61,前立腺癌（多発骨転移を伴う）,前立腺癌,0.45,110080,前立腺の悪性腫瘍,"1. 入院目的: 主目的は胆管炎だが、現病歴・CT所見で「前立腺癌で治療中」「多発骨転移疑い」が詳細に記載されており、全身状態や浮腫・だるさなど背景病態として影響している可能性がある。
2. 主病名: 既往歴として「前立腺癌」「多発骨転移」明記。ICD-10としては原発腫瘍 C61（前立腺癌）で表現し、多発骨転移は別コード（例 C795）で付記されうるが、本タスクでは原発側を候補とする。
3. 中心治療: 今回入院中に前立腺癌そのものに対する化学療法や放射線、手術は行われていないが、慢性的な疼痛・浮腫などによる全身状態悪化が入院時のバイタル・訴えに影響している可能性があり、長期的には大きな医療資源が投下されている疾患。
4. とはいえ、この入院期間に限れば医療資源の中心は胆道系疾患であり、前立腺癌は背景疾患としての位置づけが強いため、最資源投入病名候補としての優先度は下がるが、骨転移進行所見などから病勢評価・今後の治療方針検討がなされていれば候補として保持する意義はある。
5. ICD-10 C61 は前立腺の悪性腫瘍を示し、カルテ記載と整合。骨転移そのものに対する手術や放射線などは今回実施されていないため、本入院の主治療対象とは言い難い。
6. DPC6 110080「前立腺の悪性腫瘍」は前立腺癌に対応するが、今回EFには前立腺関連Kコード（前立腺切除など）はなく、DPC観点では本入院の分類主軸にはなりにくい。",x,,分岐なし（xのみ）,,x,,分岐なし（xのみ）,,97,その他の手術（2件のKコードが他パターンに非該当）,"K688(内視鏡的胆道ステント留置術), K685(内視鏡的胆道結石除去術（その他のもの）)",x,処置等1の分岐なし,0,トリガーにマッチする処置コードなし,0,トリガーに該当する副傷病なし,,x,重症度の分岐なし (全 x),,110080xx97x00x,"入院期間I:4日/2990点
入院期間II:9日/2172点
入院期間III:30日/1846点","入院日数12日
入院期間I:2990×4日=11960
入院期間II:2172×5日=10860
入院期間III:1846×3日=5538
合計:28358",28358,rejected,点数が低い (差 1206),,,,,,,,,,,
6921971,2026-05-28,2026-06-08,ok,82.6,C795,前立腺癌による多発骨転移,前立腺癌骨転移,0.4,070040,骨の悪性腫瘍（脊椎を除く。）,"1. 入院目的: 直接の入院理由は腹痛・胆管炎だが、「多発骨転移、直腸診浸潤など認めている」「右坐骨恥骨枝、右大腿骨近位部、腰椎L2～L4、胸椎T10、左右肋骨に骨硬化像を認めます。前回より骨硬化が進行しています。」と詳細な骨転移進行の評価が今回CTで行われている。
2. 主病名: 画像所見から前立腺癌の多発骨転移と判断されており、ICD-10としてはC795（前立腺癌骨転移）が最も具体的。
3. 中心治療: 本入院中に骨転移そのものへの手術や放射線は行われていないが、疼痛評価や浮腫の評価、今後の緩和的介入の検討など、一定の診療資源が割かれていると推定される。
4. ただしERCPや胆管炎治療に比べれば本入院でのリソース比重は低く、あくまで背景・併存疾患としての扱いであるため、最資源投入病名候補としての位置づけは補助的。
5. ICD-10 C795 は骨転移の続発性悪性腫瘍コードであり、「多発骨転移疑い：骨硬化が進行」という記載と整合する。
6. DPC6 070040「骨の悪性腫瘍（脊椎を除く。）」は骨転移に対応するが、今回EFには骨手術・放射線Kコードはなく、このDPCで今回入院を代表させるだけの処置は行われていない。",x,,分岐なし（xのみ）,,x,,分岐なし（xのみ）,,97,その他の手術（2件のKコードが他パターンに非該当）,"K688(内視鏡的胆道ステント留置術), K685(内視鏡的胆道結石除去術（その他のもの）)",x,処置等1の分岐なし,0,トリガーにマッチする処置コードなし,x,副傷病の分岐なし,,x,重症度の分岐なし (全 x),,070040xx97x0xx,"入院期間I:6日/3070点
入院期間II:14日/2262点
入院期間III:60日/1923点","入院日数12日
入院期間I:3070×6日=18420
入院期間II:2262×6日=13572
合計:31992",31992,rejected,上位候補に劣る,,,,,,,,,,,
6930918,2026-05-25,2026-06-01,ok,24.1,S5250,ひだり橈骨遠位端骨折,橈骨遠位端骨折,0.95,160760,前腕の骨折,"1. 入院目的: 自宅内転倒後のひだり橈骨遠位端骨折に対する骨接合術目的入院。
2. 主病名: カルテに一貫して「ひだり橈骨遠位端骨折」と記載されており、部位・性状から S5250 橈骨遠位端骨折が最も整合。
3. 中心治療: 全身麻酔＋腋窩ブロック下の骨折観血的手術（K046）、周術期管理、運動器リハビリテーション等、多くの医療資源がこの骨折に対して投入された。
- 画像所見（CT：2R3C1.1 dorsomedial articular）と「背屈転位残存→手術が望ましい」との記載から、橈骨遠位端の関節内骨折として観血的整復固定術が実施されている。
- EF で骨折観血的手術（前腕）K046、全身麻酔（L008, L009）、周術期栄養管理（K000）、術後の酸素投与・モニタリング（J024, D220, D223）など、資源投入は本骨折手術とその周術期管理が中心。
- ICD-10 S5250 の DPC6 は「160760 前腕の骨折」であり、当該 DPC6 の手術Kコード群に K046 系が含まれており、EF の K046 と良好に整合する。
- 不明熱や下肢脱力はコンサルト・MRI精査に留まり、原因病変も同定されず、手術や集中的治療の対象とはなっていないため、最資源投入病名としては橈骨遠位端骨折が明らかに優位。
- 左右の記載ぶれはなく「ひだり」と明記されているが、ICD-10 上は側の区別がないため S5250 を用いる。開放骨折・多発骨折の記載もなく S5251/S5260 などは不要。",x,,分岐なし（xのみ）,,x,,分岐なし（xのみ）,,97,その他の手術（2件のKコードが他パターンに非該当）,"K046(骨折観血的手術（前腕）), K000(周術期栄養管理実施加算)",x,処置等1の分岐なし,x,処置等2の分岐なし,x,副傷病の分岐なし,,x,重症度の分岐なし (全 x),,160760xx97xxxx,"入院期間I:2日/3113点
入院期間II:4日/2179点
入院期間III:30日/1852点","入院日数8日
入院期間I:3113×2日=6226
入院期間II:2179×2日=4358
入院期間III:1852×4日=7408
合計:17992",17992,selected,,false,false,,160760xx97xxxx,,160760xx97xxxx,1000,同点候補なし,,,
6930918,2026-05-25,2026-06-01,ok,24.1,G831,下肢脱力（原因不明）,下肢麻痺,0.45,010310,脳の障害（その他）,"1. 入院目的: 本来は橈骨遠位端骨折手術目的だが、入院中に新たに下肢脱力が問題となり、精査目的でMRIなどが追加実施された。
2. 主病名: カルテには症状名として「下肢脱力」と記載。器質的異常はMRIで否定されているが、症候としての下肢麻痺/脱力に対し評価とリハビリ継続が行われた。
3. 中心治療: 胸腰椎MRIによる精査と、その後のリハビリ継続により下肢筋力回復を図る方針が取られており、一部の医療資源（画像診断・リハ）がこの病態に関連。
- 5月29日に下位胸椎・腰椎MRIが施行されており、これは下肢脱力と不明熱の原因精査目的と明記されている。
- MRIで「脊髄内信号変化、脊柱管内占拠性病変いずれも指摘できず」とされ、明確な器質的疾患は同定されていないが、下肢脱力自体はリハビリ計画の中心に位置づけられている。
- ICD-10 としては症候性の下肢麻痺/脱力に近い G83.1（下肢麻痺）が候補であり、DPC6「010310 脳の障害（その他）」に紐づく。
- ただし本入院全体としてみると、手術・全身麻酔・骨折治療に比して投入資源量は劣るため、最資源投入病名としては補助的な候補にとどまり、相対的優先度は低い。",x,,分岐なし（xのみ）,,x,,分岐なし（xのみ）,,97,その他の手術（2件のKコードが他パターンに非該当）,"K046(骨折観血的手術（前腕）), K000(周術期栄養管理実施加算)",x,処置等1の分岐なし,0,トリガーにマッチする処置コードなし,x,副傷病の分岐なし,,x,重症度の分岐なし (全 x),,010310xx97x0xx,"入院期間I:8日/2818点
入院期間II:16日/1999点
入院期間III:60日/1699点","入院日数8日
入院期間I:2818×8日=22544
合計:22544",22544,rejected,上位候補に劣る,,,,,,,,,,,
6935475,2026-05-23,2026-06-02,ok,80.3,C250,膵頭部癌（多発肝転移を伴う）,膵頭部癌,0.75,06007x,膵臓、脾臓の腫瘍,"1. 入院目的: 進行膵頭部癌・多発肝転移を背景とした腹痛・嘔吐精査加療および、腫瘍進展に伴う胆道・消化管合併症への対応。
2. 主病名: カルテで一貫して「＃膵頭部癌」「BR膵癌→UR-M膵癌」と記載されており、原発巣は膵頭部癌 C250 と判断。
3. 中心治療: 入院中も膵癌に起因する通過障害疑いの評価(GIF)、胆道狭窄進行に対するERCP・EBS再留置、抗菌薬SBT/ABPC投与など腫瘍関連合併症への集中治療。
・本入院は膵頭部癌進行に伴う腹痛・嘔吐・黄疸増悪という腫瘍関連症状への対処が主であり、症状の直接原因である胆道狭窄・胆管炎も膵頭部癌胆管浸潤として説明されている。
・ICD-10は解剖学的に膵頭部原発であり、遠隔転移（多発肝転移）は継発として扱うことから C250（膵頭部癌）が適切。
・DPC6は「06007x 膵臓、脾臓の腫瘍」が紐づき、進行膵癌に対する化学療法歴・CVポートなどとも整合し、本入院でも膵癌進行に起因する合併症管理として資源投入が行われている。
・鑑別は、今回入院の急性イベントとしてよりフォーカスされた「EBS閉塞性胆管炎(K830)」だが、その原因疾患としての膵頭部癌自体も、入院全体を通じた資源投入の根本疾患として候補に残す。",x,,分岐なし（xのみ）,,x,,分岐なし（xのみ）,,99,手術なし,,0,トリガーにマッチする処置コードなし,0,トリガーにマッチする処置コードなし,x,副傷病の分岐なし,,x,重症度の分岐なし (全 x),,06007xxx9900xx,"入院期間I:3日/3248点
入院期間II:9日/2364点
入院期間III:30日/2009点","入院日数11日
入院期間I:3248×3日=9744
入院期間II:2364×6日=14184
入院期間III:2009×2日=4018
合計:27946",27946,rejected,点数が低い (差 1393),,,,,,,,,,,
6935475,2026-05-23,2026-06-02,ok,80.3,K830,EBS閉塞性胆管炎（膵頭部癌胆管浸潤による）,急性胆管炎,0.85,060340,胆管（肝内外）結石、胆管炎,"1. 入院目的: 当初は膵頭部癌による十二指腸通過障害疑い精査入院であったが、経過中にEBS閉塞と肝胆道系酵素急上昇・発熱を認め、閉塞性胆管炎としてERCP・抗菌薬加療が入院資源の中心となった。
2. 主病名: 医師記録で明記された「# EBS閉塞性胆管炎」「閉塞性胆管炎が疑われ、SBT/ABPC 9.0g/day」「ERCP＋EBS交換」に対応する急性胆管炎として K830 を選択。
3. 中心治療: ERCPによるEBS抜去と胆管造影・新規ピッグテールステント2本留置、広域抗菌薬SBT/ABPC 9.0g/dayを5日間投与、血培×2採取、肝胆道系酵素・炎症反応フォローなど集中的な胆管炎治療。
・5/27のAST/ALT, γ-GTP, T-Bilの急上昇と5/28の発熱・好中球増加から、既存EBSの短期間閉塞に伴う閉塞性胆管炎エピソードと判断されている。
・ERCP報告にも「閉塞性胆管炎、膵癌胆管浸潤」と明記され、胆管狭窄部上流の拡張・胆汁排泄改善を目標に介入されており、臨床的には急性胆管炎エピソードとして扱われている。
・ICD-10は胆管炎に対する標準コード K830（急性胆管炎）が検索上妥当であり、結石の記載がないため結石関連コードは用いない。
・DPC6は「060340 胆管（肝内外）結石、胆管炎」が紐づき、ERCPやドレナージ関連Kコード群と整合性が高い。
・本入院で最も侵襲的かつ集中的な処置（ERCP＋ステント交換、静注抗生剤）とモニタリングが投下された急性イベントであり、最資源投入病名の有力候補となる。",x,,分岐なし（xのみ）,,x,,分岐なし（xのみ）,,99,手術なし,,x,処置等1の分岐なし,0,トリガーにマッチする処置コードなし,x,副傷病の分岐なし,,x,重症度の分岐なし (全 x),,060340xx99x0xx,"入院期間I:4日/3587点
入院期間II:8日/2289点
入院期間III:30日/1945点","入院日数11日
入院期間I:3587×4日=14348
入院期間II:2289×4日=9156
入院期間III:1945×3日=5835
合計:29339",29339,selected,,true,false,0.9,060340xx99x0xx,060340xx99x0xx,060340xx99x0xx,1000,同点候補あり,入院当初は膵頭部癌による通過障害疑いだが、その後5/27の肝胆道系酵素急上昇と5/28発熱を契機に「EBS閉塞性胆管炎」と診断され、ERCPによるステント抜去・再留置とSBT/ABPC静注5日間など、入院中の医療資源は胆管炎治療が中心となった。膵癌・肝転移は基礎疾患として位置づけられており、本入院の急性期治療ターゲットであるEBS閉塞性胆管炎（060340）が主病名として妥当。,,
6935475,2026-05-23,2026-06-02,ok,80.3,C787,膵癌肝転移,肝オリゴ転移,0.6,060050,肝・肝内胆管の悪性腫瘍（続発性を含む。）,"1. 入院目的: 進行膵癌・多発肝転移の化学療法中であり、今回入院もその進行に伴う胆道・消化管トラブルへの対応として位置づけられている。
2. 主病名: カルテで「膵癌、肝転移」「CTで原発・肝転移増大」と記載があり、肝病変は膵癌からの続発性肝転移と判断されるため、続発性肝悪性腫瘍としてC787を選択（悪性腫瘍の肝転移）。
3. 中心治療: 本入院中に肝転移へ直接の局所治療は行っていないが、長期にわたりGEM+nabPTX療法が継続されており、今回入院後も治療再開が計画されている。
・入院経過中の胆管炎・通過障害や腹痛は、肝転移を含めた腫瘍全体の進展（肝門部〜胆管周囲病変の増大）と関連していると考えられ、全身化した腫瘍負荷としての肝転移も医療資源投入の重要なターゲット。
・ICD-10は検索結果から肝続発性悪性腫瘍 C787 を選択し、原発 C250 とは別の候補として保持することで、原発巣と肝転移が異なるDPC6（膵腫瘍 vs 肝・肝内胆管悪性腫瘍）にマップされうる状況を担保する。
・DPC6は「060050 肝・肝内胆管の悪性腫瘍（続発性を含む。）」であり、肝転移巣への処置や今後の治療方針次第ではこちらが主病名となる可能性もある。
・本入院では急性胆管炎イベントが前景だが、進行肝転移に対する化学療法プログラム全体としてみれば、肝転移も相当の資源投入対象であり、候補として保持する価値がある。",x,,分岐なし（xのみ）,,x,,分岐なし（xのみ）,,99,手術なし,,0,トリガーにマッチする処置コードなし,0,トリガーにマッチする処置コードなし,0,トリガーに該当する副傷病なし,,x,重症度の分岐なし (全 x),,060050xx99000x,"入院期間I:4日/3286点
入院期間II:9日/2277点
入院期間III:30日/1936点","入院日数11日
入院期間I:3286×4日=13144
入院期間II:2277×5日=11385
入院期間III:1936×2日=3872
合計:28401",28401,rejected,点数が低い (差 938),,,,,,,,,,,
6935475,2026-05-23,2026-06-02,ok,80.3,K315,膵頭部癌による十二指腸通過障害疑い,十二指腸狭窄症,0.4,060130,食道、胃、十二指腸、他腸の炎症（その他良性疾患）,"1. 入院目的: 初期の入院目的は「膵頭部癌による十二指腸通過障害疑い」であり、腹痛・嘔吐の精査加療として絶食・補液管理とGIFによる評価が計画・実施された。
2. 主病名: カルテのアセスメントに「膵頭部癌増大による十二指腸の通過障害疑い」「通過障害による腸炎？」等の記載があり、悪性腫瘍による十二指腸狭窄・蠕動不良が入院時の中心仮診断であったため、近接コードとして十二指腸狭窄症 K315 を候補とする（実際にはGIFで明らかな狭窄は否定的）。
3. 中心治療: 入院初期に絶食・補液、GIF施行、栄養課相談、食事再開後の症状再燃観察など、数日間にわたり通過障害の有無と食形態調整に医療資源が投下された。
・GIF所見で「明らかな狭窄や腫瘍浸潤なし、通過障害は否定的」となっているため、確定診断としての「十二指腸狭窄症」は成立していないが、入院時にはこの病態を疑って絶食・内視鏡検査など実質的な資源が投入されている。
・DPCの考え方では、最終診断が否定的となっても、疑い病名に対して多くの資源が投下された場合には、そのカテゴリの包括コードを候補として保持してよい。
・ICD-10は通過障害の解剖学的フォーカスから十二指腸狭窄 K315 を代表とし、悪性腫瘍起因である点は診断名の表現（膵頭部癌による〜）で補う。
・DPC6「060130 食道、胃、十二指腸、他腸の炎症（その他良性疾患）」にマップされ、GIFや絶食管理などの資源投入が主としてこの病態評価のために行われたというシナリオを後続判定で検討可能にする目的で候補とする。",x,,分岐なし（xのみ）,,x,,分岐なし（xのみ）,,99,手術なし,,0,トリガーにマッチする処置コードなし,0,トリガーにマッチする処置コードなし,x,副傷病の分岐なし,,x,重症度の分岐なし (全 x),,060130xx9900xx,"入院期間I:3日/3217点
入院期間II:6日/2334点
入院期間III:30日/1984点","入院日数11日
入院期間I:3217×3日=9651
入院期間II:2334×3日=7002
入院期間III:1984×5日=9920
合計:26573",26573,rejected,点数が低い (差 2766),,,,,,,,,,,
6935475,2026-06-22,2026-07-03,ok,109.9,K830,急性閉塞性胆管炎,急性胆管炎,0.88,060340,胆管（肝内外）結石、胆管炎,"1. 入院目的: 発熱と心窩部痛を主訴に救急搬送され、画像で肝内胆管拡張を認め「閉塞性黄疸・閉塞性胆管炎」とされ、そのまま入院。
2. 主病名: カルテでは一貫して「閉塞性胆管炎」「急性胆管炎」と記載されており、ICD-10は急性胆管炎に対応するK830を選択。
3. 中心治療: 絶食・大量補液、広域抗菌薬の静注（ABPC/SBT→CTX→LVFX）、血培・感受性検査、肝胆道系酵素や炎症反応の連日フォロー、CT再検など、入院期間を通じて集中的に管理。
・発症契機も今回入院も胆道感染が主因であり、ERCP＋SEMS留置（K688）はこの胆管炎と閉塞の解除目的で施行されている。
・血液培養でGNR（Citrobacter baraakii）陽性となり、抗菌薬変更と投与期間10〜14日と計画されるなど、感染症としての治療資源投入が最も大きい。
・ICD-10 K830（急性胆管炎）は、膵癌に伴う閉塞でも胆道感染としての急性胆管炎を表現可能であり、詳細不明の閉塞性胆管炎として包括しうる。
・DPC6は060340（胆管結石・胆管炎）で、surgery_k_codesにK688（内視鏡的胆道ステント留置術）が含まれており、今回の主要Kコードと完全に整合する。胆管炎治療とERCP＋SEMS留置の組み合わせとして典型例。
・膵頭部癌は基礎疾患だが、今回の入院中に実際に最大の医療資源（緊急ERCP・抗菌薬・検査・モニタリング）が投下されたのは急性閉塞性胆管炎であり、最資源投入病名として最有力候補となる。",x,,分岐なし（xのみ）,,x,,分岐なし（xのみ）,,03,パターン 03（必須Kコード 1 マッチ）,K688(内視鏡的胆道ステント留置術),x,処置等1の分岐なし,0,トリガーにマッチする処置コードなし,0,副傷病なし（AI/EF探索で該当なし）,,x,重症度の分岐なし (全 x),,060340xx03x00x,"入院期間I:4日/3233点
入院期間II:7日/2294点
入院期間III:30日/1950点","入院日数12日
入院期間I:3233×4日=12932
入院期間II:2294×3日=6882
入院期間III:1950×5日=9750
合計:29564",29564,rejected,点数が低い (差 2010),,,,,,,,,,,
6935475,2026-06-22,2026-07-03,ok,109.9,C250,膵頭部癌,膵頭部癌,0.7,06007x,膵臓、脾臓の腫瘍,"1. 入院目的: もともと膵癌で総合腫瘍科にて化学療法中の患者であり、その進行に伴う胆道閉塞が背景にあることが明記されている。
2. 主病名: カルテで「膵癌」「膵頭部癌」と明記されており、ICD-10は部位が膵頭部とされているためC250（膵頭部癌）を選択。
3. 中心治療: 本入院中は膵癌そのものへの手術や化学療法は施行されていないが、既設のEBS閉塞や胆管炎に対しERCP・SEMS留置と抗菌薬治療が行われており、これらは膵頭部癌に起因する閉塞が根本原因。
・膵頭部癌は長期にわたり化学療法や胆道ドレナージなど多くの医療資源を要する原疾患であり、今回の胆管炎・閉塞性黄疸もこの悪性腫瘍の進行に伴う続発症と解釈できる。
・ICD-10 C250（膵頭部癌）は膵頭部の原発悪性腫瘍として妥当であり、カルテ記載と整合する。遠隔転移として転移性肝腫瘍も併存する。
・DPC6は06007x（膵臓、脾臓の腫瘍）で、化学療法や切除術などの高額資源が紐づく分類。今回入院中にはK688のみで膵切除はないものの、入院全体（化学療法継続や今後の治療計画）を通してみると、原疾患として最資源投入病名に選択されても矛盾はない。
・ただし今回の入院期間単独で見ると、直接の集中治療対象は閉塞性胆管炎のため、主傷病としての相対順位は胆管炎よりやや下と評価する。",x,,分岐なし（xのみ）,,x,,分岐なし（xのみ）,,97,その他の手術（1件のKコードが他パターンに非該当）,K688(内視鏡的胆道ステント留置術),x,処置等1の分岐なし,0,トリガーにマッチする処置コードなし,x,副傷病の分岐なし,,x,重症度の分岐なし (全 x),,06007xxx97x0xx,"入院期間I:5日/3237点
入院期間II:10日/2297点
入院期間III:30日/1952点","入院日数12日
入院期間I:3237×5日=16185
入院期間II:2297×5日=11485
入院期間III:1952×2日=3904
合計:31574",31574,selected,,true,false,0.82,06007xxx97x0xx,06007xxx97x0xx,06007xxx97x0xx,1000,同点候補あり,入院目的は発熱・腹痛で、総合腫瘍科・救急カルテでは「膵癌に対して抗癌剤治療中」「膵頭部癌」「転移性肝腫瘍」と記載され、今回の閉塞性黄疸・閉塞性胆管炎の背景原因として膵頭部癌が明示されている。K688 ERCP＋SEMSは膵頭部癌による胆道閉塞への対処であり、原発巣である膵頭部癌（06007x）を転移性肝腫瘍より優先して主病名とするのがDPC原則に合致する。,,
6935475,2026-06-22,2026-07-03,ok,109.9,C787,転移性肝腫瘍,転移性肝腫瘍,0.55,060050,肝・肝内胆管の悪性腫瘍（続発性を含む。）,"1. 入院目的: 初診時評価で「膵癌」「転移性肝腫瘍」と併記されており、進行膵癌に伴う肝転移を背景に全身状態悪化・腹痛などの症状をきたしている。
2. 主病名: カルテに「転移性肝腫瘍」と記載があり、原発は膵癌であることからICD-10はC787（転移性肝腫瘍）を選択。
3. 中心治療: 今回入院中、肝転移そのものへの局所治療や手術は行われていないが、肝機能障害（AST/ALT高値、ビリルビン上昇）の一部は肝転移と胆道閉塞の双方に関連しており、画像評価や肝胆道系酵素の連日モニタリングなどの資源が投下されている。
・進行膵癌に伴う多発肝転移は予後や症状コントロールに大きく影響し、全身化学療法の適応判断など長期的医療資源の大きな焦点となる病態である。
・ICD-10 C787は「転移性肝腫瘍」を正確に表現し、カルテ用語と完全に一致する。
・DPC6は060050（肝・肝内胆管の悪性腫瘍（続発性を含む。））であり、肝転移に対する切除やRFA等の高侵襲治療まで含む分類だが、今回入院では実施されていないため、急性胆管炎や膵頭部癌に比べると今回入院における資源投入は相対的に少ない。
・それでも進行癌入院のストーリー全体では治療方針決定の軸となる病態であり、最資源投入病名候補として保持する価値はあると判断する。",x,,分岐なし（xのみ）,,x,,分岐なし（xのみ）,,97,その他の手術（1件のKコードが他パターンに非該当）,K688(内視鏡的胆道ステント留置術),x,処置等1の分岐なし,0,トリガーにマッチする処置コードなし,x,副傷病の分岐なし,,x,重症度の分岐なし (全 x),,060050xx97x0xx,"入院期間I:5日/3216点
入院期間II:10日/2311点
入院期間III:30日/1964点","入院日数12日
入院期間I:3216×5日=16080
入院期間II:2311×5日=11555
入院期間III:1964×2日=3928
合計:31563",31563,rejected,点数が低い (差 11),,,,,,,,,,,
6935475,2026-06-22,2026-07-03,ok,109.9,A41.5,Citrobacter baraakii菌血症,グラム陰性菌敗血症,0.6,180010,敗血症,"1. 入院目的: 発熱・腹痛で救急搬送され、血液培養でGNR（Citrobacter baraakii）陽性となり、抗菌薬の選択と投与期間（10〜14日）が検討されている。
2. 主病名: カルテで「血培　→Citrobacter baraakiiを好気ボトルで検出」とあり、閉塞性胆管炎に伴うGNR菌血症／敗血症として管理されていると解釈できる。ICD-10はグラム陰性菌による敗血症を表すA41.5を選択。
3. 中心治療: 広域抗菌薬の静注から経口への切り替えまで、感受性結果を踏まえて薬剤変更を繰り返し、投与期間も延長している点から、全身性感染症としての管理に一定の医療資源が投下されている。
・急性閉塞性胆管炎が感染巣でありつつ、GNR血培陽性をもって全身性感染（菌血症／敗血症）として扱っている経過であり、ICU管理こそないが、血行動態も境界的で慎重なモニタリングが行われている。
・ICD-10 A41.5（グラム陰性菌敗血症）は、起因菌Citrobacterを特定できるグラム陰性菌敗血症として臨床像に整合する。
・DPC6は180010（敗血症）であり、重症管理時には大きな点数を持つ分類。今回は胆管炎の局所診断(DPC060340)とのどちらを主とみなすかが争点となりうるため、敗血症側の候補として本コードを保持する。
・ただし本症例では診断名としては「閉塞性胆管炎」が強調されており、全身性敗血症としての明示はなく、資源投入の主眼も局所感染と胆道ドレナージであるため、相対順位はやや低めとする。",x,,分岐なし（xのみ）,,x,年齢,年齢 の値を取得できず,,,,,,,,,,,,,,,,,,,,,,,,,,,,,,,
6935475,2026-06-22,2026-07-03,ok,109.9,L27.0,セフォタキシムによる薬疹（蕁麻疹）,全身投与による薬疹,0.45,080100,薬疹、中毒疹,"1. 入院目的: 胆管炎治療の途中でCTX（セフォタキシム）点滴開始後、「夕の抗生剤投与から上半身の発赤と皮膚の熱感」「昨日は上半身にじんま疹が出た」と記載され、抗菌薬アレルギー反応が疑われた。
2. 主病名: 抗菌薬（セフォタキシム）による全身性の蕁麻疹様薬疹と判断でき、ICD-10は全身投与薬による薬疹を表すL27.0を選択。
3. 中心治療: 原因薬剤の中止とLVFXへの変更が行われており、追加のステロイドやアドレナリン等の重篤な対応は記載されていないが、抗菌薬レジメンの再構成という意味で治療計画に影響を与えている。
・本入院の主要資源投入対象はあくまで胆管炎・感染症であるが、その治療過程で生じた薬疹は手術・処置の合併症と同様、場合によっては資源投入病名候補になりうる。
・ICD-10 L27.0は「全身に投与された薬物による皮膚および粘膜の皮膚炎」を示し、CTX点滴後の全身蕁麻疹像に合致する。
・DPC6は100380（その他の皮膚疾患）であり、今回入院では胆管炎DPCや敗血症DPCに比べると、薬疹に対する追加資源投入は限定的であるため、最資源投入病名としての可能性は低いが、治療経過に影響を与えた合併症として補助候補に留める。",x,,分岐なし（xのみ）,,x,,分岐なし（xのみ）,,xx,パターン xx,,0,トリガーにマッチする処置コードなし,x,処置等2の分岐なし,0,副傷病なし（AI/EF探索で該当なし）,,x,重症度の分岐なし (全 x),,080100xxxx0x0x,"入院期間I:4日/3033点
入院期間II:9日/2176点
入院期間III:30日/1849点","入院日数12日
入院期間I:3033×4日=12132
入院期間II:2176×5日=10880
入院期間III:1849×3日=5547
合計:28559",28559,rejected,点数が低い (差 3015),,,,,,,,,,,
6946430,2026-05-27,2026-06-01,ok,33.2,I48.0,発作性心房細動,発作性心房細動,0.9,050070,頻脈性不整脈,"- 入院目的: 発作性心房細動（Paf）の精査加療およびカテーテルアブレーション（redo PVI）目的の入院。
- 主病名: 発作性心房細動 → ICD-10 I48.0（発作性心房細動）。
- 中心治療: 経皮的カテーテル心筋焼灼術（K595）によるPVI再施行、周術期モニタリング（D220ほか各種検査）。
- K595は心房細動など頻脈性不整脈に対するカテーテルアブレーションであり、本入院の最大の医療資源はPafに対して投入されている。
- 心房細動はホルターで発作を確認済みであり、胸痛・動悸など症状とも合致するため、確定診断としてI48.0が妥当。
- I48.0はDPC6「050070 頻脈性不整脈」に紐づき、その手術Kコード群にK5951/5952が含まれており、EF上のK595と高い整合性がある。
- 洞不全症候群も併存するが、本入院で実際に行われたのはPafへの介入であり、PMIは将来の可能性として説明レベルのため、主たる資源投入先としてPafが優位。",x,,分岐なし（xのみ）,,x,,分岐なし（xのみ）,,97,その他の手術（1件のKコードが他パターンに非該当）,K595(経皮的カテーテル心筋焼灼術（心房中隔穿刺又は心外膜アプローチを伴うもの）),0,トリガーにマッチする処置コードなし,0,トリガーにマッチする処置コードなし,x,副傷病の分岐なし,,x,重症度の分岐なし (全 x),,050070xx9700xx,"入院期間I:5日/3160点
入院期間II:9日/2242点
入院期間III:30日/1905点","入院日数6日
入院期間I:3160×5日=15800
入院期間II:2242×1日=2242
合計:18042",18042,selected,,false,false,,050070xx9700xx,,050070xx9700xx,1000,同点候補なし,,,
6946430,2026-05-27,2026-06-01,ok,33.2,I49.5,洞不全症候群,洞不全症候群,0.65,050210,徐脈性不整脈,"- 入院目的: Paf精査加療を主目的としつつ、ホルターで最大3.5秒の洞停止を認め、洞不全症候群も診断されている。
- 主病名: 洞不全症候群 → ICD-10 I49.5（洞不全症候群）。
- 中心治療: 今回入院では主としてPafへのアブレーションだが、洞停止評価のためのホルター、心電図、血液検査、周術期モニタリングなどが行われており、将来的なPMIの可能性も説明されている。
- 洞不全症候群そのものに対する直接処置（ペースメーカー植込みK552x）は今回未実施だが、洞停止がアブレーション適応や周術期管理に大きく関与しており、徐脈性不整脈として相応の資源が間接的に投入されている。
- I49.5はDPC6「050210 徐脈性不整脈」に紐づき、その手術KコードにK5522/5523（PMI）が含まれ、今回PMIに至ればこちらが主傷病となり得た近接候補であるため、最資源投入病名の代替候補として保持する。",x,,分岐なし（xのみ）,,x,,分岐なし（xのみ）,,97,その他の手術（1件のKコードが他パターンに非該当）,K595(経皮的カテーテル心筋焼灼術（心房中隔穿刺又は心外膜アプローチを伴うもの）),0,トリガーにマッチする処置コードなし,0,トリガーにマッチする処置コードなし,x,副傷病の分岐なし,,x,重症度の分岐なし (全 x),,050210xx9700xx,"入院期間I:4日/3063点
入院期間II:9日/2173点
入院期間III:30日/1847点","入院日数6日
入院期間I:3063×4日=12252
入院期間II:2173×2日=4346
合計:16598",16598,rejected,点数が低い (差 1444),,,,,,,,,,,
6960339,2026-06-08,2026-06-30,ok,65.6,I340,僧帽弁閉鎖不全症（重症DMR）,僧帽弁閉鎖不全症,0.86,050080,弁膜症（連合弁膜症を含む。）,"1. 入院目的: 労作時息切れを主訴とする3+以上の変性僧帽弁閉鎖不全（DMR）に対するM‑TEER施行目的の計画入院。
2. 主病名: 僧帽弁閉鎖不全症（DMR）→ I340（僧帽弁閉鎖不全症）。
3. 中心治療: K559 経皮的僧帽弁クリップ術（M‑TEER）、全身麻酔、術中TEE監視、心大血管リハ、周術期管理。
・EF上のK559は重症僧帽弁閉鎖不全そのものを標的とする高額・高侵襲のカテーテル治療であり、本入院最大の医療資源投入先。
・カルテで一貫して「重症DMRに対してM‑TEER施行」と記載され、本来予定されていた入院の中心イベント。
・僧帽弁以外の弁病変は中等症ASであり、現時点では経過観察のみで手術は実施されていない。
・ICD-10はリウマチ・先天性の記載がないため、非リウマチ性後天性僧帽弁閉鎖不全として I340 が妥当。
・DPC6 050080（弁膜症）はK559を手術分岐に含み、弁膜症に対するM‑TEERと整合する。",x,,分岐なし（xのみ）,,x,,分岐なし（xのみ）,,97,その他の手術（1件のKコードが他パターンに非該当）,K559(経皮的僧帽弁クリップ術),x,処置等1の分岐なし,0,トリガーにマッチする処置コードなし,x,副傷病の分岐なし,,x,重症度の分岐なし (全 x),,050080xx97x0xx,"入院期間I:7日/3272点
入院期間II:17日/2331点
入院期間III:60日/1981点","入院日数23日
入院期間I:3272×7日=22904
入院期間II:2331×10日=23310
入院期間III:1981×6日=11886
合計:58100",58100,rejected,点数が低い (差 1927),,,,,,,,,,,
6960339,2026-06-08,2026-06-30,ok,65.6,I710,M-TEER術後急性大動脈解離（Stanford B）,急性大動脈解離ＳｔａｎｆｏｒｄＢ,0.84,050161,大動脈解離,"1. 入院目的: 当初はM‑TEER目的だが、術中TEE操作を契機にStanford B型の急性大動脈解離を発症し、その後入院管理の中心となった。
2. 主病名: M‑TEER術後急性大動脈解離（Stanford B）→ I710（急性大動脈解離、Stanford B）。
3. 中心治療: 動脈ライン留置での連日観血的動脈圧測定、降圧薬（ニカルジピン等）による厳格な血圧管理、連日の心大血管リハ、頻回の造影/単純CTフォロー、疼痛コントロール、長期モニタリング。
・術中に偶発した重大合併症であり、その後HCU帰室、長期の血圧管理とCTフォロー、背部痛評価など入院の大半がこの解離管理に費やされている。
・Stanford Bで手術は行っていないが、侵襲的モニタリングと薬物療法・画像検査が継続され、医療資源投入は非常に大きい。
・カルテで「M-TEER術後急性大動脈解離（stanford B）」と明記されており、I710の下位「Stanford B」表現が最も近い。
・DPC6 050161（大動脈解離）は急性大動脈解離I710と対応し、必要Kコード群とも整合する（本症例では保存的治療分岐）。",x,,分岐なし（xのみ）,,x,,分岐なし（xのみ）,,97,その他の手術（1件のKコードが他パターンに非該当）,K559(経皮的僧帽弁クリップ術),x,処置等1の分岐なし,0,トリガーにマッチする処置コードなし,x,副傷病の分岐なし,,x,重症度の分岐なし (全 x),,050161xx97x0xx,"入院期間I:8日/3402点
入院期間II:20日/2255点
入院期間III:60日/1917点","入院日数23日
入院期間I:3402×8日=27216
入院期間II:2255×12日=27060
入院期間III:1917×3日=5751
合計:60027",60027,selected,,false,false,,050161xx97x0xx,,050161xx97x0xx,1000,同点候補なし,,,
6960339,2026-06-08,2026-06-30,ok,65.6,I500,慢性うっ血性心不全,慢性うっ血性心不全,0.65,050130,心不全,"1. 入院目的: 労作時息切れを有する心不全患者として評価され、「慢性うっ血性心不全」を主要診断に掲げたうえでM‑TEER適応を検討・施行する入院。
2. 主病名: 慢性うっ血性心不全→ I500（慢性うっ血性心不全）。
3. 中心治療: 心機能評価（経胸壁心エコー、BNP/NT-proBNP測定）、酸素吸入、心大血管疾患リハビリ、血圧・心拍の厳格管理、AF出現時のリズム/レートコントロールなど。
・僧帽弁閉鎖不全・大動脈弁狭窄症を背景とした心不全が本入院の基礎病態であり、M‑TEERも心不全症状改善を目的とする治療である。
・カルテの診断名#1として「慢性うっ血性心不全」が一貫して掲げられており、全経過を通じて管理対象となっている。
・EFには心不全特異的Kコードはないが、心大血管リハ（H000群）、心機能評価検査やNT‑proBNP測定など心不全管理としての資源投入が行われている。
・ICD‑10は高血圧性・リウマチ性の記載がなく、器質的弁膜症由来の慢性うっ血性心不全としてI500が適合。
・DPC6 050130（心不全）は心不全入院として代表的な分類であり、弁膜症手術を伴う心不全入院としても運用されうる。",x,,分岐なし（xのみ）,,x,,分岐なし（xのみ）,,97,その他の手術（1件のKコードが他パターンに非該当）,K559(経皮的僧帽弁クリップ術),0,トリガーにマッチする処置コードなし,0,"処置等2=0: H000(心大血管疾患リハビリテーション料（１）（１単位）（理学療法士による場合）)[レセ電=180744210, 実施日=2026-06-16;2026-06-17;2026-06-19;2026-06-22;2026-06-23;2026-06-24;2026-06-25;2026-06-29], H000(心大血管疾患リハビリテーション料（１）（１単位）（看護師による場合）)[レセ電=180744510, 実施日=2026-06-18;2026-06-26;2026-06-27;2026-06-28]",0,トリガーに該当する副傷病なし,,x,重症度の分岐なし (全 x),,050130xx97000x,"入院期間I:9日/3140点
入院期間II:18日/2264点
入院期間III:60日/1924点","入院日数23日
入院期間I:3140×9日=28260
入院期間II:2264×9日=20376
入院期間III:1924×5日=9620
合計:58256",58256,rejected,点数が低い (差 1771),,,,,,,,,,,
6960339,2026-06-08,2026-06-30,ok,65.6,I480,発作性心房細動,発作性心房細動,0.42,050070,頻脈性不整脈,"1. 入院目的: 当初目的ではないが、入院中に2回の発作性心房細動を発症し、血圧低下や動悸の原因となって循環管理・退院時薬物調整の中心病態の一つとなった。
2. 主病名: 発作性心房細動→ I480（発作性心房細動）。
3. 中心治療: アミオダロン静注によるリズムコントロール、β遮断薬調整、DOACによる抗凝固療法開始・継続、連日心電図監視。
・6/13および6/23以降にAF発作が記録され、血圧低下や症状に対してアミオダロン導入など追加管理が必要となり、入院期間の一部で治療の主題となった。
・AS合併によりAF時に血圧が下がりやすく、大動脈解離の血圧管理とも相まって管理は複雑で、薬物調整・モニタリングに相応の資源を要している。
・ICD‑10上は一過性ながら文面で明確に「発作性心房細動」と記載されており、I480が適合。
・DPC6 050070（頻脈性不整脈）はアミオダロン投与やカテーテルアブレーションKコードを含むグループであり、今回は薬物療法のみだが、AF管理が独立した資源投入先として成立している。",x,,分岐なし（xのみ）,,x,,分岐なし（xのみ）,,97,その他の手術（1件のKコードが他パターンに非該当）,K559(経皮的僧帽弁クリップ術),0,トリガーにマッチする処置コードなし,0,トリガーにマッチする処置コードなし,x,副傷病の分岐なし,,x,重症度の分岐なし (全 x),,050070xx9700xx,"入院期間I:5日/3160点
入院期間II:9日/2242点
入院期間III:30日/1905点","入院日数23日
入院期間I:3160×5日=15800
入院期間II:2242×4日=8968
入院期間III:1905×14日=26670
合計:51438",51438,rejected,点数が低い (差 8589),,,,,,,,,,,
6961622,2026-06-30,2026-07-09,ok,75.2,I208,労作性狭心症,労作性狭心症,0.9,050050,狭心症、慢性虚血性心疾患,"1. 入院目的: AS精査および冠動脈精査・ad hoc PCI 目的での入院。
2. 主病名: カルテ上「労作性狭心症疑い」。冠動脈CTでLAD#6-7/#14狭窄、RFR 0.74と機能的有意狭窄を認め、LAD#6-7に対してPCI施行 → 虚血性狭心症としてI208（労作性狭心症）が最も整合的。
3. 中心治療: 冠動脈CT（冠動脈CT撮影加算）、心電図、心エコー等に加え、K548 経皮的冠動脈形成術（アテローム切除アブレーション式）を施行。心大血管リハビリ、呼吸心拍監視など心疾患治療に伴う資源投入が集中。
- PCIの直接対象はLAD#6-7の75%狭窄であり、入院中最大の侵襲的処置。
- 狭心症は症候（労作時呼吸苦・易疲労感）の主原因候補であり、PCI完遂までの検査・モニタリング・DAPT導入など多くの医療資源が投下された。
- I208はDPC6「050050 狭心症、慢性虚血性心疾患」にマップされ、当該DPC6のsurgery_k_codesにK548x/K549xが含まれ、今回のK548と完全に整合。
- 競合として大動脈弁狭窄症（I350）もあるが、本入院ではTAVIは未施行であり、実際の侵襲的治療は冠動脈病変に対して行われている点で、本疾患の方が今回入院の資源集中度が高い。",x,,分岐なし（xのみ）,,x,,分岐なし（xのみ）,,97,その他の手術（1件のKコードが他パターンに非該当）,K548(経皮的冠動脈形成術（特殊カテーテルによるもの）（アテローム切除アブレーション式血管形成術用カテーテルによるもの）),x,処置等1の分岐なし,0,トリガーにマッチする処置コードなし,x,副傷病の分岐なし,,x,重症度の分岐なし (全 x),,050050xx97x0xx,"入院期間I:3日/4085点
入院期間II:7日/2612点
入院期間III:30日/2220点","入院日数10日
入院期間I:4085×3日=12255
入院期間II:2612×4日=10448
入院期間III:2220×3日=6660
合計:29363",29363,selected,,true,true,0.9,050080xx97x0xx,050050xx97x0xx,050050xx97x0xx,1000,同点候補あり,入院目的は「AS精査、冠動脈に対するad hoc PCI」で両者あるが、本入院中に実際に施行された侵襲的治療はK548によるPCIのみで、そのターゲットはLAD#6-7の有意狭窄である。カルテでもCCTA→PCIまでの一連の流れが狭心症（虚血性心疾患）加療として詳細に記載されており、医療資源投入の中心は狭心症側にある。ASはTAVI精査・方針検討に留まり、決定的治療は次回入院予定であるため、本入院の主病名はDPC6=050050の労作性狭心症と判断する。,,
6961622,2026-06-30,2026-07-09,ok,75.2,I350,大動脈弁狭窄症,大動脈弁狭窄症,0.78,050080,弁膜症（連合弁膜症を含む。）,"1. 入院目的: 「AS精査、冠動脈に対するad hoc PCI」が明記され、重症化した大動脈弁狭窄症の評価と今後のTAVI適応検討が主要目的の一つ。
2. 主病名: カルテ診断名＃1として「大動脈弁狭窄症」が反復記載され、TTE所見（AS 4.8/57/0.57）から重症ASと判断されているため、ICD-10はI350 大動脈弁狭窄症が妥当。
3. 中心治療: 今回入院中にTAVIは未施行だが、心エコー、CCTA、下肢動脈・腹部大動脈評価など、TAVI戦略立案のための多くの検査・画像診断が実施されている。
- 透析患者・高齢・小柄などリスク要因を踏まえたTAVI方針検討（アプローチ血管選択、Sentinel困難など）が継続的に議論され、本疾患は入院全体の治療計画の中心テーマ。
- 実際の手術は次回入院（8/4 TAVI予定）に持ち越しだが、TAVIに向けた精査自体も相応の医療資源を要しており、今回入院の主病態候補として成立。
- I350はDPC6「050080 弁膜症」に対応し、将来施行予定のTAVI関連Kコード（K555x, K599x等）と整合しうる分類であり、心血管リハやモニタリングもAS由来の症状・リスク評価の一部として解釈可能。
- 一方、本入院での侵襲的治療の主対象は冠動脈病変であるため、資源投入量の観点では狭心症（I208/I251）よりやや劣ると評価。",x,,分岐なし（xのみ）,,x,,分岐なし（xのみ）,,97,その他の手術（1件のKコードが他パターンに非該当）,K548(経皮的冠動脈形成術（特殊カテーテルによるもの）（アテローム切除アブレーション式血管形成術用カテーテルによるもの）),x,処置等1の分岐なし,0,トリガーにマッチする処置コードなし,x,副傷病の分岐なし,,x,重症度の分岐なし (全 x),,050080xx97x0xx,"入院期間I:7日/3272点
入院期間II:17日/2331点
入院期間III:60日/1981点","入院日数10日
入院期間I:3272×7日=22904
入院期間II:2331×3日=6993
合計:29897",29897,rejected,LLMタイブレーカーで非選定,,,,,,,,,,,
6961622,2026-06-30,2026-07-09,ok,75.2,N185,末期腎不全・維持透析中,慢性腎不全・維持透析中,0.65,110280,慢性腎炎症候群・慢性間質性腎炎・慢性腎不全,"1. 入院目的: 主目的はAS/冠動脈疾患だが、患者はCKDG5Dの末期腎不全であり、入院中も月水金で維持透析を継続している点から、腎不全管理も恒常的な資源投入対象。
2. 主病名: 診断名＃3「末期腎不全、維持透析（月水金）（右上腕表在化）」と明記されており、維持透析中末期腎不全としてN185（慢性腎不全・維持透析中）が最も合致。
3. 中心治療: J038 人工腎臓（慢性維持透析）、透析液水質確保加算、腎代替療法診療体制充実加算などが入院期間を通じて繰り返し算定されており、時間的・人的資源を大きく消費している。
- 末期腎不全自体は今回入院の直接契機ではないが、入院中も継続的な透析治療が不可欠であり、診療報酬上も大きな比重を占めるため、最資源投入病名候補として成立。
- N185はDPC6「110280 慢性腎炎症候群・慢性間質性腎炎・慢性腎不全」に対応し、維持透析関連K・Jコード（血管アクセス形成や透析手技など）との整合も良好。
- 心疾患群に比べると今回入院の主たる目的ではないためprimary_likelihoodは劣るが、「透析入院に近い負荷」を持つ背景疾患として、候補として保持する価値が高い。",x,,分岐なし（xのみ）,,x,,分岐なし（xのみ）,,97,その他の手術（1件のKコードが他パターンに非該当）,K548(経皮的冠動脈形成術（特殊カテーテルによるもの）（アテローム切除アブレーション式血管形成術用カテーテルによるもの）),x,処置等1の分岐なし,0,トリガーにマッチする処置コードなし,0,副傷病なし（AI/EF探索で該当なし）,,x,重症度の分岐なし (全 x),,110280xx97x00x,"入院期間I:6日/3004点
入院期間II:11日/2131点
入院期間III:30日/1811点","入院日数10日
入院期間I:3004×6日=18024
入院期間II:2131×4日=8524
合計:26548",26548,rejected,点数が低い (差 3349),,,,,,,,,,,
6961622,2026-06-30,2026-07-09,ok,75.2,I10,本態性高血圧症,本態性高血圧症,0.45,050140,高血圧性疾患,"1. 入院目的: 直接の入院目的ではないが、入院中を通じて血圧150-170/75-90mmHgと高値が持続し、降圧薬の追加・増量が繰り返し検討されている。
2. 主病名: 既往歴・診断名に「高血圧症」と記載があり、特定の二次性高血圧の記載がないため、本態性高血圧症としてI10が最も一般的。
3. 中心治療: 高血圧コントロールのため、入院中に降圧薬の追加・増量が行われており、心血管イベント予防の観点から継続的なモニタリングと薬剤調整が資源投入として存在。
- 高血圧はASや冠動脈疾患の重要な危険因子であり、PCIや将来のTAVIに向けた周術期リスク管理の一部を構成している。
- ただし、高血圧自体を目的とした高度な処置や検査は行われておらず、資源投入の中心はAS/冠動脈疾患および透析にあるため、候補群の中ではやや補助的な位置づけ。
- I10はDPC6「050140 高血圧性疾患」に対応し、心血管系管理全体のフレームとして適合するが、K548とは直接結びつかないため、主傷病よりは併存症候補としての意味合いが強い。",x,,分岐なし（xのみ）,,x,,分岐なし（xのみ）,,97,その他の手術（1件のKコードが他パターンに非該当）,K548(経皮的冠動脈形成術（特殊カテーテルによるもの）（アテローム切除アブレーション式血管形成術用カテーテルによるもの）),x,処置等1の分岐なし,0,トリガーにマッチする処置コードなし,x,副傷病の分岐なし,,x,重症度の分岐なし (全 x),,050140xx97x0xx,"入院期間I:7日/3171点
入院期間II:15日/2216点
入院期間III:60日/1884点","入院日数10日
入院期間I:3171×7日=22197
入院期間II:2216×3日=6648
合計:28845",28845,rejected,点数が低い (差 1052),,,,,,,,,,,
6962674,2026-05-12,2026-06-01,ok,42.0,I48.9,徐脈性心房細動,徐脈性心房細動,0.78,050070,頻脈性不整脈,"1. 入院目的: 徐脈性心房細動に対するリードレスペースメーカ植込み目的の入院と判断される。
2. 主病名: カルテに「術前診断：徐脈性心房細動」と明記されており、これを徐脈性心房細動（I48.9）として符号化。
3. 中心治療: K597 ペースメーカー移植術（リードレスペースメーカー）、K595 経皮的カテーテル心筋焼灼術、連日のモニタリング・心電図・採血等。
- ペースメーカー植込みおよび心筋焼灼術という高侵襲・高コストの手技の直接の対象病態が徐脈性心房細動であり、入院資源投入の中心と考えられる。
- ICD-10 上、徐脈性心房細動は I48.9 にマッピングされ、検索結果で DPC6「050070 頻脈性不整脈」に対応しており、同DPC6にペースメーカー関連Kコード（K597-2, K5971-3 など）が登録されている点からも整合的。
- 他の徐脈性不整脈（洞不全症候群や房室ブロック）もペースメーカー適応疾患だが、本症例では術前・術後診断として明確に徐脈性心房細動と記載されており、これを主病名候補として最も重視する。
- DPC6 レベルでは頻脈性不整脈グループに入るが、実際には徐脈優位の心房細動としてペースメーカ植込みに至っており、K597 との対応からも同グループでのコーディングは妥当と判断した。",x,,分岐なし（xのみ）,,x,,分岐なし（xのみ）,,97,その他の手術（2件のKコードが他パターンに非該当）,"K595(経皮的カテーテル心筋焼灼術（心房中隔穿刺又は心外膜アプローチを伴うもの）), K597(ペースメーカー移植術（リードレスペースメーカーの場合）)",0,トリガーにマッチする処置コードなし,0,トリガーにマッチする処置コードなし,x,副傷病の分岐なし,,x,重症度の分岐なし (全 x),,050070xx9700xx,"入院期間I:5日/3160点
入院期間II:9日/2242点
入院期間III:30日/1905点","入院日数21日
入院期間I:3160×5日=15800
入院期間II:2242×4日=8968
入院期間III:1905×12日=22860
合計:47628",47628,selected,,false,false,,050070xx9700xx,,050070xx9700xx,1000,同点候補なし,,,
6962674,2026-05-12,2026-06-01,ok,42.0,I49.5,洞不全症候群（洞機能不全症候群）,洞不全症候群,0.55,050210,徐脈性不整脈,"1. 入院目的: 徐脈性心房細動として記載されているが、実質的には徐脈優位の洞機能障害やペースメーカー適応となる徐脈性不整脈群の一つとして入院。
2. 主病名: 洞不全症候群（洞機能不全症候群、I49.5）は、徐脈性不整脈の代表的疾患であり、ペースメーカー植込みの主要適応疾患として臨床的に隣接。
3. 中心治療: K597 ペースメーカー移植術（リードレスペースメーカー）、K595 経皮的カテーテル心筋焼灼術、心拍監視や心電図検査。
- EF上 K597（リードレスペースメーカー）とK595（心筋焼灼術）が実施されており、検索結果では洞不全症候群 I49.5 に DPC6「050210 徐脈性不整脈」が対応し、そのDPC6の surgery_k_codes に K597群が含まれているため、DPC的に最も典型的なマッピングの一つ。
- カルテ病名は「徐脈性心房細動」であるが、コーディング上は徐脈性不整脈の包括的代表として洞不全症候群を用いる施設運用もありうるため、資源投入病名候補として保持する価値がある。
- 徐脈性心房細動候補との差は、徐脈の主座を洞機能障害と捉えるか、心房細動に伴う徐脈と捉えるかという病態整理の違いであり、どちらに資源投入を紐づけるかが施設裁量に近い部分である。",x,,分岐なし（xのみ）,,x,,分岐なし（xのみ）,,97,その他の手術（2件のKコードが他パターンに非該当）,"K595(経皮的カテーテル心筋焼灼術（心房中隔穿刺又は心外膜アプローチを伴うもの）), K597(ペースメーカー移植術（リードレスペースメーカーの場合）)",0,トリガーにマッチする処置コードなし,0,トリガーにマッチする処置コードなし,x,副傷病の分岐なし,,x,重症度の分岐なし (全 x),,050210xx9700xx,"入院期間I:4日/3063点
入院期間II:9日/2173点
入院期間III:30日/1847点","入院日数21日
入院期間I:3063×4日=12252
入院期間II:2173×5日=10865
入院期間III:1847×12日=22164
合計:45281",45281,rejected,点数が低い (差 2347),,,,,,,,,,,
6964692,2026-06-30,2026-07-08,ok,34.7,K803,総胆管結石性胆管炎,総胆管結石性胆管炎,0.9,060340,胆管（肝内外）結石、胆管炎,"1. 入院目的: 胆管炎疑いにて入院し、画像で乳頭部の総胆管結石を認め、治療目的で入院。
2. 主病名: カルテ上「総胆管結石性胆管炎」と明記されており、総胆管結石に伴う胆管炎として K803 が適合。
3. 中心治療: 点滴・抗菌薬等の保存的加療、呼吸心拍モニタリング、各種採血・画像検査に加え、K687（内視鏡的乳頭切開術＋バルーン内視鏡加算）によるDB-ERCP施行。
- 胆道エコーで総胆管拡張（21mm）、乳頭部に7mmの結石、発熱・CRP高値など胆管炎所見があり、結石除去目的でDB-ERCPが行われていることから、当該疾患が手術・処置の直接対象。
- K803 は胆管結石に起因する胆管炎を表し、本症例の病態（総胆管結石＋胆管炎）と合致。
- DPC6「060340 胆管（肝内外）結石、胆管炎」は胆管結石/胆管炎とその内視鏡的治療を包含し、関連手術KコードにK6871/2/3が含まれ、本症例のK687（DB-ERCP）が整合。
- 入院全期間を通じて経過観察・採血フォロー・発熱や下痢のモニタリングが行われ、医療資源投入の中心病態となっているため、最資源投入病名として非常に有力。",x,,分岐なし（xのみ）,,x,,分岐なし（xのみ）,,97,その他の手術（2件のKコードが他パターンに非該当）,"K687(内視鏡的乳頭切開術（乳頭括約筋切開のみのもの）), K687(バルーン内視鏡加算)",x,処置等1の分岐なし,0,トリガーにマッチする処置コードなし,x,副傷病の分岐なし,,x,重症度の分岐なし (全 x),,060340xx97x0xx,"入院期間I:6日/3359点
入院期間II:12日/2406点
入院期間III:30日/2045点","入院日数9日
入院期間I:3359×6日=20154
入院期間II:2406×3日=7218
合計:27372",27372,selected,,false,false,,060340xx97x0xx,,060340xx97x0xx,1000,同点候補なし,,,
6964692,2026-06-30,2026-07-08,ok,34.7,K851,胆石性膵炎疑い（膵炎否定的経過）,胆石性膵炎,0.4,060350,急性膵炎、被包化壊死,"1. 入院目的: 胆管結石による胆管炎精査・治療中に、DB-ERCP後に心窩部痛とアミラーゼ著明上昇を認め、膵炎の可能性が経過中に問題となった。
2. 主病名: 術後に血清アミラーゼ367と上昇し、胆石性病態に続発する膵炎疑いとして K851 胆石性膵炎が鑑別に挙がりうるが、カルテでは「膵炎は否定的」と評価されているため、疑いレベルに留まる。
3. 中心治療: ERCP後膵炎を念頭に置いた血液検査フォロー、腹痛への鎮痛薬投与、絶食～食事再開の判断などのモニタリング・支持療法。
- ERCP後に膵酵素上昇と心窩部痛がみられ、ERCP後膵炎または胆石性膵炎の評価目的に検査と管理が行われており、一定の医療資源が投下されている。
- 同日の所見で「少なくとも膵炎は否定的」と記載されており典型的な急性膵炎像には至っていないが、疑い病名としての評価・モニタリングもDPC上資源投入の対象になり得る。
- DPC6「060350 急性膵炎、被包化壊死」は膵炎関連の入院を包括し、関連Kコード群に胆道・膵周囲の処置が含まれるため、胆石性病態・ERCP後膵炎疑いとの親和性がある。
- ただし本入院では胆管炎・結石管理が主体であり、膵炎は否定的とされ早期に落ち着いているため、主候補よりは下位の補助候補と評価する。",x,,分岐なし（xのみ）,,x,,分岐なし（xのみ）,,97,その他の手術（2件のKコードが他パターンに非該当）,"K687(内視鏡的乳頭切開術（乳頭括約筋切開のみのもの）), K687(バルーン内視鏡加算)",x,処置等1の分岐なし,0,トリガーにマッチする処置コードなし,x,副傷病の分岐なし,,x,重症度の分岐なし (全 x),,060350xx97x0xx,"入院期間I:8日/3476点
入院期間II:17日/2341点
入院期間III:60日/1990点","入院日数9日
入院期間I:3476×8日=27808
入院期間II:2341×1日=2341
合計:30149",30149,rejected,上位候補に劣る,,,,,,,,,,,
6964692,2026-06-30,2026-07-08,ok,34.7,C169,胃癌,胃癌,0.45,060020,胃の悪性腫瘍,"1. 入院目的: 直接の契機は胆管炎であるが、既往として胃癌術後であり、今後化学療法予定がある患者として記載されている。
2. 主病名: カルテ上「胃癌術後・R-Y再建後」と明記されており、原疾患として C169 胃癌が妥当。今回入院では術後状態だが、化学療法予定を安全に行うために胆道感染源の制御が求められている。
3. 中心治療: 今回入院中に胃癌自体への直接治療（手術・化学療法）は実施されていないが、胆管炎治療（DB-ERCP等）は胃癌に対する全身治療継続の前提条件として位置づけられている。
- 原疾患としての胃癌は長期にわたり多大な医療資源（手術、化学療法など）の投入対象であり、今後の治療計画も記載されている。
- ただし、今回入院エピソードに限定すると、胃癌そのものに対する新規の手術・化学療法は行われず、主な資源投入は胆管炎・結石に対するものである。
- DPC6「060020 胃の悪性腫瘍」は胃癌手術や化学療法入院と整合しうるが、本入院のEFやKコード（K687）とは直接結びついていない。
- それでも、化学療法予定患者としての背景悪性腫瘍は入院方針決定と治療選択に影響を与えており、原疾患としての候補として低〜中等度の信頼度で保持する。",x,,分岐なし（xのみ）,,x,,分岐なし（xのみ）,,97,その他の手術（2件のKコードが他パターンに非該当）,"K687(内視鏡的乳頭切開術（乳頭括約筋切開のみのもの）), K687(バルーン内視鏡加算)",x,処置等1の分岐なし,0,トリガーにマッチする処置コードなし,x,副傷病の分岐なし,,x,重症度の分岐なし (全 x),,060020xx97x0xx,"入院期間I:5日/3167点
入院期間II:12日/2330点
入院期間III:30日/1980点","入院日数9日
入院期間I:3167×5日=15835
入院期間II:2330×4日=9320
合計:25155",25155,rejected,点数が低い (差 2217),,,,,,,,,,,
6964692,2026-06-30,2026-07-08,ok,34.7,M625,廃用症候群（圧迫骨折後の腰痛を伴う活動性低下）,廃用症候群,0.4,070320,筋拘縮・萎縮（その他）,"1. 入院目的: 胆管炎が主契機だが、入院時に「圧迫骨折後の腰痛あり」と記載があり、入院中に廃用症候群リハビリテーション(H001-21等)が行われている。
2. 主病名: EFに「廃用症候群リハビリテーション料」「早期リハビリテーション加算」などが算定されており、活動性低下・筋力低下を背景とする廃用症候群(M625 廃用症候群)として整理可能。
3. 中心治療: 理学療法士によるリハビリ(H001-21)と早期リハビリ加算など、人的資源を必要とする継続的リハビリテーションが本入院中に実施されている。
- 圧迫骨折後の腰痛によるADL低下があり、入院中に専用リハビリ区分での算定がなされていることから、廃用症候群に対しても相応の医療資源が投下されている。
- DPC6「070320 筋拘縮・萎縮（その他）」は廃用症候群コードM6259と対応し、リハビリ主体の入院とも整合する分類。
- とはいえ、今回入院の急性契機・侵襲的処置(K687)は胆管炎・結石であり、資源投入の絶対量では胆管炎関連が優位。したがって、本候補はリハビリ資源の観点からの補助的主病名候補として保持する。",x,,分岐なし（xのみ）,,x,,分岐なし（xのみ）,,97,その他の手術（2件のKコードが他パターンに非該当）,"K687(内視鏡的乳頭切開術（乳頭括約筋切開のみのもの）), K687(バルーン内視鏡加算)",x,処置等1の分岐なし,x,処置等2の分岐なし,x,副傷病の分岐なし,,x,重症度の分岐なし (全 x),,070320xx97xxxx,"入院期間I:16日/2741点
入院期間II:36日/2028点
入院期間III:90日/1723点","入院日数9日
入院期間I:2741×9日=24669
合計:24669",24669,rejected,点数が低い (差 2703),,,,,,,,,,,
6971510,2026-07-22,2026-07-31,ok,39.4,I443,発作性房室ブロック,間欠性房室ブロック,0.9,050210,徐脈性不整脈,"1. 入院目的: 失神の原因となった発作性房室ブロックに対するペースメーカー植え込み目的で循環器内科に緊急入院。
2. 主病名: カルテ上「発作性房室ブロック」→ 間欠性/発作性の房室伝導途絶として I443 が最も適合。
3. 中心治療: K597 リードレスペースメーカー移植術と入院中継続の心電図・呼吸心拍モニタリング(D220)が本病態に対して実施。
・長期にわたる失神精査の結果としてループレコーダーで発作性房室ブロックが確認され、本疾患が治療標的と明記されている。
・ペースメーカー植え込みは高侵襲・高コストの中等度手術であり、入院資源投入の大半が本疾患に紐づいている。
・I443 は DPC6「050210 徐脈性不整脈」にマップされ、その手術Kコード群にK597-2/K5971-3が含まれ、本症例のK597と整合する。
・同じ徐脈性不整脈群の I440/I441/I442 も近接候補だが、カルテ記載は「発作性」で度数記載がなく、包括的な I443 が最も妥当。",x,,分岐なし（xのみ）,,x,,分岐なし（xのみ）,,97,その他の手術（1件のKコードが他パターンに非該当）,K597(ペースメーカー移植術（リードレスペースメーカーの場合）),0,トリガーにマッチする処置コードなし,0,トリガーにマッチする処置コードなし,x,副傷病の分岐なし,,x,重症度の分岐なし (全 x),,050210xx9700xx,"入院期間I:4日/3063点
入院期間II:9日/2173点
入院期間III:30日/1847点","入院日数10日
入院期間I:3063×4日=12252
入院期間II:2173×5日=10865
入院期間III:1847×1日=1847
合計:24964",24964,selected,,false,false,,050210xx9700xx,,050210xx9700xx,1000,同点候補なし,,,
6971510,2026-07-22,2026-07-31,ok,39.4,I10,本態性高血圧症,本態性高血圧症,0.5,050140,高血圧性疾患,"1. 入院目的: 直接の入院契機ではないが、循環器科管理下でのペースメーカー植え込み入院における背景疾患。
2. 主病名: カルテ診断名「高血圧」→ 二次性高血圧の記載なく、I10 本態性高血圧症が妥当。
3. 中心治療: 明確な降圧治療強化の記載はないが、周術期の循環管理・モニタリング(D220)の一因となっている可能性。
・高血圧自体に対して大きな追加手術や処置は行われていないが、循環器疾患手術の周術期リスク因子として全経過で管理されている慢性疾患であり、一定の医療資源(血圧管理、モニタリング)は投下されている。
・search結果で I10 は DPC6「050140 高血圧性疾患」に対応し、DPC上は独立した主傷病候補となりうるコード。
・ただし今回入院での最も大きな資源投入は房室ブロックに対するペースメーカー手術であり、本候補は背景疾患としての比重が大きいため、主傷病候補としての優先度はやや低い。",x,,分岐なし（xのみ）,,x,,分岐なし（xのみ）,,97,その他の手術（1件のKコードが他パターンに非該当）,K597(ペースメーカー移植術（リードレスペースメーカーの場合）),x,処置等1の分岐なし,0,トリガーにマッチする処置コードなし,x,副傷病の分岐なし,,x,重症度の分岐なし (全 x),,050140xx97x0xx,"入院期間I:7日/3171点
入院期間II:15日/2216点
入院期間III:60日/1884点","入院日数10日
入院期間I:3171×7日=22197
入院期間II:2216×3日=6648
合計:28845",28845,rejected,上位候補に劣る,,,,,,,,,,,
6971510,2026-07-22,2026-07-31,ok,39.4,E11.9,２型糖尿病（合併症の記載なし）,２型糖尿病、詳細不明,0.45,10007x,２型糖尿病（糖尿病性ケトアシドーシスを除く。）,"1. 入院目的: 直接の入院契機ではないが、慢性疾患として今回入院中も内服等で継続管理されていると推定される。
2. 主病名: カルテ診断名「糖尿病」→ ２型と明記、急性代謝失調や臓器合併症の記載なしのため E11.9（合併症の記載なし）と解釈。
3. 中心治療: インスリン・経口薬調整や血糖測定(D007:血糖)など、慢性管理目的の検査・投薬が行われている可能性。
・検査一覧に血糖や一般血液・生化学検査が含まれ、糖尿病の状態評価が行われていると考えられるが、ケトアシドーシスや昏睡等の急性代謝失調はみられない。
・search結果の E11 系は DPC6「10007x ２型糖尿病」に対応し、糖尿病管理入院であれば主傷病となりうるが、本症例では房室ブロックに対する手術が資源投入の中心である。
・それでも入院全体で継続管理される重要な併存疾患であり、血糖管理に人的・検査資源が割かれている可能性があるため、条件次第では最資源投入病名として扱われうる補助候補として保持する。",x,,分岐なし（xのみ）,,x,,分岐なし（xのみ）,,xx,パターン xx,,x,処置等1の分岐なし,0,トリガーにマッチする処置コードなし,x,副傷病の分岐なし,,x,重症度の分岐なし (全 x),,10007xxxxxx0xx,"入院期間I:5日/2868点
入院期間II:9日/2035点
入院期間III:30日/1729点","入院日数10日
入院期間I:2868×5日=14340
入院期間II:2035×4日=8140
入院期間III:1729×1日=1729
合計:24209",24209,rejected,点数が低い (差 755),,,,,,,,,,,
6971510,2026-07-22,2026-07-31,ok,39.4,M0690,慢性関節リウマチ,関節リウマチ,0.4,070470,関節リウマチ,"1. 入院目的: 直接の入院契機ではなく既往歴として記載されているが、メトトレキサート内服中で慢性疾患管理が継続している。
2. 主病名: カルテ既往歴「慢性関節リウマチ メトトレキセート内服」→ 血清反応や部位の詳細記載がないため、包括コード M0690 関節リウマチと解釈。
3. 中心治療: 今回入院中にリウマチに対する手術や新規生物学的製剤導入の記載はなく、主に既存治療継続と周術期の薬剤調整が想定される。
・search結果では M0690 が DPC6「070470 関節リウマチ」に対応し、関節リウマチ目的入院であれば手術K群とともに主傷病となる典型コードである。
・本症例ではK597ペースメーカー移植が主手術であり、関節リウマチに対する整形外科手術や集中的治療は行われていないため、最資源投入病名としての可能性は低い。
・ただし免疫抑制状態として感染リスク・周術期管理に影響しうる背景疾患であり、薬剤管理等の医療資源投入は皆無ではないため、理論上の候補として低い優先度で保持する。",x,,分岐なし（xのみ）,,x,,分岐なし（xのみ）,,97,その他の手術（1件のKコードが他パターンに非該当）,K597(ペースメーカー移植術（リードレスペースメーカーの場合）),x,処置等1の分岐なし,0,トリガーにマッチする処置コードなし,x,副傷病の分岐なし,,x,重症度の分岐なし (全 x),,070470xx97x0xx,"入院期間I:8日/2951点
入院期間II:16日/2094点
入院期間III:60日/1780点","入院日数10日
入院期間I:2951×8日=23608
入院期間II:2094×2日=4188
合計:27796",27796,rejected,上位候補に劣る,,,,,,,,,,,
6980367,2026-06-19,2026-07-15,ok,138.4,J70.4,グリベックによる薬剤性間質性肺炎,薬剤性間質性肺炎,0.9,040110,間質性肺炎,"1. 入院目的: イマチニブ（グリベック）内服中に出現した息苦しさと画像上の両側末梢すりガラス陰影に対する薬剤性肺障害の加療目的で緊急入院。
2. 主病名: グリベックによる薬剤性間質性肺炎 → J70.4 薬剤性間質性肺炎。
3. 中心治療: mPSL 1g×3日ステロイドパルス後、高用量PSL内服漸減、連日血液検査・胸部X線/CT、酸素投与、呼吸リハビリ。
- 両側コンソリデーション・すりガラス陰影とKL-6高値、呼吸器ウイルス陰性、入院経過でステロイドに反応して陰影・酸素需要が改善しており、薬剤性間質性肺炎として典型的。
- 酸素投与やステロイドパルス、長期入院・頻回画像検査など最も多くの医療資源が本病態に投入されている。
- ICD-10は薬剤性かつ間質性パターンの肺障害である点からJ70.4が妥当。単なる肺炎コードでは薬剤性・間質性の特徴を反映できない。
- DPC6は間質性肺炎040110と対応し、本症例の治療（ステロイドパルス、酸素、呼吸リハビリ）とも整合する。
- 競合するGISTやその転移巣は本入院では経過観察中心で、急性期治療の主軸は肺障害側にある。",x,,分岐なし（xのみ）,,x,,分岐なし（xのみ）,,xx,パターン xx,,0,トリガーにマッチする処置コードなし,0,トリガーにマッチする処置コードなし,x,副傷病の分岐なし,,x,重症度の分岐なし (全 x),,040110xxxx00xx,"入院期間I:8日/3193点
入院期間II:15日/2255点
入院期間III:60日/1917点","入院日数27日
入院期間I:3193×8日=25544
入院期間II:2255×7日=15785
入院期間III:1917×12日=23004
合計:64333",64333,selected,,false,false,,040110xxxx00xx,,040110xxxx00xx,1000,同点候補なし,,,
6980367,2026-06-19,2026-07-15,ok,138.4,C18.3,上行結腸原発c-kit陽性消化管間質腫瘍（GIST）,結腸肝彎曲部の悪性新生物,0.7,060035,結腸（虫垂を含む。）の悪性腫瘍,"1. 入院目的: 直接の入院契機は薬剤性肺障害だが、背景には上行結腸原発c-kit陽性GISTに対するイマチニブ一次治療中であり、その治療継続方針検討も入院中の重要テーマ。
2. 主病名: 上行結腸原発c-kit陽性消化管間質腫瘍（GIST） → 解剖学的部位からC18.3 結腸肝彎曲部の悪性新生物（右側結腸に該当）を代表コードと解釈。
3. 中心治療: 本入院中は抗がん薬の新規開始や手術はないが、GIST治療であるグリベック中止後の方針検討・病状説明、画像による腫瘍・播種の縮小評価を頻回に実施。
- 2026/03/26審査腹腔鏡で腹膜播種結節生検、2026/04/24 c-kit陽性GISTと確定し、グリベック開始後に腫瘍・腹膜播種・肝転移は明らかに縮小している。
- グリベックが薬剤性肺障害の原因薬であり、肺障害の発生もGIST治療に伴うもので、基礎にGISTがなければ本入院も生じていない点で資源投入の背景疾患として重要。
- ICD-10は上行結腸原発悪性腫瘍としてC18.xが基本であり、右結腸領域に最も近いC18.3を代表とした。
- DPC6は大腸悪性腫瘍060070と対応し、今後の外科治療や化学療法再開があればこの枠組みで資源投入が想定される。
- 本入院では急性期治療の主軸は肺障害側だが、腫瘍自体も長期的に多大な医療資源が投入されており、最資源投入病名候補として保持する価値がある。",x,,分岐なし（xのみ）,,x,,分岐なし（xのみ）,,99,手術なし,,x,処置等1の分岐なし,0,トリガーにマッチする処置コードなし,x,副傷病の分岐なし,,x,重症度の分岐なし (全 x),,060035xx99x0xx,"入院期間I:2日/3159点
入院期間II:6日/2386点
入院期間III:30日/2028点","入院日数27日
入院期間I:3159×2日=6318
入院期間II:2386×4日=9544
入院期間III:2028×21日=42588
合計:58450",58450,rejected,点数が低い (差 5883),,,,,,,,,,,
6980367,2026-06-19,2026-07-15,ok,138.4,C78.6,GISTに伴う腹膜播種,腹膜播種,0.6,110050,後腹膜疾患,"1. 入院目的: 直接の入院契機は薬剤性肺障害だが、もともとの入院・精査の契機は腹部膨満・腹水と腹腔内多数腫瘤、審査腹腔鏡で確認された腹膜播種であり、治療戦略上も重要な病態。
2. 主病名: GISTに伴う腹膜播種 → C78.6 腹膜播種。
3. 中心治療: グリベックによる全身治療で腹膜播種病変は縮小しており、本入院でもCTで縮小を評価しながら、今後の治療（再投与を含む）方針を検討。
- 2026/03/26審査腹腔鏡で多発腹膜播種を確認、GIST診断後のイマチニブ投与で腹膜播種・腹腔内腫瘤の縮小がCTで明記されている。
- 腹膜播種は進行期として予後・治療方針に強く影響し、腫瘍量としても大きく、全身療法の主要な治療対象であるため、GIST本体と並び資源投入病名候補となる。
- ICD-10は原発性腹膜癌ではなく、GISTからの播種性転移像であるため続発性悪性腫瘍C78.6が適切。
- DPC6は後腹膜疾患110050にマップされており、腹腔内播種病変に対する手術・化学療法があればこの分類となる。今回入院中は主に画像評価・全身治療方針検討に資源が割かれている。",x,,分岐なし（xのみ）,,x,,分岐なし（xのみ）,,99,手術なし,,x,処置等1の分岐なし,0,トリガーにマッチする処置コードなし,x,副傷病の分岐なし,,x,重症度の分岐なし (全 x),,110050xx99x0xx,"入院期間I:3日/3415点
入院期間II:9日/2371点
入院期間III:30日/2015点","入院日数27日
入院期間I:3415×3日=10245
入院期間II:2371×6日=14226
入院期間III:2015×18日=36270
合計:60741",60741,rejected,点数が低い (差 3592),,,,,,,,,,,
6980367,2026-06-19,2026-07-15,ok,138.4,C78.7,GISTに伴う転移性肝腫瘍,転移性肝腫瘍,0.55,060050,肝・肝内胆管の悪性腫瘍（続発性を含む。）,"1. 入院目的: 直接の入院理由は薬剤性間質性肺炎だが、その背景にGISTからの転移性肝腫瘍があり、イマチニブ治療の主な標的の一つとなっている。
2. 主病名: GISTに伴う転移性肝腫瘍 → C78.7 転移性肝腫瘍。
3. 中心治療: イマチニブ全身療法により肝尾側の嚢胞主体の腫瘤（約10cm）が縮小しており、本入院中のCTでも縮小を確認しつつ、今後のGIST全身治療を議論。
- 胸腹部造影CTで肝尾側の嚢胞主体の腫瘤を含め腹腔内腫瘤性病変が多数存在し、前回より縮小しているとあり、診断名として「転移性肝腫瘍」が併記されている。
- 転移性肝病変はGIST進行度と治療方針決定に大きく影響し、イマチニブを含む全身治療や将来的な局所治療（切除・焼灼等）の対象となり得るため、資源投入病名候補。
- ICD-10は原発性肝癌ではなく他部位悪性腫瘍からの続発性であるためC78.7が適切。
- DPC6は肝・肝内胆管続発性悪性腫瘍060050と対応し、肝切除や局所療法、化学療法等の高額医療資源投入が想定される病態である。",x,,分岐なし（xのみ）,,x,,分岐なし（xのみ）,,99,手術なし,,0,トリガーにマッチする処置コードなし,0,トリガーにマッチする処置コードなし,1,副傷病あり（value=1）,"[放射線レポート] J90(胸水，他に分類されないもの) 根拠: 2026/06/19胸腹部造影CTで「両側少量の胸水の貯留」を指摘され，薬剤性肺障害の経過観察の一部として画像でフォローされている。 引用: 所見: …両側肺野にコンソリデーション、すりガラス状陰影が出現しています。薬剤性肺炎を疑います。
…両側少量の胸水の貯留を認めます。 判断: CTで両側少量の胸水貯留が明記され，薬剤性肺障害の一部として画像フォローされており，J90の胸水として今回入院中の副傷病に該当すると判断した。",x,重症度の分岐なし (全 x),,060050xx99001x,"入院期間I:7日/3109点
入院期間II:15日/2205点
入院期間III:60日/1875点","入院日数27日
入院期間I:3109×7日=21763
入院期間II:2205×8日=17640
入院期間III:1875×12日=22500
合計:61903",61903,rejected,点数が低い (差 2430),,,,,,,,,,,
6983084,2026-06-26,2026-07-21,ok,60.5,J841,特発性肺線維症（UIPパターン）に伴う間質性肺炎急性増悪,急性間質性肺炎,0.9,040110,間質性肺炎,"1. 入院目的: AE-IP（間質性肺炎急性増悪・再燃）による低酸素血症と意識障害で救急搬送され、加療目的で再入院。
2. 主病名: カルテに「AE-IP」「間質性肺炎の急性増悪」「probable UIP pattern」と繰り返し記載あり → 特発性肺線維症に伴う急性間質性肺炎として J841 が最も整合。
3. 中心治療: ステロイドパルス（mPSL 1000mg）、高用量PSL漸減、広域抗菌薬併用、酸素投与、頻回の血液ガス・画像評価、呼吸リハ、長期入院管理。
・急性のGGO拡大と酸素需要増加を主因として入院し、入院全期間にわたりステロイド調整や呼吸状態評価の軸となっている。
・UIPパターンの背景疾患で、初回入院からRAPID-IPFプロトコルで治療されており、今回も同じ病態の急性増悪として治療継続。
・J841（急性/特発性/びまん性間質性肺炎）はUIPを含む特発性間質性肺疾患の急性増悪としての包括コードであり、感染や薬剤など他原因の明記はなく最も妥当。
・DPC6は040110「間質性肺炎」で、本症例の治療内容（ステロイドパルス、酸素、胸部CT・Xpフォロー、呼吸リハ）と完全に一致し、主要な医療資源の投下先に対応する。",x,,分岐なし（xのみ）,,x,,分岐なし（xのみ）,,xx,パターン xx,,0,トリガーにマッチする処置コードなし,0,トリガーにマッチする処置コードなし,x,副傷病の分岐なし,,x,重症度の分岐なし (全 x),,040110xxxx00xx,"入院期間I:8日/3193点
入院期間II:15日/2255点
入院期間III:60日/1917点","入院日数26日
入院期間I:3193×8日=25544
入院期間II:2255×7日=15785
入院期間III:1917×11日=21087
合計:62416",62416,selected,,false,false,,040110xxxx00xx,,040110xxxx00xx,1000,同点候補なし,,,
6983084,2026-06-26,2026-07-21,ok,60.5,J938,特発性肺線維症に伴う右難治性気胸（続発性気胸）,続発性気胸,0.85,040200,気胸,"1. 入院目的: 当初はAE-IPだが、入院2日目に右自然気胸発症し呼吸状態が急激に悪化、以後は右難治性気胸が管理の中心イベントの一つとなった。
2. 主病名: 「右自然気胸：間質性肺炎によるブラ多発あり」「右難治性気胸」と明記され、基礎IPFに伴う続発性気胸としてJ938が適切。
3. 中心治療: 緊急胸腔ドレナージ（J019, J002）、長期持続吸引管理、多数回の自己血・50％ブドウ糖による胸膜癒着術、ドレーン再挿入、永久留置決定、頻回のXpフォロー。
・気胸はSpO2 60%台までの急激な低酸素血症を来し、緊急ドレナージ・長期管理を要しており、大きな医療資源（処置・検査・人的リソース）が投下されている。
・IPF背景での発症であるため特発性ではなく続発性気胸（J938）を選択するのが妥当。
・DPC6の040200「気胸」は持続胸腔ドレナージや癒着術など本症例の主たる処置群と直接対応し、AE-IPとは別軸で最資源投入病名候補となりうる。",x,,分岐なし（xのみ）,,x,,分岐なし（xのみ）,,99,手術なし,,x,処置等1の分岐なし,0,トリガーにマッチする処置コードなし,0,トリガーに該当する副傷病なし,,x,重症度の分岐なし (全 x),,040200xx99x00x,"入院期間I:4日/3357点
入院期間II:7日/2316点
入院期間III:30日/1969点","入院日数26日
入院期間I:3357×4日=13428
入院期間II:2316×3日=6948
入院期間III:1969×19日=37411
合計:57787",57787,rejected,点数が低い (差 4629),,,,,,,,,,,
6983084,2026-06-26,2026-07-21,ok,60.5,E139,ステロイド治療に伴う高血糖症／糖尿病（ステロイド糖尿病）,ステロイド糖尿病・糖尿病性合併症なし,0.65,10008x,その他の糖尿病（糖尿病性ケトアシドーシスを除く。）,"1. 入院目的: AE-IP治療のための大量ステロイド治療中に著明な高血糖（血糖>750mg/dL）が生じ、インスリン治療導入が必要となった。
2. 主病名: 既往に糖尿病ありだが、記録には「ステロイド継続予定」「50%ブドウ糖胸膜癒着後にBS 750」などステロイド・高浸透圧負荷に伴う高血糖が明記され、ステロイド糖尿病またはその増悪としてE13系が妥当。ケトアシドーシスや昏睡は記載なく、合併症なしのE139を選択。
3. 中心治療: ノボラピッド・ランタスの定期皮下注レジメン開始、スライディングスケール管理、電解質異常・腎機能障害のモニタリングなど、入院中継続的な代謝管理が行われた。
・高血糖は急性腎機能障害（BUN/Cr上昇）や高K血症などを引き起こしており、追加の検査・輸液調整など相応の医療資源を要した。
・R739（高血糖症）はR章であり、既知の糖尿病・ステロイド使用と血糖管理の文脈からは原因疾患としてのE13x系を選択すべき。
・DPC6は10008x「その他の糖尿病」で、インスリン治療・血糖モニタリング中心の管理に対応し、本入院における重要なサブ軸病態として最資源投入病名候補に含め得る。",x,,分岐なし（xのみ）,,x,,分岐なし（xのみ）,,xx,パターン xx,,x,処置等1の分岐なし,1,"処置等2=1: 0169(インスリン製剤（注射薬に限る。）), (ノボラピッド注　１００単位／ｍｌ)[レセ電=620008895, 実施日=2026-06-26;2026-06-27;2026-06-29;2026-06-30;2026-07-01;2026-07-02;2026-07-03;2026-07-04;2026-07-05;2026-07-06;2026-07-07;2026-07-08;2026-07-09;2026-07-10;2026-07-11;2026-07-12;2026-07-13;2026-07-14;2026-07-15;2026-07-16;2026-07-17;2026-07-18;2026-07-19;2026-07-20], (ランタス注１００単位／ｍｌ)[レセ電=620008945, 実施日=2026-07-04;2026-07-05]",x,副傷病の分岐なし,,x,重症度の分岐なし (全 x),,10008xxxxxx1xx,"入院期間I:7日/2950点
入院期間II:15日/2122点
入院期間III:60日/1804点","入院日数26日
入院期間I:2950×7日=20650
入院期間II:2122×8日=16976
入院期間III:1804×11日=19844
合計:57470",57470,rejected,点数が低い (差 4946),,,,,,,,,,,
6983084,2026-06-26,2026-07-21,ok,60.5,N179,高血糖および脱水に伴う急性腎機能障害（急性腎不全）,急性腎不全,0.55,110290,急性腎不全,"1. 入院目的: 当初目的はAE-IPだが、入院経過中に高血糖と浸透圧利尿、胸膜癒着時の高張ブドウ糖使用などを契機に急性腎機能障害を発症。
2. 主病名: カルテ上「＃7. 急性腎機能障害」と明記され、Hb上昇を伴うBUN・Cr上昇、高K血症を伴う。急性の腎前性〜腎性病態としてN179（急性腎不全）に包括するのがICD-10的に適切。
3. 中心治療: 頻回の電解質・腎機能採血、血液ガス、尿量・脱水評価、外液負荷による循環血漿量補正、高K血症管理など、モニタリングと輸液調整に相応のリソースが割かれている。
・透析導入までは至っていないが、eGFR 26.9まで悪化し、高K血症も伴っており、合併症としては重篤度が高い。
・DPC6の110290「急性腎不全」は急性腎障害管理として標準的で、本例の検査・輸液中心の治療内容と整合。
・高血糖／ステロイド糖尿病と病因・結果の関係にあるが、急性腎不全自体も検査・管理資源を要しており、代謝側と並行して最資源投入病名候補として保持する。",x,,分岐なし（xのみ）,,x,,分岐なし（xのみ）,,99,手術なし,,x,処置等1の分岐なし,0,トリガーにマッチする処置コードなし,x,副傷病の分岐なし,,x,重症度の分岐なし (全 x),,110290xx99x0xx,"入院期間I:6日/3190点
入院期間II:12日/2154点
入院期間III:30日/1831点","入院日数26日
入院期間I:3190×6日=19140
入院期間II:2154×6日=12924
入院期間III:1831×14日=25634
合計:57698",57698,rejected,点数が低い (差 4718),,,,,,,,,,,
6995926,2026-07-08,2026-07-17,ok,102.9,I48.1,長期持続性心房細動,長期持続性心房細動,0.9,050070,頻脈性不整脈,"1. 入院目的: 「持続性心房細動と重症三尖弁逆流認め、カテーテルアブレーションとtriclipの適応可能性あり、精査治療目的で紹介」とあり、不整脈治療を第一目標として入院。
2. 主病名: カルテ診断名「長期持続性心房細動（2－3年）」に対応し、ICD-10 は I48.1（長期持続性心房細動）が適合。
3. 中心治療: K595 経皮的カテーテル心筋焼灼術（アブレーション）、L007 深鎮静、D220 連日の呼吸心拍監視など、高侵襲の電気生理学的治療と周術期管理が本入院の資源投入の中心。
4. アブレーションの直接対象が心房細動であり、最も高コストなK595がこの病名に紐づくため、最資源投入病名として非常に有力。
5. I48.1 は search結果で DPC6「050070 頻脈性不整脈」に対応し、その手術Kコード群にK5951/5952および本症例と同群のK595が含まれ、DPC的整合性も高い。
6. 心不全や三尖弁逆流は慢性基礎疾患で薬物治療主体であり、今回入院中の最大イベントはアブレーションである点で本候補が優位。",x,,分岐なし（xのみ）,,x,,分岐なし（xのみ）,,97,その他の手術（2件のKコードが他パターンに非該当）,"K595(経皮的カテーテル心筋焼灼術（心房中隔穿刺又は心外膜アプローチを伴うもの）), K597(ペースメーカー移植術（経静脈電極の場合）)",0,トリガーにマッチする処置コードなし,0,トリガーにマッチする処置コードなし,x,副傷病の分岐なし,,x,重症度の分岐なし (全 x),,050070xx9700xx,"入院期間I:5日/3160点
入院期間II:9日/2242点
入院期間III:30日/1905点","入院日数10日
入院期間I:3160×5日=15800
入院期間II:2242×4日=8968
入院期間III:1905×1日=1905
合計:26673",26673,rejected,点数が低い (差 3851),,,,,,,,,,,
6995926,2026-07-08,2026-07-17,ok,102.9,I50.9,慢性心不全,慢性心不全,0.75,050130,心不全,"1. 入院目的: 現病歴に「慢性心房細動と心不全で…かかりつけを変更」「心不全の合併」とあり、慢性心不全を背景とした症状（疲れやすさ、歩行時のきつさ）の評価・治療も入院目的の一部。
2. 主病名: 診断名として「＃2：慢性心不全」と明記されており、ICD-10 は I50.9（慢性心不全）が最も包括的に適合（うっ血の有無や原因の詳細な記載がない）。
3. 中心治療: 利尿薬やARNI（エンレスト）継続、入院中の体液管理、NT-proBNP 高値に対する心不全コントロール、周術期循環管理などに継続的な医療資源が投入されている。
4. 心不全は長期管理を要する重大な基礎疾患であり、アブレーション適応判断にも影響しているため、本入院全体を通じて治療・モニタリングの中心病態の一つとみなせる。
5. search結果で I50.9 は DPC6「050130 心不全」に対応し、その手術K群にK595やK597関連も含まれており、本症例のK595・K597とのDPCレベルの整合性も良好。",x,,分岐なし（xのみ）,,x,,分岐なし（xのみ）,,97,その他の手術（2件のKコードが他パターンに非該当）,"K595(経皮的カテーテル心筋焼灼術（心房中隔穿刺又は心外膜アプローチを伴うもの）), K597(ペースメーカー移植術（経静脈電極の場合）)",0,トリガーにマッチする処置コードなし,0,トリガーにマッチする処置コードなし,0,副傷病なし（AI/EF探索で該当なし）,,x,重症度の分岐なし (全 x),,050130xx97000x,"入院期間I:9日/3140点
入院期間II:18日/2264点
入院期間III:60日/1924点","入院日数10日
入院期間I:3140×9日=28260
入院期間II:2264×1日=2264
合計:30524",30524,selected,,true,false,0.68,050130xx97000x,050130xx97000x,050130xx97000x,1000,同点候補あり,入院目的は「持続性心房細動と重症三尖弁逆流認め、カテーテルアブレーションとtriclipの適応可能性あり、精査治療目的」。今回実施K595アブレーション・K597ペースメーカーはいずれも不整脈／心不全管理目的であり、弁そのものへの介入は未実施。慢性心不全を背景として周術期管理・薬物調整など継続的資源投入が行われており、DPC注意でも弁病変への直接治療がない現状では心不全側（050130）がより妥当と判断する。,,
6995926,2026-07-08,2026-07-17,ok,102.9,I07.1,三尖弁逆流症,三尖弁逆流,0.55,050080,弁膜症（連合弁膜症を含む。）,"1. 入院目的: 現病歴に「重症三尖弁逆流認め、カテーテルアブレーションとtriclipの適応可能性あり」とあり、将来的なTriclip（三尖弁クリップ）治療適応評価が本入院の目的の一部。
2. 主病名: 診断名で「＃3：三尖弁逆流症」と明記され、ICD-10 は I07.1（三尖弁逆流）が該当。
3. 中心治療: 本入院中に三尖弁に対する外科的・カテーテル的介入は実施されていないが、心エコーなどでの評価や心不全管理、今後のTriclipを見据えた治療戦略立案に一定の資源が投入されている。
4. 三尖弁逆流は慢性心不全や心房細動の背景となる構造的心疾患であり、将来の高侵襲手技（Triclip）が予定されていることから、中長期的観点では大きな医療資源投入の対象疾患となる可能性が高い。
5. search結果で I07.1 は DPC6「050080 弁膜症」に対応し、そのKコード群には弁形成・置換術やK597系も含まれ、将来的にK597や弁手術がこのDPCに紐づく可能性があるため、今回入院でも候補として保持する価値がある。",x,,分岐なし（xのみ）,,x,,分岐なし（xのみ）,,97,その他の手術（2件のKコードが他パターンに非該当）,"K595(経皮的カテーテル心筋焼灼術（心房中隔穿刺又は心外膜アプローチを伴うもの）), K597(ペースメーカー移植術（経静脈電極の場合）)",x,処置等1の分岐なし,0,トリガーにマッチする処置コードなし,x,副傷病の分岐なし,,x,重症度の分岐なし (全 x),,050080xx97x0xx,"入院期間I:7日/3272点
入院期間II:17日/2331点
入院期間III:60日/1981点","入院日数10日
入院期間I:3272×7日=22904
入院期間II:2331×3日=6993
合計:29897",29897,rejected,点数が低い (差 627),,,,,,,,,,,
6997603,2026-05-10,2026-06-10,ok,77.8,J69.0,誤嚥性肺炎,誤嚥性肺炎,0.9,040081,誤嚥性肺炎,"1. 入院目的: 「肺炎治療」。現病歴・画像所見から誤嚥性肺炎疑いとして入院。
2. 主病名: 誤嚥性肺炎 → J69.0 誤嚥性肺炎。
3. 中心治療: 抗菌薬（CTRX）の継続投与、呼吸心拍監視（D220）、酸素吸入（J024）、喀痰吸引（J018）、胸部CT・レントゲン、呼吸リハ・摂食機能療法、胸水検査など。
- 入院契機が誤嚥性肺炎であり、発熱・SpO2低下・白血球高値に対して抗菌薬やモニタリング等の急性期医療資源が集中的に投入されている。
- 入院中も誤嚥を契機とした発熱・酸素化低下を反復し、その都度評価・抗菌薬継続の判断が行われているため、入院全体を通じた治療の軸となっている。
- ICD-10は誤嚥に伴う肺炎であることが明記されており、他に特定される病原体等の修飾もないためJ69.0が適切。
- DPC6はJ69.0→040081「誤嚥性肺炎」との対応があり、EF上の呼吸リハ・酸素・モニタリング等とも整合し、最も資源投入の大きい呼吸器感染として位置づけられる。
- 右胸水貯留や尿路感染症は併存するが、入院の主契機・主要資源投入先は誤嚥性肺炎と判断できる。",x,,分岐なし（xのみ）,,x,,分岐なし（xのみ）,,99,手術なし,,x,処置等1の分岐なし,0,トリガーにマッチする処置コードなし,x,副傷病の分岐なし,,x,重症度の分岐なし (全 x),,040081xx99x0xx,"入院期間I:9日/3320点
入院期間II:17日/2169点
入院期間III:60日/1844点","入院日数32日
入院期間I:3320×9日=29880
入院期間II:2169×8日=17352
入院期間III:1844×15日=27660
合計:74892",74892,selected,,true,true,0.92,040190xx99xxxx,040081xx99x0xx,040081xx99x0xx,1000,同点候補あり,入院目的に明確に「肺炎治療」と記載され、現病歴でも誤嚥性肺炎治療・結核除外・胸水精査のため入院とされている。経過中もCTRX持続投与、酸素療法、喀痰吸引、酸素化低下・発熱時の評価など、医療資源投入の中心は誤嚥性肺炎であり、再発エピソードも繰り返し管理されている。一方、右胸水貯留は被包化胸水として精査・経過観察はされているが、治療・全身管理の主軸ではない。よって主病名は誤嚥性肺炎（候補1）が妥当。,,
6997603,2026-05-10,2026-06-10,ok,77.8,J90,右胸水貯留（被包化胸水）,胸水貯留,0.75,040190,胸水、胸膜の疾患（その他）,"1. 入院目的: 胸部CTで右胸水貯留・被包化胸水を認め、「胸水精査」のためも入院目的と明記。
2. 主病名: 右胸水貯留 → J90 胸水貯留（原因特定困難な被包化胸水として包括）。
3. 中心治療: 胸水穿刺（D419胸水採取）、胸水生化学・腫瘍マーカー・ADA・細菌培養・抗酸菌培養検査一式、胸部CT/XPでの経時評価、補液調整など。
- 入院当初から右被包化胸水あり、ERで穿刺し多数の検査（CEA, AFP, ADA,ヒアルロン酸,培養,結核菌核酸検出など）が行われており、検査・手技面で相当の医療資源が投下されている。
- 経過中も胸水量増減の評価や利尿薬の検討など、肺炎とは別軸で管理対象となっている。
- 明らかな悪性・心不全・肝疾患などの原因がカルテからは特定されていないため、J90「胸水貯留」が妥当。
- DPC6は040190「胸水、胸膜の疾患（その他）」となり、胸水穿刺や関連K496系手術の定義とも整合する胸膜疾患グループとなる。
- 誤嚥性肺炎が入院契機ではあるが、胸水精査のための侵襲的検査群も独立した資源投入先として主傷病候補になりうる。",x,,分岐なし（xのみ）,,x,,分岐なし（xのみ）,,99,手術なし,,x,処置等1の分岐なし,x,処置等2の分岐なし,x,副傷病の分岐なし,,x,重症度の分岐なし (全 x),,040190xx99xxxx,"入院期間I:7日/3388点
入院期間II:15日/2280点
入院期間III:60日/1938点","入院日数32日
入院期間I:3388×7日=23716
入院期間II:2280×8日=18240
入院期間III:1938×17日=32946
合計:74902",74902,rejected,LLMタイブレーカーで非選定,,,,,,,,,,,
6997603,2026-05-10,2026-06-10,ok,77.8,N39.0,尿路感染症（慢性膀胱炎を伴う）,尿路感染症,0.65,110310,腎臓又は尿路の感染症,"1. 入院目的: 誤嚥性肺炎が主だが、入院時から尿混濁・白血球3+・細菌+など明らかな尿路感染所見があり、経過中も診断名として繰り返し記載。
2. 主病名: 尿路感染症＋慢性膀胱炎 → N39.0 尿路感染症。慢性膀胱炎(N30.2)併存と解釈できるが、今回入院中の感染エピソードの包括コードとしてN39.0を主とする。
3. 中心治療: 抗菌薬（CTRXを肺炎と兼ねて使用）、尿検査・尿培養（D000, D018尿培養）、腹部超音波・CTによる膀胱壁評価など。
- 入院時検尿で高度白血球・細菌、細菌尿ありとの記載があり、慢性膀胱炎の所見もあるため、今回入院中も尿路感染症が治療・評価対象となっている。
- 抗菌薬治療は誤嚥性肺炎と尿路感染症の両者をターゲットにしている可能性が高く、感染管理として一定の資源投入がある。
- ICD-10は上部/下部の明確な区別が記載されておらず、慢性膀胱炎も併存するため、包括的なN39.0「尿路感染症」が最も汎用的で妥当。
- DPC6は110310「腎臓又は尿路の感染症」となり、抗菌薬治療・尿培養等EFの検査群と整合する。
- 主傷病としては肺炎・胸水よりは重症度がやや低いと思われるが、検査・治療を要した感染症として候補に含める価値がある。",x,,分岐なし（xのみ）,,x,,分岐なし（xのみ）,,99,手術なし,,x,処置等1の分岐なし,x,処置等2の分岐なし,x,副傷病の分岐なし,,x,重症度の分岐なし (全 x),,110310xx99xxxx,"入院期間I:6日/3232点
入院期間II:11日/2257点
入院期間III:30日/1918点","入院日数32日
入院期間I:3232×6日=19392
入院期間II:2257×5日=11285
入院期間III:1918×19日=36442
合計:67119",67119,rejected,点数が低い (差 7783),,,,,,,,,,,
6997603,2026-05-10,2026-06-10,ok,77.8,G31.8,レビー小体型認知症に伴うBPSD・せん妄,レビー小体型認知症,0.6,010220,その他の変性疾患,"1. 入院目的: 主には肺炎だが、入院時から不穏・拒薬・易怒性などBPSDとせん妄が強く、精神症状マネジメントも入院継続の大きな要因。
2. 主病名: レビー小体型認知症 → G31.8 レビー小体型認知症（疑いだが前医診断と経過から妥当）。
3. 中心治療: 向精神薬・認知症薬の多剤調整（ドネペジル中止、ガランタミン・メマリー導入・増量、バルプロ酸、クエチアピン、ロナセンテープの増減）、日常的な行動観察と環境調整、精神科コンサルトなど。
- 入院経過の大部分でせん妄・BPSDが治療とケアの中心となっており、薬剤調整に多くの医療資源（医師・精神科コンサルト・看護時間）が割かれている。
- 診断名としては「レビー小体型認知症疑い」でありつつも、前医からの継続診断と症候からレビー型認知症として扱われており、G31.8が最も近い。
- せん妄コード(F05.x)も候補だが、本疾患の基盤は変性性認知症であり、BPSD・せん妄はその表現型とみなせるため、根幹病名としてレビー小体型認知症を採用。
- DPC6は010220「その他の変性疾患」となり、認知症薬・精神科的管理の入院として妥当な分類。肺炎が落ち着いた後もBPSDコントロールが転院・施設調整の鍵であり、資源投入病名として独立候補となる。",x,,分岐なし（xのみ）,,x,,分岐なし（xのみ）,,xx,パターン xx,,x,処置等1の分岐なし,x,処置等2の分岐なし,x,副傷病の分岐なし,,x,重症度の分岐なし (全 x),,010220xxxxxxxx,"入院期間I:5日/3378点
入院期間II:14日/2165点
入院期間III:60日/1840点","入院日数32日
入院期間I:3378×5日=16890
入院期間II:2165×9日=19485
入院期間III:1840×18日=33120
合計:69495",69495,rejected,点数が低い (差 5407),,,,,,,,,,,
6997603,2026-05-10,2026-06-10,ok,77.8,N40.0,前立腺肥大症に伴う下部尿路障害,前立腺肥大症,0.45,110200,前立腺肥大症等,"1. 入院目的: 主目的は肺炎だが、背景として前立腺肥大症・慢性膀胱炎・尿路感染症があり、排尿管理とシロドシン継続が記載されている。
2. 主病名: 前立腺肥大症 → N40.0 前立腺肥大症（良性肥大による下部尿路症状）。
3. 中心治療: シロドシンの継続投与、尿路評価（CT・AUSによる膀胱壁変化の確認）、細菌尿に対する抗菌薬検討など。
- 前立腺肥大症自体は今回入院の主契機ではないが、慢性膀胱炎・細菌尿の基盤疾患として経過記載され、薬剤継続・排尿管理の対象となっている。
- EFには手術Kコードはないが、尿検査・尿培養など下部尿路疾患関連の検査が行われており、一定の資源が慢性下部尿路障害の管理に向けられている。
- ICD-10は悪性腫瘍や前立腺腫瘍の記載がなく、良性肥大としてN40.0が最適。
- DPC6は110200「前立腺肥大症等」であり、排尿障害・下部尿路症状に対する内科的管理入院のフレームに合致するが、今回の入院全体では肺炎・胸水・尿路感染ほどの資源投入はなく、相対的に補助的候補。",x,,分岐なし（xのみ）,,x,,分岐なし（xのみ）,,99,手術なし,,x,処置等1の分岐なし,x,処置等2の分岐なし,x,副傷病の分岐なし,,x,重症度の分岐なし (全 x),,110200xx99xxxx,"入院期間I:2日/3120点
入院期間II:5日/2188点
入院期間III:30日/1860点","入院日数32日
入院期間I:3120×2日=6240
入院期間II:2188×3日=6564
入院期間III:1860×25日=46500
合計:59304",59304,rejected,点数が低い (差 15598),,,,,,,,,,,
6998388,2026-05-12,2026-07-06,ok,215.3,S7200,右大腿骨頚部骨折 Garden2,大腿骨頚部骨折,0.9,160800,股関節・大腿近位の骨折,"1. 入院目的: 転倒による右大腿部痛で受診し、画像で右大腿骨頚部骨折（Garden2）を認め手術目的に入院。
2. 主病名: 右大腿骨頚部骨折 → ICD-10 S7200（大腿骨頚部骨折）。
3. 中心治療: K046 骨折観血的手術（大腿）、全身麻酔（L008/L009）、長期入院と整形外科リハ。
・骨折が入院の直接契機であり、観血的骨接合術とその後の長期リハ・管理に多大な医療資源が投入されている。
・EF でK046と麻酔管理料・術前後検査多数が算定されており、DPC6「160800 股関節・大腿近位の骨折」の手術Kコード群（K0461〜3等）と整合。
・術後合併症の筋肉内血腫や貧血管理も、骨折手術とその後の荷重・抗血栓療法に起因する経過として骨折入院の枠内で扱われている。
・脳梗塞は入院中に判明したが、手術延期はあったものの最終的には骨折手術を実施しており、入院全体の主軸は骨折治療と機能回復と考えられる。",x,,分岐なし（xのみ）,,x,,分岐なし（xのみ）,,97,その他の手術（2件のKコードが他パターンに非該当）,"K615(血管塞栓術（頭部、胸腔、腹腔内血管等）（その他のもの）), K046(骨折観血的手術（大腿）)",x,処置等1の分岐なし,x,処置等2の分岐なし,x,副傷病の分岐なし,,x,重症度の分岐なし (全 x),,160800xx97xxxx,"入院期間I:4日/3082点
入院期間II:13日/2119点
入院期間III:60日/1801点","入院日数56日
入院期間I:3082×4日=12328
入院期間II:2119×9日=19071
入院期間III:1801×43日=77443
合計:108842",108842,rejected,点数が低い (差 16675),,,,,,,,,,,
6998388,2026-05-12,2026-07-06,ok,215.3,I638,ラクナ梗塞（左内包後脚/左MCA領域）,ラクナ梗塞,0.8,010060,脳梗塞,"1. 入院目的: 骨折入院後に右上肢麻痺・構音障害が判明し、頭部MRIで左内包後脚の急性期脳梗塞を認め脳神経内科併診となった。
2. 主病名: 急性期脳梗塞（ラクナ梗塞/左MCA領域） → ICD-10 I638（ラクナ梗塞）。
3. 中心治療: DAPT導入と中止・再開調整、脳血管・心エコー・ホルターなど塞栓源精査、脳血管疾患等リハビリ（H001各種）。
・急性期脳梗塞として多面的な精査（CT/MRI/エコー/Holter）と抗血小板療法が行われ、脳血管リハビリテーション（H001）も複数職種で算定されており、相応の医療資源投入あり。
・病巣は小領域ラクナ梗塞であり I638 がカルテ記載（ラクナ梗塞）と整合。DPC6は010060 脳梗塞で、EFに脳血管リハ料がありDPC分類とも整合する。
・骨折手術時期の判断やその後の抗血小板薬中止・再開の難しいバランスに影響し、入院経過全体に対するインパクトも大きいことから、骨折とは独立した最資源投入病名候補として成立。",x,,分岐なし（xのみ）,,x,,分岐なし（xのみ）,,97,その他の手術（2件のKコードが他パターンに非該当）,"K615(血管塞栓術（頭部、胸腔、腹腔内血管等）（その他のもの）), K046(骨折観血的手術（大腿）)",0,トリガーにマッチする処置コードなし,3,"処置等2=3: E101(シングルホトンエミッションコンピューター断層撮影診断（一連）)[レセ電=170015010, 実施日=2026-05-20]",0,副傷病なし（AI/EF探索で該当なし）,,x,重症度の分岐なし (全 x),,010060xx97030x,"入院期間I:13日/3387点
入院期間II:25日/2125点
入院期間III:60日/1806点","入院日数56日
入院期間I:3387×13日=44031
入院期間II:2125×12日=25500
入院期間III:1806×31日=55986
合計:125517",125517,selected,,false,false,,010060xx97030x,,010060xx97030x,1000,同点候補なし,,,
6998388,2026-05-12,2026-07-06,ok,215.3,S764,右大腿筋肉内血腫（術後大腿二頭筋・大腿四頭筋筋内血腫）,大腿筋肉内血腫,0.7,160610,四肢筋腱損傷,"1. 入院目的: 骨折術後に2026/05/24頃から右大腿部腫脹とHb急激低下が出現し、CTで筋肉内血腫を認めて以降、この出血管理が入院の中心問題の一つとなった。
2. 主病名: 右大腿筋肉内血腫（大腿二頭筋・大腿四頭筋内血腫） → ICD-10 S764（大腿筋肉内血腫）。
3. 中心治療: 繰り返しの造影CT評価、長期圧迫・挙上、抗血小板薬・透析ヘパリンの中止と変更、大量反復輸血（RBC多数、FFP）、K615 血管塞栓術。
・骨折術後合併症として大腿筋内への持続出血を来し、Hb6台まで低下し合計多数単位の輸血と血管塞栓術（K615）が必要となっており、合併症単体として非常に大きな医療資源が投入されている。
・画像記載「大腿二頭筋周囲の血腫」「大腿四頭筋内の血腫」、診断名「右下肢筋肉内血腫」から部位は大腿であり、S764（大腿筋肉内血腫）が最も適合。DPC6「160610 四肢筋腱損傷」はK615を必須にはしないが、出血源血管に対する塞栓術として整合範囲内。
・入院中盤〜後半の長期延長要因がこの血腫と貧血管理であり、骨折そのもの以上に追加資源を要している期間があるため、術後合併症として独立の最資源投入病名候補とみなせる。",x,,分岐なし（xのみ）,,x,,分岐なし（xのみ）,,97,その他の手術（2件のKコードが他パターンに非該当）,"K615(血管塞栓術（頭部、胸腔、腹腔内血管等）（その他のもの）), K046(骨折観血的手術（大腿）)",x,処置等1の分岐なし,x,処置等2の分岐なし,x,副傷病の分岐なし,,x,重症度の分岐なし (全 x),,160610xx97xxxx,"入院期間I:4日/2806点
入院期間II:10日/2085点
入院期間III:30日/1772点","入院日数56日
入院期間I:2806×4日=11224
入院期間II:2085×6日=12510
入院期間III:1772×20日=35440
合計:59174",59174,rejected,点数が低い (差 66343),,,,,,,,,,,
6998388,2026-05-12,2026-07-06,ok,215.3,N185,末期腎不全（糖尿病性腎症による維持透析中）,末期腎不全,0.55,110280,慢性腎炎症候群・慢性間質性腎炎・慢性腎不全,"1. 入院目的: 骨折・脳梗塞が直接契機だが、患者は2023/10から維持血液透析中の末期腎不全（糖尿病性腎症）であり、今回入院中も連日透析管理が必須であった。
2. 主病名: 末期腎不全（糖尿病性腎症によるHD患者） → ICD-10 N185（末期腎不全）。
3. 中心治療: J038 人工腎臓関連算定（HD複数モダリティ）、透析液水質・障害者加算、出血時の抗凝固薬変更、透析中輸血やK吸着フィルタ使用など高度な維持透析管理。
・EFではJ038 人工腎臓・各種加算が連日算定されており、入院全体を通じて継続的な高コスト療法である透析が行われている。
・カルテ上「ESKD w/HD」「末期腎不全：糖尿病性腎症」と明記されており、N185と糖尿病背景（E112 など）に合致。DPC6は110280「慢性腎炎症候群・慢性間質性腎炎・慢性腎不全」で、長期維持HD症例に対応。
・今回は骨折・脳梗塞・出血の管理が主だが、透析患者であるがゆえの薬剤調整・塞栓術リスク評価・頻回検査など、全入院ストーリーの基盤として相当な資源が末期腎不全に常時投与されていることから、施設によってはこれを最資源投入病名とみなす運用も現実的。",x,,分岐なし（xのみ）,,x,,分岐なし（xのみ）,,97,その他の手術（2件のKコードが他パターンに非該当）,"K615(血管塞栓術（頭部、胸腔、腹腔内血管等）（その他のもの）), K046(骨折観血的手術（大腿）)",x,処置等1の分岐なし,1,"処置等2=1: J038(人工腎臓（１日につき）（その他の場合）)[レセ電=140007710, 実施日=2026-05-14;2026-05-16;2026-05-19]",x,副傷病の分岐なし,,x,重症度の分岐なし (全 x),,110280xx97x1xx,"入院期間I:11日/3233点
入院期間II:23日/2332点
入院期間III:60日/1982点","入院日数56日
入院期間I:3233×11日=35563
入院期間II:2332×12日=27984
入院期間III:1982×33日=65406
合計:128953",128953,rejected,上位候補に劣る,,,,,,,,,,,
6998388,2026-05-12,2026-07-06,ok,215.3,I509,慢性心不全（HFmrEF／高血圧性心臓病疑い）,慢性心不全,0.45,050130,心不全,"1. 入院目的: 骨折手術の心機能評価目的に循環器内科へ紹介され、慢性心不全（HFmrEF）および高血圧性心臓病疑いとして評価・治療調整が行われた。
2. 主病名: 慢性心不全（HFmrEF） → ICD-10 I509（慢性心不全）。高血圧性心臓病疑いだが、カルテ上は心不全として明記。
3. 中心治療: 心エコー・胸腹部CT、NT-proBNP等で心機能評価、エンレスト増量など心不全薬物療法の調整、輸液制限方針の設定。
・半年以上の労作時息切れ、高BNP、びまん性収縮低下（EF45〜50%）、左室肥大・左房拡大、小葉間隔壁肥厚・胸水などから慢性心不全として矛盾せず、循環器コンサルトで治療方針が変更されている。
・DPC6は050130「心不全」であり、心機能精査（D215 UCG, BNP, Holter）との整合性良好。ただし本入院での侵襲的治療やICU管理までは至っておらず、資源投入の主軸ではない。
・それでも手術可否や輸液量、血圧コントロールなど全身管理の前提として重要であり、慢性心不全を主軸とするDPC選択が施設によって検討され得るため補助的最資源投入病名候補とした。",x,,分岐なし（xのみ）,,x,,分岐なし（xのみ）,,97,その他の手術（2件のKコードが他パターンに非該当）,"K615(血管塞栓術（頭部、胸腔、腹腔内血管等）（その他のもの）), K046(骨折観血的手術（大腿）)",0,トリガーにマッチする処置コードなし,2,"処置等2=2: E101(シングルホトンエミッションコンピューター断層撮影診断（一連）)[レセ電=170015010, 実施日=2026-05-20], J038(人工腎臓（１日につき）（その他の場合）)[レセ電=140007710, 実施日=2026-05-14;2026-05-16;2026-05-19]",0,副傷病なし（AI/EF探索で該当なし）,,x,重症度の分岐なし (全 x),,050130xx97020x,"入院期間I:15日/3504点
入院期間II:30日/2438点
入院期間III:90日/2072点","入院日数56日
入院期間I:3504×15日=52560
入院期間II:2438×15日=36570
入院期間III:2072×26日=53872
合計:143002",143002,rejected,上位候補に劣る,,,,,,,,,,,
6999784,2026-05-20,2026-06-04,ok,84.9,I350,重症大動脈弁狭窄症,大動脈弁狭窄症,0.98,050080,弁膜症（連合弁膜症を含む。）,"1. 入院目的: 地域病院で重症大動脈弁狭窄症と診断され、severe ASに対する治療介入（TAVI）目的で当院紹介・転院。
2. 主病名: カルテで一貫して「重症大動脈弁狭窄症」と記載 → 成人・非リウマチ性・大動脈弁単独病変より I350 を選択。
3. 中心治療: K555-22 経カテーテル大動脈弁置換術（TF-TAVI, Navitor Vision 23mm）＋全身麻酔＋心大血管疾患リハビリ等、最大の医療資源が本病態に投下。
・本入院はTAVI適応評価〜施行〜術後モニタリングが中心であり、日々のSOAPでもASが#1診断として継続記載。
・心エコーでpeak velocity 4.65m/s, mean PG 56mmHg と重症基準を満たし、症状として労作時息切れと心不全所見もあり、治療適応として矛盾なし。
・ICD-10 I350 は弁膜症としてDPC6「050080 弁膜症」と対応し、当該DPC6にはK555-22（TAVI）が手術Kコードとして明記されており、EFのK555-22と完全に整合。
・CKDや糖尿病は背景疾患として管理されているが、今回の最大資源（TAVI, 麻酔, CT, エコー, リハ）の全ては重症ASに対するものであり、本候補が最資源投入病名として最有力。",x,,分岐なし（xのみ）,,x,,分岐なし（xのみ）,,02,パターン 02（必須Kコード 1 マッチ）,K555-22(経カテーテル弁置換術（経皮的大動脈弁置換術）),0,トリガーにマッチする処置コードなし,0,トリガーにマッチする処置コードなし,x,副傷病の分岐なし,,x,重症度の分岐なし (全 x),,050080xx0200xx,"入院期間I:5日/3408点
入院期間II:10日/2458点
入院期間III:30日/2089点","入院日数16日
入院期間I:3408×5日=17040
入院期間II:2458×5日=12290
入院期間III:2089×6日=12534
合計:41864",41864,rejected,点数が低い (差 2244),,,,,,,,,,,
6999784,2026-05-20,2026-06-04,ok,84.9,I500,うっ血性心不全（重症大動脈弁狭窄症に伴う心不全）,うっ血性心不全,0.7,050130,心不全,"1. 入院目的: 労作時息切れなど心不全症状を伴う重症大動脈弁狭窄症に対する治療目的で入院。
2. 主病名: 身体所見で「心不全:あり」、NT-proBNP高値など心不全所見が記載され、基礎弁膜症に伴ううっ血性心不全として I500 相当。
3. 中心治療: 心大血管疾患リハビリテーション、呼吸心拍監視、NT-proBNPフォロー、点滴など、心不全管理関連資源が継続投入。
・入院初診で心不全ありと明記され、NT-proBNP 2480 pg/mLと高値。TAVI後も一時的なNT-proBNP高値および刺激伝導系への影響について評価されている。
・ASに起因する慢性心不全として、入院中のモニタリング・リハビリ・内科的管理の中心病態の一つとなっており、重症度・資源投入量から最資源投入病名候補として成立。
・I500はDPC6「050130 心不全」に対応し、心大血管リハや心電図・NT-proBNP等の検査群と整合。PCIやTAVIはAS/虚血性心疾患に対するものだが、それらは心不全改善も目的としており、資源投下の大きな軸となる。",x,,分岐なし（xのみ）,,x,,分岐なし（xのみ）,,97,その他の手術（1件のKコードが他パターンに非該当）,K555-22(経カテーテル弁置換術（経皮的大動脈弁置換術）),0,トリガーにマッチする処置コードなし,0,"処置等2=0: H000(心大血管疾患リハビリテーション料（１）（１単位）（理学療法士による場合）)[レセ電=180744210, 実施日=2026-05-27], H000(心大血管疾患リハビリテーション料（１）（１単位）（作業療法士による場合）)[レセ電=180744310, 実施日=2026-05-21;2026-05-29;2026-05-30;2026-05-31;2026-06-02;2026-06-03], H000(心大血管疾患リハビリテーション料（１）（１単位）（看護師による場合）)[レセ電=180744510, 実施日=2026-05-22;2026-05-23;2026-05-24;2026-05-25;2026-06-01]",0,副傷病なし（AI/EF探索で該当なし）,,x,重症度の分岐なし (全 x),,050130xx97000x,"入院期間I:9日/3140点
入院期間II:18日/2264点
入院期間III:60日/1924点","入院日数16日
入院期間I:3140×9日=28260
入院期間II:2264×7日=15848
合計:44108",44108,selected,,false,false,,050130xx97000x,,050130xx97000x,1000,同点候補なし,,,
6999784,2026-05-20,2026-06-04,ok,84.9,I251,冠動脈疾患（LAD狭窄に対するPCI後）,冠動脈疾患,0.55,050050,狭心症、慢性虚血性心疾患,"1. 入院目的: 重症AS治療目的での転院だが、紹介元医療センターでのLAD#7 75％狭窄に対するPCI・ステント留置歴を有し、冠動脈疾患合併として一貫して記録。
2. 主病名: 「冠動脈ステント留置術後」として記載され、慢性虚血性心疾患として I251（冠動脈疾患）が適切。
3. 中心治療: 今回入院中に新規PCIはないが、DAPT継続、冠動脈CT撮影加算付き造影CTなど、虚血評価およびステント管理に資源投入あり。
・本入院の最大手術KコードはTAVIであり、冠動脈疾患は既に前医でPCIが完了しているが、合併虚血性心疾患として周術期管理や冠動脈CTが行われている。
・I251はDPC6「050050 狭心症、慢性虚血性心疾患」と対応し、このDPCではPCI関連K5493等が紐付く。今回EFにはPCI Kコードはないものの、PCI既往管理・冠動脈CTなど一定の資源が投下されており、ASと並ぶ循環器系重要疾患として候補に保持する意義がある。",x,,分岐なし（xのみ）,,x,,分岐なし（xのみ）,,97,その他の手術（1件のKコードが他パターンに非該当）,K555-22(経カテーテル弁置換術（経皮的大動脈弁置換術）),x,処置等1の分岐なし,0,トリガーにマッチする処置コードなし,x,副傷病の分岐なし,,x,重症度の分岐なし (全 x),,050050xx97x0xx,"入院期間I:3日/4085点
入院期間II:7日/2612点
入院期間III:30日/2220点","入院日数16日
入院期間I:4085×3日=12255
入院期間II:2612×4日=10448
入院期間III:2220×9日=19980
合計:42683",42683,rejected,点数が低い (差 1425),,,,,,,,,,,
6999784,2026-05-20,2026-06-04,ok,84.9,N189,"慢性腎臓病（CKD, eGFR約19 mL/min/1.73m²）",慢性腎臓病,0.6,110280,慢性腎炎症候群・慢性間質性腎炎・慢性腎不全,"1. 入院目的: 重症AS/TAVI目的入院だが、既往歴に糖尿病性等の慢性腎臓病があり、入院中も腎機能低下に配慮した管理が必要とされている。
2. 主病名: 「慢性腎臓病」「腎機能障害あり」と記載され、eGFR 18.8とG4レベルのCKD。ステージ指定なく包括的なN189 慢性腎臓病を選択。
3. 中心治療: 造影CT前後の補液、メトホルミン・ピオグリタゾン中止、腎機能モニタリング（BUN/Cr、電解質）、点滴など腎保護に関連する資源が継続的に使用。
・腎機能障害のため糖尿病薬の中止や補液調整が行われており、TAVI・造影CT施行時の造影腎症リスク管理にも大きく関係している。
・N189はDPC6「110280 慢性腎炎症候群・慢性間質性腎炎・慢性腎不全」に対応し、今回の入院主手術DPC（050080）とは別群だが、造影検査・点滴・検査頻回など、入院全体での資源投入に影響する重要合併症として最資源投入候補に含める価値がある。
・ただし侵襲的手術の直接対象ではないため、ASや心不全に比べ主病名となる可能性はやや低い。",x,,分岐なし（xのみ）,,x,,分岐なし（xのみ）,,97,その他の手術（1件のKコードが他パターンに非該当）,K555-22(経カテーテル弁置換術（経皮的大動脈弁置換術）),x,処置等1の分岐なし,0,トリガーにマッチする処置コードなし,0,副傷病なし（AI/EF探索で該当なし）,,x,重症度の分岐なし (全 x),,110280xx97x00x,"入院期間I:6日/3004点
入院期間II:11日/2131点
入院期間III:30日/1811点","入院日数16日
入院期間I:3004×6日=18024
入院期間II:2131×5日=10655
入院期間III:1811×5日=9055
合計:37734",37734,rejected,点数が低い (差 6374),,,,,,,,,,,
6999784,2026-05-20,2026-06-04,ok,84.9,E119,２型糖尿病（糖尿病性合併症なし）,２型糖尿病・糖尿病性合併症なし,0.45,10007x,２型糖尿病（糖尿病性ケトアシドーシスを除く。）,"1. 入院目的: 糖尿病を含む生活習慣病で通院中の患者が重症ASの治療介入目的で入院したケースであり、糖尿病自体は今回入院の直接契機ではない。
2. 主病名: 既往歴・診断名として「糖尿病」とのみ記載され、糖尿病性網膜症・腎症等の明記なし → ２型糖尿病・合併症なし E119 が妥当。
3. 中心治療: 血糖測定、HbA1c測定、腎機能低下に伴うメトホルミン・ピオグリタゾン中止など内服調整が行われており、一定の管理資源が投下されている。
・血糖は明らかな高値なく、急性代謝失調や糖尿病性緊急症は認めないが、心血管リスク背景としてTAVI・周術期管理において考慮されている。
・E119はDPC6「10007x ２型糖尿病」に対応し、今回の主DPC候補（050080, 050130 等）とは異なり、入院全体の資源投入の中心ではないものの、継続治療対象である慢性疾患として最資源投入病名候補の補助的位置づけで保持。
・主手術や重症管理の直接原因ではないため、ASや心不全、CKDより主病名となる可能性は低い。",x,,分岐なし（xのみ）,,x,,分岐なし（xのみ）,,xx,パターン xx,,x,処置等1の分岐なし,0,トリガーにマッチする処置コードなし,x,副傷病の分岐なし,,x,重症度の分岐なし (全 x),,10007xxxxxx0xx,"入院期間I:5日/2868点
入院期間II:9日/2035点
入院期間III:30日/1729点","入院日数16日
入院期間I:2868×5日=14340
入院期間II:2035×4日=8140
入院期間III:1729×7日=12103
合計:34583",34583,rejected,点数が低い (差 9525),,,,,,,,,,,
6999809,2026-07-13,2026-07-27,ok,141.6,I35.0,重症大動脈弁狭窄症,大動脈弁狭窄症,0.95,050080,弁膜症（連合弁膜症を含む。）,"1. 入院目的: 維持透析中の症例に対する重症大動脈弁狭窄症（AS severe）に対する経カテーテル大動脈弁置換術（TFTAVI）目的入院。
2. 主病名: カルテ診断名「AS severe」→ 器質的後天性大動脈弁狭窄として I35.0 大動脈弁狭窄症が最も整合。
3. 中心治療: K555-22 経カテーテル大動脈弁置換術（TAVI）、全身麻酔相当の深鎮静、術前後の心エコー・下肢血管エコー・モニタリング、心大血管疾患リハビリ等。
- 本入院の最初から予定されていた侵襲的治療（TAVI）の直接適応疾患であり、医療資源（高額デバイス、カテーテル室、人員、モニタリング、術後管理）の投入量が最大。
- EF 上の K555-22 が DPC6「050080 弁膜症」と完全に対応しており、search結果の I35.0 の DPC6 候補と一致している。
- 他疾患（脳梗塞、維持透析）は合併症・併存症として重要だが、入院契機および最も高コストの処置の対象は重症ASである。
- TAVI 後は主訴であった透析時血圧低下が改善している記載もあり、入院全体の治療ターゲットとしての中心性が明確。
- 以上より、最資源投入病名候補として最も有力と判断する。",x,,分岐なし（xのみ）,,x,,分岐なし（xのみ）,,02,パターン 02（必須Kコード 1 マッチ）,K555-22(経カテーテル弁置換術（経皮的大動脈弁置換術）),0,トリガーにマッチする処置コードなし,0,トリガーにマッチする処置コードなし,x,副傷病の分岐なし,,x,重症度の分岐なし (全 x),,050080xx0200xx,"入院期間I:5日/3408点
入院期間II:10日/2458点
入院期間III:30日/2089点","入院日数15日
入院期間I:3408×5日=17040
入院期間II:2458×5日=12290
入院期間III:2089×5日=10445
合計:39775",39775,selected,,true,false,0.96,050080xx0200xx,050080xx0200xx,050080xx0200xx,1000,同点候補あり,入院目的は「重症ASに対するTFTAVI」であり，入院初診からAS severeが主病変として記載され，7/14にK555-22 TAVIを施行。高額・高侵襲手技の直接ターゲットで，術前後の評価・モニタリングもAS治療中心に組まれている。散在性脳梗塞はTAVI後合併症で再灌流療法なく，主にリハビリ対象であり，本入院の計画と最大医療資源投入の中心はAS側と判断し候補0を採用。,,
6999809,2026-07-13,2026-07-27,ok,141.6,I63.8,多発性（散在性）脳梗塞（カテーテル関連脳塞栓症）,多発性脳梗塞,0.8,010060,脳梗塞,"1. 入院目的: 重症ASに対するTAVI入院中、術後翌日に右上肢脱力でCode stroke 発動。
2. 主病名: カルテ所見「両側半球に小さなDWI高信号病変が散在」「カテに関連した脳塞栓症」→ 周術期の塞栓性・多発性脳梗塞として I63.8 多発性脳梗塞が最も妥当（病変散在、主幹狭窄閉塞なし）。
3. 中心治療: 緊急CT・MRI、神経内科的評価、Code stroke 体制下でのモニタリング、リハビリテーション介入指示、以降のリハビリ目的転院計画。
- TAVI直後に発症した周術期合併症であり、急性期検査・モニタリング・リハビリ導入など相応の医療資源が投入されている。
- エフィエント内服中かつ症状軽微・主幹閉塞なしのため再灌流治療は行われていないが、その後の入院期間の大部分でリハビリの主対象として繰り返し""散在性脳梗塞（右手しびれあり）""と記載されている。
- search結果の I63.8 は DPC6「010060 脳梗塞」に対応し、脳卒中として独立したDPC群を形成するため、TAVIとは別軸で最資源投入病名候補となりうる。
- 主要イベントはAS治療だが、脳梗塞が予後や転院方針を規定しており、合併症として独立候補と評価。",x,,分岐なし（xのみ）,,x,,分岐なし（xのみ）,,97,その他の手術（1件のKコードが他パターンに非該当）,K555-22(経カテーテル弁置換術（経皮的大動脈弁置換術）),0,トリガーにマッチする処置コードなし,0,トリガーにマッチする処置コードなし,0,副傷病なし（AI/EF探索で該当なし）,,3,branch=3 numeric=3 label=発症3日目以内 / 脳塞栓症は7/14夜に右手違和感出現し，7/15早朝に発見・診断されており，入院中の発症で3日目以内に相当する。,[2026-07-14]【病歴】昨日TAVI実施。治療直後は離握手は可能であった。22時の圧迫帯除去時、このとき既に右手の違和感を自覚していた。; [2026-07-15]【病歴】…7月15日循環器当直医が右手の挙上が弱いことに気がついた。7012に連絡あり、code stroke 対応とした。; [2026-07-15]【A/P】カテに関連した脳塞栓症。…リハビリ介入を依頼。,010060xx970003,"入院期間I:7日/3191点
入院期間II:14日/2168点
入院期間III:60日/1842点","入院日数15日
入院期間I:3191×7日=22337
入院期間II:2168×7日=15176
入院期間III:1842×1日=1842
合計:39355",39355,rejected,点数が低い (差 420),,,,,,,,,,,
6999809,2026-07-13,2026-07-27,ok,141.6,N18.5,慢性腎不全（維持透析中）,慢性腎不全・維持透析中,0.7,110280,慢性腎炎症候群・慢性間質性腎炎・慢性腎不全,"1. 入院目的: 透析症例として重症ASに対するTAVI施行目的入院であり、背景として維持透析が明記。
2. 主病名: 「維持透析 糖尿病性腎症」より、末期腎不全で透析継続中の状態として N18.5 慢性腎不全・維持透析中が最も直接的。
3. 中心治療: J038（人工腎臓）一連（維持透析施行）、透析関連加算各種（透析液水質確保、診療体制加算）、電解質・腎機能モニタリング、血圧管理など。
- 本人は既に維持透析患者であり、今回入院でも少なくとも1回以上の透析および関連加算が算定されており、人的・時間的資源が継続投入されている。
- search結果で N18.5 は DPC6「110280 慢性腎炎症候群・慢性間質性腎炎・慢性腎不全」に対応し、J038群の処置と整合的。
- ただし今回入院の直接契機はAS治療であり、透析は従来からの維持治療の継続であるため、相対的には合併症としての位置付け。
- 本疾患がなければTAVIの方法選択（外科弁置換 vs TAVI）や周術期管理は大きく変化するため、入院ストーリー全体への影響は大きく、条件によっては腎不全DPC側での評価もあり得る。",x,,分岐なし（xのみ）,,x,,分岐なし（xのみ）,,97,その他の手術（1件のKコードが他パターンに非該当）,K555-22(経カテーテル弁置換術（経皮的大動脈弁置換術）),x,処置等1の分岐なし,0,トリガーにマッチする処置コードなし,0,副傷病なし（AI/EF探索で該当なし）,,x,重症度の分岐なし (全 x),,110280xx97x00x,"入院期間I:6日/3004点
入院期間II:11日/2131点
入院期間III:30日/1811点","入院日数15日
入院期間I:3004×6日=18024
入院期間II:2131×5日=10655
入院期間III:1811×4日=7244
合計:35923",35923,rejected,点数が低い (差 3852),,,,,,,,,,,
6999809,2026-07-13,2026-07-27,ok,141.6,E11.2,２型糖尿病性腎症,２型糖尿病性腎症,0.45,10007x,２型糖尿病（糖尿病性ケトアシドーシスを除く。）,"1. 入院目的: 重症ASに対するTAVI施行目的だが、背景に「糖尿病」「維持透析 糖尿病性腎症」が明記されている。
2. 主病名: 糖尿病を基盤とする腎症から維持透析に至ったと解釈でき、２型が一般的であることから E11.2 ２型糖尿病性腎症を選択（腎合併症ありの糖尿病）。
3. 中心治療: 血糖管理（採血で血糖・HbA1c測定）、透析および周術期全身管理への影響評価。
- 本疾患は慢性腎不全発症の上位原因であり、長期的には大きな医療資源を要しているが、本入院期間中の直接的な追加処置は限定的で、糖尿病そのものに対する集中的治療は前面には出ていない。
- search結果で E11.2 はDPC6「10007x ２型糖尿病」に属し、腎不全DPCとは別軸の原疾患候補になり得る。
- しかし今回の入院医療資源の多くはTAVIおよび透析・脳梗塞対応に向けられており、糖尿病側への追加資源投入は相対的に少ないため、補助的候補として保持するに留める。",x,,分岐なし（xのみ）,,x,,分岐なし（xのみ）,,xx,パターン xx,,x,処置等1の分岐なし,0,トリガーにマッチする処置コードなし,x,副傷病の分岐なし,,x,重症度の分岐なし (全 x),,10007xxxxxx0xx,"入院期間I:5日/2868点
入院期間II:9日/2035点
入院期間III:30日/1729点","入院日数15日
入院期間I:2868×5日=14340
入院期間II:2035×4日=8140
入院期間III:1729×6日=10374
合計:32854",32854,rejected,点数が低い (差 6921),,,,,,,,,,,
6999809,2026-07-13,2026-07-27,ok,141.6,I10,本態性高血圧症,本態性高血圧症,0.35,050140,高血圧性疾患,"1. 入院目的: ASに対するTAVI入院だが、既往歴に高血圧が列挙されている。
2. 主病名: 特別な二次性原因の記載はなく、一般的な慢性高血圧として I10 本態性高血圧症が妥当。
3. 中心治療: 周術期の血圧管理、降圧薬調整等（具体的処置コードは薬剤レベルでEFには現れていない）。
- 高血圧はAS・脳梗塞・腎不全に関わる重要な背景因子だが、本入院中に高血圧単独を主対象とする特別な処置や検査は記録されていない。
- search結果の I10 はDPC6「050140 高血圧性疾患」に対応し、理論上は独立した主病名候補となり得るが、今回の資源投入構造からは他候補に比して明らかに劣後する。
- それでも循環器入院で長期的管理対象として重要であるため、補助的な第5候補として保持する。",x,,分岐なし（xのみ）,,x,,分岐なし（xのみ）,,97,その他の手術（1件のKコードが他パターンに非該当）,K555-22(経カテーテル弁置換術（経皮的大動脈弁置換術）),x,処置等1の分岐なし,0,トリガーにマッチする処置コードなし,x,副傷病の分岐なし,,x,重症度の分岐なし (全 x),,050140xx97x0xx,"入院期間I:7日/3171点
入院期間II:15日/2216点
入院期間III:60日/1884点","入院日数15日
入院期間I:3171×7日=22197
入院期間II:2216×8日=17728
合計:39925",39925,rejected,上位候補に劣る,,,,,,,,,,,
7001768,2026-06-10,2026-07-08,ok,71.1,M161,右変形性股関節症,一側性原発性変形性股関節症,0.95,07040x,股関節骨頭壊死、股関節症（変形性を含む。）,"1. 入院目的: 「みぎTHA」「右股関節痛」で入院し、右変形性股関節症に対する人工股関節全置換術目的の入院。
2. 主病名: カルテ診断名「右変形性股関節症」より、左右差明記の一側性・加齢性背景から M161（一側性原発性変形性股関節症）と判断。
3. 中心治療: K082 人工股関節置換術、全身麻酔、術後のリハビリテーション、血液検査多数、モニタリング等が本入院資源投入の中心。
4. 手術KコードK082は股関節症に対するTHAの標準手術であり、本疾患が直接の手術対象。
5. 入院期間全体を通して「みぎTHA術後○日目」として経過観察されており、リハビリ・検査・管理はこの疾患の術後管理として実施。
6. ICD-10 M161は一側性原発性変形性股関節症であり、2019年以降の徐々の進行痛・骨棘や骨嚢胞所見と整合、外傷後骨折などの記載なく続発性より原発性が妥当。
7. DPC6 07040x は股関節症と股関節頭壊死を包括し、関連手術にK082群を含むため、実施Kコードと完全整合し、最資源投入病名として最も典型的。
8. 他候補（NSAIDs潰瘍、食道裂孔ヘルニア、DVT）は術後合併症・併存症として保存的治療中心であり、手術侵襲やリハ量からみて資源投入量は本疾患が明らかに最大。",x,,分岐なし（xのみ）,,x,,分岐なし（xのみ）,,97,その他の手術（1件のKコードが他パターンに非該当）,K082(人工関節置換術（人工股関節置換術）),x,処置等1の分岐なし,x,処置等2の分岐なし,x,副傷病の分岐なし,,x,重症度の分岐なし (全 x),,07040xxx97xxxx,,29日 包括対象外,,rejected,包括対象外,,,,,,,,,,,
7001768,2026-06-10,2026-07-08,ok,71.1,K279,NSAIDs潰瘍による上部消化管出血疑い,ＮＳＡＩＤｓ潰瘍,0.7,060130,食道、胃、十二指腸、他腸の炎症（その他良性疾患）,"1. 入院目的: 右変形性股関節症に対するTHA目的入院だが、術後にNSAIDs内服後の嘔気・黒色嘔吐が出現し消化管出血・潰瘍精査目的の内科コンサルトと検査に移行。
2. 主病名: カルテで「NSAIDS潰瘍？」「黒色嘔吐」と記載され、NSAIDs中止・PPI導入・絶食・補液・EGD実施と典型的なNSAIDs潰瘍疑いのマネジメントが行われているため、K279 NSAIDs潰瘍を候補とする。
3. 中心治療: PPI静注、補液（G004点滴）、絶食管理、CT（E200）、上部消化管内視鏡＋生検（D308, D414）など上部消化管出血/潰瘍に対する相応の資源投入が行われた。
4. 嘔気・黒色嘔吐発症後、消化器内科オンコール・CT・その後のGF（EGD）施行・輸液2本/日など、数日にわたり入院方針や転院計画にも影響するレベルで管理されており、術後合併症として独立した候補になりうる。
5. ICD-10 K279（NSAIDs潰瘍）はNSAIDs関連の消化性潰瘍に対応し、DPC6 060130は上部消化管炎症・潰瘍を含み、内視鏡検査K/Eコード群と整合する。
6. 食道裂孔ヘルニア単独よりも、黒色嘔吐・PPI導入・NSAIDs中止など、潰瘍/出血病態に対して実際の資源が集中している点で最資源投入候補として優先度が高い。",x,,分岐なし（xのみ）,,x,,分岐なし（xのみ）,,97,その他の手術（1件のKコードが他パターンに非該当）,K082(人工関節置換術（人工股関節置換術）),0,トリガーにマッチする処置コードなし,0,トリガーにマッチする処置コードなし,x,副傷病の分岐なし,,x,重症度の分岐なし (全 x),,060130xx9700xx,"入院期間I:5日/3228点
入院期間II:9日/2255点
入院期間III:30日/1917点","入院日数29日
入院期間I:3228×5日=16140
入院期間II:2255×4日=9020
入院期間III:1917×20日=38340
合計:63500",63500,selected,,true,false,0.84,060130xx9700xx,060130xx9700xx,060130xx9700xx,1000,同点候補あり,入院目的は右変形性股関節症に対するTHAでありK082が施行されたが、その後の長期入院・転院延期の主因は術後に出現した嘔気・黒色嘔吐で、NSAIDs中止・PPI投与・絶食と補液・CT・GF実施など消化管出血/潰瘍疑いに集中的な医療資源投入が行われている。食道裂孔ヘルニアは背景病変であり、急性期治療の主たるターゲットはNSAIDs潰瘍病態と判断できるため候補0を主病名とする。,,
7001768,2026-06-10,2026-07-08,ok,71.1,K449,食道裂孔ヘルニア,食道裂孔ヘルニア,0.6,040220,横隔膜腫瘍・横隔膜疾患（新生児を含む。）,"1. 入院目的: 当初は右THA目的入院だが、術後の嘔気・黒色嘔吐精査のCTで「食道裂孔ヘルニアが著明」と診断され、以後の消化器内科プランに反映。
2. 主病名: CT所見として明確に「食道裂孔ヘルニアを認める」「食道裂孔ヘルニアが著明」とあり、症状との関連を踏まえてK449 食道裂孔ヘルニアとみなす。
3. 中心治療: 背景病変としてギャッジアップ、絶食、PPI治療、補液管理、上部消化管内視鏡の適応判断など、上部消化管症状の持続に対する管理に影響を与えた。
4. 消化器内科は「整形外科疾患など落ち着いてからEGDでも良い」としつつも、体位・絶食などヘルニアを考慮した保存的加療方針を指示しており、一過性の所見ではなく構造的疾患として扱われている。
5. ICD-10 K449（食道裂孔ヘルニア）はCTでの診断と一致し、DPC6 040220（横隔膜疾患）に属し背景病変としての位置づけだが、術後経過延長・食事制限・輸液など相応の資源投入の一因となっており候補に値する。
6. NSAIDs潰瘍と比べると、治療の直接のターゲットはよりNSAIDs潰瘍様病態だが、症状遷延化の背景となる解剖学的要因としての寄与を無視できず、近接診断として保持する。",x,,分岐なし（xのみ）,,x,,分岐なし（xのみ）,,97,その他の手術（1件のKコードが他パターンに非該当）,K082(人工関節置換術（人工股関節置換術）),x,処置等1の分岐なし,0,トリガーにマッチする処置コードなし,x,副傷病の分岐なし,,x,重症度の分岐なし (全 x),,040220xx97x0xx,"入院期間I:6日/3029点
入院期間II:13日/2198点
入院期間III:30日/1868点","入院日数29日
入院期間I:3029×6日=18174
入院期間II:2198×7日=15386
入院期間III:1868×16日=29888
合計:63448",63448,rejected,点数が低い (差 52),,,,,,,,,,,
7001768,2026-06-10,2026-07-08,ok,71.1,I802,術後下肢深部静脈血栓症（ヒラメ筋静脈血栓）,深部静脈血栓症,0.55,050180,静脈・リンパ管疾患,"1. 入院目的: 右THA目的入院だが、術後1週でDダイマー上昇・下肢エコーにてヒラメ筋静脈に血栓2カ所を認め、術後DVTとして評価・経過観察。
2. 主病名: 「DVTやや拡大も遠位型で可動性無し→様子観察」と記載され、下肢静脈系の血栓であり深部静脈血栓症として I802 深部静脈血栓症を選択（遠位筋静脈血栓を含む）。
3. 中心治療: Dダイマー測定（D006）や下肢血管エコー＋パルスドプラ（D215）、モニタリングを行い、肺塞栓リスク評価を含む術後管理上の重要イベントとして追加の検査・フォローを実施。
4. 遠位型で可動性なしのため抗凝固強化や侵襲的治療はされていないが、画像・血液検査・理学療法方針（荷重練習）調整などに影響しており、一定の資源を要した。
5. ICD-10 I802（深部静脈血栓症）は「下肢静脈血栓症」「下腿静脈血栓症」エントリを含み、ヒラメ筋静脈血栓の範疇に合致。DPC6 050180（静脈・リンパ管疾患）はDVTを包含し、下肢血管エコーD215と整合する。
6. ただし、保存的経過観察中心で入院期間延長への寄与は限定的とみられ、THAや消化管合併症ほどの資源投入には至っていないため、候補だが優先度は中程度。",x,,分岐なし（xのみ）,,x,,分岐なし（xのみ）,,97,その他の手術（1件のKコードが他パターンに非該当）,K082(人工関節置換術（人工股関節置換術）),x,処置等1の分岐なし,x,処置等2の分岐なし,x,副傷病の分岐なし,,x,重症度の分岐なし (全 x),,050180xx97xxxx,,29日 包括対象外,,rejected,包括対象外,,,,,,,,,,,
7002013,2026-06-18,2026-07-02,ok,46.9,I350,重症大動脈弁狭窄症,大動脈弁狭窄症,0.92,050080,弁膜症（連合弁膜症を含む。）,"1. 入院目的: PCI, TAVI目的で紹介入院。moderate ASが重症大動脈弁狭窄症へ進展し治療方針検討目的で当院紹介。
2. 主病名: カルテに「大動脈弁狭窄症」「severe AS」と明記され、I350 大動脈弁狭窄症が最も適合。
3. 中心治療: 2026/06/23 経カテーテル大動脈弁置換術（TF-TAVI, K555-22）を施行し、術前後エコー・CT・モニタリング・リハビリを集中的に実施。
- 本入院の最大の侵襲的治療はTAVIであり、その直接対象は重症大動脈弁狭窄症。
- 心不全増悪は前医でのエピソードであり、本院入院は主として弁膜症治療が目的。
- I350は後天性大動脈弁狭窄症に対応し、DPC6「050080 弁膜症」にマップされ、K555-22（TAVI）がsurgery_k_codeとして含まれEFと完全整合。
- 同じ入院中のPCIは虚血性心疾患に対する治療だが、TAVIの侵襲度・資源量がより大きく、本候補が最資源投入病名として最有力。",x,,分岐なし（xのみ）,,x,,分岐なし（xのみ）,,02,パターン 02（必須Kコード 1 マッチ）,K555-22(経カテーテル弁置換術（経皮的大動脈弁置換術）),0,トリガーにマッチする処置コードなし,0,トリガーにマッチする処置コードなし,x,副傷病の分岐なし,,x,重症度の分岐なし (全 x),,050080xx0200xx,"入院期間I:5日/3408点
入院期間II:10日/2458点
入院期間III:30日/2089点","入院日数15日
入院期間I:3408×5日=17040
入院期間II:2458×5日=12290
入院期間III:2089×5日=10445
合計:39775",39775,rejected,点数が低い (差 2069),,,,,,,,,,,
7002013,2026-06-18,2026-07-02,ok,46.9,I251,"慢性虚血性心疾患に伴う多枝冠動脈狭窄（RCA#3, LCx#11 90%狭窄）",冠動脈疾患,0.82,050050,狭心症、慢性虚血性心疾患,"1. 入院目的: IHD＋severe ASに対する加療検討目的で紹介され、入院当日にPCI予定と記載。
2. 主病名: 「無症候性心筋虚血」「RCA#3, LCx#11に90%狭窄」などより、慢性虚血性心疾患としてI251（冠動脈疾患）が妥当（急性冠症候群所見はなく慢性病変）。
3. 中心治療: 2026/06/18にPCI to RCA #2,#3（K549, K546）を施行し、その後心電図監視、心筋バイオマーカー測定、心リハを実施。
- EFにK549（経皮的冠動脈ステント留置術）とK546（90%以上狭窄病変）があり、search結果のDPC6「050050 狭心症、慢性虚血性心疾患」のsurgery_k_codesにK5493, K546xが含まれ、手術対象は慢性冠動脈狭窄と判断。
- 本入院中、TAVIと並ぶ大きな侵襲的処置であり、PCI単独でも最資源投入病名候補となりうる。
- 急性心筋梗塞や不安定狭心症の記載・バイオマーカー動態がなく、I200やI21xではなくI251/I259系が適切。
- 同一入院でASとIHDが併存し、両者に対し独立した治療が行われているため、本候補も主傷病候補として保持。",x,,分岐なし（xのみ）,,x,,分岐なし（xのみ）,,97,その他の手術（3件のKコードが他パターンに非該当）,"K549(経皮的冠動脈ステント留置術（その他のもの）), K546(該当する病変（経皮的冠動脈ステント留置術（その他のもの））：イ　心臓カテーテル法における９０％以上の狭窄病変), K555-22(経カテーテル弁置換術（経皮的大動脈弁置換術）)",x,処置等1の分岐なし,0,トリガーにマッチする処置コードなし,x,副傷病の分岐なし,,x,重症度の分岐なし (全 x),,050050xx97x0xx,"入院期間I:3日/4085点
入院期間II:7日/2612点
入院期間III:30日/2220点","入院日数15日
入院期間I:4085×3日=12255
入院期間II:2612×4日=10448
入院期間III:2220×8日=17760
合計:40463",40463,rejected,点数が低い (差 1381),,,,,,,,,,,
7002013,2026-06-18,2026-07-02,ok,46.9,I509,慢性心不全（重症大動脈弁狭窄症・虚血性心疾患に伴う）,慢性心不全,0.7,050130,心不全,"1. 入院目的: 2026年5月に心不全増悪で前医入院歴があり、その基礎にsevere ASとIHDが存在。今回も心不全を背景にした弁・冠動脈治療目的で紹介。
2. 主病名: 初診時診断名に「慢性心不全」を明記しており、I509 慢性心不全が適合（急性増悪は前医エピソードで、本院ではうっ血胸写なし）。
3. 中心治療: NT-proBNP高値、補液・降圧薬調整、心大血管リハビリ（H000各種）など慢性心不全管理目的の医療資源を継続投入。
- 心不全はASと虚血性心疾患に起因する病態であり、手術対象そのものではないが、長期にわたるモニタリング・薬物調整・リハビリの中心病態。
- DPC6「050130 心不全」はK5493等を包含し、EFの心リハ（H000）とも整合し、心不全での包括入院も制度上想定されている。
- ただし今回の最大侵襲はAS/IHDに対する手技であり、心不全単独に対する高度処置（補助循環、人工呼吸等）は行われていないため、主候補ではなく有力サブ候補として位置付ける。",x,,分岐なし（xのみ）,,x,,分岐なし（xのみ）,,97,その他の手術（3件のKコードが他パターンに非該当）,"K549(経皮的冠動脈ステント留置術（その他のもの）), K546(該当する病変（経皮的冠動脈ステント留置術（その他のもの））：イ　心臓カテーテル法における９０％以上の狭窄病変), K555-22(経カテーテル弁置換術（経皮的大動脈弁置換術）)",0,トリガーにマッチする処置コードなし,0,"処置等2=0: H000(心大血管疾患リハビリテーション料（１）（１単位）（理学療法士による場合）)[レセ電=180744210, 実施日=2026-06-24;2026-06-25;2026-06-26;2026-06-30;2026-07-01], H000(心大血管疾患リハビリテーション料（１）（１単位）（看護師による場合）)[レセ電=180744510, 実施日=2026-06-27;2026-06-28;2026-06-29]",0,副傷病なし（AI/EF探索で該当なし）,,x,重症度の分岐なし (全 x),,050130xx97000x,"入院期間I:9日/3140点
入院期間II:18日/2264点
入院期間III:60日/1924点","入院日数15日
入院期間I:3140×9日=28260
入院期間II:2264×6日=13584
合計:41844",41844,selected,,false,false,,050130xx97000x,,050130xx97000x,1000,同点候補なし,,,
7002013,2026-06-18,2026-07-02,ok,46.9,N183,慢性腎臓病ステージG3（eGFR約40mL/min/1.73m²）,慢性腎臓病ステージＧ３,0.55,110280,慢性腎炎症候群・慢性間質性腎炎・慢性腎不全,"1. 入院目的: 主目的はAS/IHD治療だが、前医からの紹介時点で慢性腎臓病が併存し、今回もカテ・造影使用量を制限する前提で管理されている。
2. 主病名: 初診時診断名に「慢性腎臓病」と記載。eGFR約38–42、CKDステージG3相当であり、N183（ステージG3）が最も適合。
3. 中心治療: 造影腎症リスクを考慮した補液（G004点滴）、頻回のBUN/Cr測定、尿アルブミン・尿検査など腎機能評価に資源投入。
- CKDはTAVI・PCI双方の周術期管理で重要な制約因子であり、入院期間通じて検査・補液管理の中心病態の一つ。
- ただし腎機能悪化による透析導入や急性腎不全の記載はなく、主目的はあくまで心疾患治療のため、最資源投入病名としては心疾患群に劣後。
- DPC6「110280 慢性腎炎症候群・慢性間質性腎炎・慢性腎不全」にマップされるが、本症例では腎疾患単独目的の高度処置はなく、補助的候補として保持する。",x,,分岐なし（xのみ）,,x,,分岐なし（xのみ）,,97,その他の手術（3件のKコードが他パターンに非該当）,"K549(経皮的冠動脈ステント留置術（その他のもの）), K546(該当する病変（経皮的冠動脈ステント留置術（その他のもの））：イ　心臓カテーテル法における９０％以上の狭窄病変), K555-22(経カテーテル弁置換術（経皮的大動脈弁置換術）)",x,処置等1の分岐なし,0,トリガーにマッチする処置コードなし,0,副傷病なし（AI/EF探索で該当なし）,,x,重症度の分岐なし (全 x),,110280xx97x00x,"入院期間I:6日/3004点
入院期間II:11日/2131点
入院期間III:30日/1811点","入院日数15日
入院期間I:3004×6日=18024
入院期間II:2131×5日=10655
入院期間III:1811×4日=7244
合計:35923",35923,rejected,点数が低い (差 5921),,,,,,,,,,,
7002013,2026-06-18,2026-07-02,ok,46.9,I7020,下肢閉塞性動脈硬化症（既往EVT後）,下肢閉塞性動脈硬化症,0.42,050170,閉塞性動脈疾患,"1. 入院目的: 主目的はAS/IHD治療だが、既往歴に「下肢閉塞性動脈硬化症、EVT後」があり、本入院でもTF-TAVI時のデバイス通過経路として両側CIA EVT後が強調されている。
2. 主病名: 「下肢閉塞性動脈硬化症、EVT後」とカルテ記載があり、壊疽合併の記載はないためI7020 下肢閉塞性動脈硬化症が適切。
3. 中心治療: 今回新たなEVTは施行されていないが、TAVIのアクセスルート評価目的に下肢血管エコー・CTを実施し、穿刺部の合併症（仮性動脈瘤等）の有無を検査で確認。
- EFには末梢血管関連Kコードはないが、D215（下肢血管エコー）、E200（CT）でアクセス血管を精査しており、PADがTAVI実施可能性の判断に影響する重要併存症。
- PAD自体に対する新規手術・処置はないため資源投入量は心・腎疾患より少なく、主病名候補としての優先度は低いが、アクセス評価に一定の資源が割かれている点から補助候補として保持。",x,,分岐なし（xのみ）,,x,,分岐なし（xのみ）,,97,その他の手術（3件のKコードが他パターンに非該当）,"K549(経皮的冠動脈ステント留置術（その他のもの）), K546(該当する病変（経皮的冠動脈ステント留置術（その他のもの））：イ　心臓カテーテル法における９０％以上の狭窄病変), K555-22(経カテーテル弁置換術（経皮的大動脈弁置換術）)",0,トリガーにマッチする処置コードなし,0,"処置等2=0: H000(心大血管疾患リハビリテーション料（１）（１単位）（理学療法士による場合）)[レセ電=180744210, 実施日=2026-06-24;2026-06-25;2026-06-26;2026-06-30;2026-07-01], H000(心大血管疾患リハビリテーション料（１）（１単位）（看護師による場合）)[レセ電=180744510, 実施日=2026-06-27;2026-06-28;2026-06-29]",0,副傷病なし（AI/EF探索で該当なし）,,x,重症度の分岐なし (全 x),,050170xx97000x,"入院期間I:4日/3178点
入院期間II:8日/2254点
入院期間III:30日/1916点","入院日数15日
入院期間I:3178×4日=12712
入院期間II:2254×4日=9016
入院期間III:1916×7日=13412
合計:35140",35140,rejected,点数が低い (差 6704),,,,,,,,,,,
7002291,2026-07-07,2026-07-13,ok,43.0,K802,胆嚢結石症（胆石症）,胆のう結石症,0.9,060330,胆嚢疾患（胆嚢結石など）,"1. 入院目的: 7/7腹腔鏡下胆嚢摘出術（Lap-C）施行のための入院と経過観察。
2. 主病名: カルテ記載「胆石症、術中膿汁様胆石あり。」より、胆嚢結石症（胆石症）→ K802。
3. 中心治療: K672腹腔鏡下胆嚢摘出術、全身麻酔、周術期点滴・検査類。
- 胆石症が今回入院で唯一の侵襲的手術(K672)の直接の対象であり、手術・麻酔・周術期管理に最も医療資源を要している。
- 炎症反応や発熱は「術後の範囲内」「術後反応性の可能性」と評価され、胆管炎はr/oにとどまり、画像でも膿瘍・明らかな胆管炎所見なし。
- ICD-10 K802(胆のう結石症)は、良性胆嚢結石による胆嚢摘出の主病名として標準的。
- DPC6は060330胆嚢疾患（胆嚢結石など）がK672を手術コードとして包含しており、EF記載K672と整合。
- 近接候補の急性胆嚢炎(K800/K810)はカルテから急性発症や胆嚢壁肥厚等の明記がなく、入院経過も典型的急性胆嚢炎より軽く、主たる資源投入先はあくまで胆嚢結石症に対する予定（あるいは準予定）手術と考えられる。",x,,分岐なし（xのみ）,,x,,分岐なし（xのみ）,,01,パターン 01（必須Kコード 1 マッチ）,K672(腹腔鏡下胆嚢摘出術),x,処置等1の分岐なし,x,処置等2の分岐なし,x,副傷病の分岐なし,,x,重症度の分岐なし (全 x),,060330xx01xxxx,"入院期間I:5日/2904点
入院期間II:10日/2060点
入院期間III:30日/1751点","入院日数7日
入院期間I:2904×5日=14520
入院期間II:2060×2日=4120
合計:18640",18640,selected,,false,false,,060330xx01xxxx,,060330xx01xxxx,1000,同点候補なし,,,
7002291,2026-07-07,2026-07-13,ok,43.0,K800,胆石性急性胆嚢炎,胆石性急性胆のう炎,0.55,060335,胆嚢炎等,"1. 入院目的: 胆石症に対する腹腔鏡下胆嚢摘出術と術後経過観察。
2. 主病名: 胆石に伴う術中膿汁様胆石所見や術後の発熱・炎症上昇から、胆石性急性胆嚢炎が背景にあった可能性を考慮しK800を候補化。
3. 中心治療: K672腹腔鏡下胆嚢摘出術と周術期抗菌薬投与。
- 術中「膿汁様胆石あり」と記載されており、胆嚢内炎症の存在を示唆するため、胆石性胆嚢炎として手術が行われた可能性がある。
- 術後に38.3℃の発熱とCRP・白血球上昇があり、抗生剤追加など炎症制御にも一定の資源が投入されている。
- ICD-10 K800胆石性急性胆のう炎は、胆石を伴う急性胆嚢炎で、今回の病態像と整合しうる。
- DPC6は060335胆嚢炎等で、胆嚢摘出術K672を含んでおり、EFのK672と矛盾しない。
- ただしカルテ上は「胆石症」との表現が主で「急性胆嚢炎」と明記されず、炎症は「術後の範囲内」と繰り返し評価されているため、胆石症(K802)よりは優先度を一段低く評価。",x,,分岐なし（xのみ）,,x,,分岐なし（xのみ）,,01,パターン 01（必須Kコード 1 マッチ）,K672(腹腔鏡下胆嚢摘出術),0,トリガーにマッチする処置コードなし,0,トリガーにマッチする処置コードなし,x,副傷病の分岐なし,,x,重症度の分岐なし (全 x),,060335xx0100xx,"入院期間I:6日/3674点
入院期間II:13日/1941点
入院期間III:30日/1971点","入院日数7日
入院期間I:3674×6日=22044
入院期間II:1941×1日=1941
合計:23985",23985,rejected,上位候補に劣る,,,,,,,,,,,
7002291,2026-07-07,2026-07-13,ok,43.0,K803,総胆管結石性胆管炎疑い,総胆管結石性胆管炎,0.4,060340,胆管（肝内外）結石、胆管炎,"1. 入院目的: 胆石症に対する腹腔鏡下胆嚢摘出術後の経過観察。
2. 主病名: 術後腹痛・発熱時に「胆管炎などr/o」「胆管の炎症？」と記載されており、総胆管結石性胆管炎（K803）を鑑別として候補化。
3. 中心治療: 術後発熱に対するCT評価、抗生剤追加、採血フォロー。
- 17時頃より腹痛増悪＋38.3℃発熱、炎症マーカー上昇に対して、胆管炎を想定したCTや抗菌薬投与が行われ、一定の医療資源が投下されている。
- ICD-10 K803総胆管結石性胆管炎は、胆管（肝外胆管）炎の代表コードであり、胆石症・胆汁培養検査等からも病態としては近接する。
- DPC6は060340胆管結石・胆管炎で、多数の胆道系手術Kコードと連動し、胆道感染管理の入院にも対応するグループ。
- ただしCTで膿瘍なし、胆管拡張は軽度で術後変化の範囲と解釈され、主治医評価は最終的に「術後反応性」寄りで、継続的重症管理も不要であったため、最資源投入病名としての確からしさは胆石症より低い。疑いレベルだが、胆管炎を想定した検査・抗菌薬が実際に行われている点から補助候補として保持。",x,,分岐なし（xのみ）,,x,,分岐なし（xのみ）,,02,パターン 02（必須Kコード 1 マッチ）,K672(腹腔鏡下胆嚢摘出術),0,トリガーにマッチする処置コードなし,0,トリガーにマッチする処置コードなし,x,副傷病の分岐なし,,x,重症度の分岐なし (全 x),,060340xx0200xx,"入院期間I:4日/3154点
入院期間II:8日/2328点
入院期間III:30日/1979点","入院日数7日
入院期間I:3154×4日=12616
入院期間II:2328×3日=6984
合計:19600",19600,rejected,上位候補に劣る,,,,,,,,,,,
7002291,2026-07-07,2026-07-13,ok,43.0,K590,術後便秘（硬便貯留）,術後便秘,0.45,060570,その他の消化器等の障害,"1. 入院目的: 胆石症に対する腹腔鏡下胆嚢摘出術後の管理。
2. 主病名: 術後腹痛遷延の原因として「圧痛の位置に一致して硬便貯留あり」「排便不良継続」と記載され、術後便秘（K590）が臨床的問題となっていた。
3. 中心治療: CT再検査、下剤増量による排便コントロール。
- 胆管炎が否定的となった後も腹痛訴えが続き、再度CTを施行して原因検索を行った結果、硬便貯留が確認され、下剤増量などの治療が行われている。
- この便秘が退院延期要因の一つとなっており、術後経過管理の中で一定期間、治療の中心となった病態と言える。
- ICD-10 K590術後便秘は、術後に生じた機能性便秘を表現するコードであり、本症例の「硬便貯留」「排便不良継続」と整合。
- DPC6は060570その他の消化器等の障害で、主たる手術対象疾患ではないが、術後合併症としての管理に資源が割かれている点から、条件次第では最資源投入病名として採用されうる補助候補。",x,,分岐なし（xのみ）,,x,,分岐なし（xのみ）,,97,その他の手術（2件のKコードが他パターンに非該当）,"K672(腹腔鏡下胆嚢摘出術), K000(周術期栄養管理実施加算)",x,処置等1の分岐なし,0,トリガーにマッチする処置コードなし,x,副傷病の分岐なし,,x,重症度の分岐なし (全 x),,060570xx97x0xx,"入院期間I:4日/3280点
入院期間II:9日/2453点
入院期間III:30日/2085点","入院日数7日
入院期間I:3280×4日=13120
入院期間II:2453×3日=7359
合計:20479",20479,rejected,上位候補に劣る,,,,,,,,,,,
7002342,2026-07-09,2026-07-13,ok,22.1,I48.1,持続性心房細動,持続性心房細動,0.9,050070,頻脈性不整脈,"1. 入院目的: 「発作性心房細動に対するカテーテルアブレーション」と記載されるが、診断名・アセスメントは一貫して「持続性心房細動／持続性AF」。
2. 主病名: カルテ上の主診断は持続性心房細動であり、頻脈性で症候性（動悸）であることから I48.1（持続性心房細動）が最も適合。
3. 中心治療: EFでK595 経皮的カテーテル心筋焼灼術および三次元カラーマッピング加算が算定されており、心房細動アブレーションが今回入院の中心的医療資源。
- 主要な手術（K595）の直接の対象が心房細動であり、入院目的にも明示されているため、最資源投入病名として極めて有力。
- 検査（心電図、血液検査多数、心拍呼吸監視）がすべて不整脈治療周辺管理として実施されている。
- I48.1 に対応するDPC6は050070（頻脈性不整脈）であり、その手術Kコード群にK5951/5952等が含まれており、EF記載のK595と高い整合性がある。
- 発作性AFコード（I48.0）も理論上近接候補だが、カルテの診断名が「持続性心房細動」である点を重視して本候補を優先して保持する。",x,,分岐なし（xのみ）,,x,,分岐なし（xのみ）,,97,その他の手術（2件のKコードが他パターンに非該当）,"K595(経皮的カテーテル心筋焼灼術（心房中隔穿刺又は心外膜アプローチを伴うもの）), K595(三次元カラーマッピング加算)",0,トリガーにマッチする処置コードなし,0,トリガーにマッチする処置コードなし,x,副傷病の分岐なし,,x,重症度の分岐なし (全 x),,050070xx9700xx,"入院期間I:5日/3160点
入院期間II:9日/2242点
入院期間III:30日/1905点","入院日数5日
入院期間I:3160×5日=15800
合計:15800",15800,selected,,,,,,,,,,,,
7002912,2026-05-31,2026-06-17,ok,95.6,I610,右視床出血,視床出血,0.95,010040,非外傷性頭蓋内血腫（非外傷性硬膜下血腫以外）,"1. 入院目的: 左片麻痺・構音障害を主訴に救急搬送され、頭部CTで右視床出血を認めたため、視床出血に対する保存的加療と急性期全身管理目的で入院。
2. 主病名: カルテで一貫して「右視床出血」と記載されており、部位特異的な脳内出血として I610（視床出血）が最も適合。
3. 中心治療: 血圧管理（ニカルジピン持続点滴等）、精密持続点滴注射、頻回のフォローCT・3DCTA、呼吸心拍モニタリング、脳血管疾患等リハビリテーション（PT/OT/ST）、嚥下・摂食機能療法など多岐にわたる急性期管理とリハビリ。
・左不全片麻痺、重度感覚障害、構音障害などの神経学的所見が全入院期間を通じて評価されており、この病態が治療・リハビリの中心。
・CTで水頭症や血管奇形は否定され、外傷の記載もなく、非外傷性視床出血としてI610が妥当。
・DPC6はI610に対応する010040（非外傷性頭蓋内血腫）が割り当てられ、実際に集中管理・リハビリが行われているため、今回入院で最も医療資源を消費した病名とみなせる。
・他候補（高血圧性脳内出血I619など）も病態的には近接するが、カルテ上で部位（視床）が明示されている点でI610がより具体的。",x,,分岐なし（xのみ）,,0,ＪＣＳ,"ＪＣＳ=2 が条件 [0, 10) に該当","【身体所見】脳神経外科
　意識：JCS：Ⅰ-2
  GCS：E（4）V（5）M（6）　計15",99,手術なし,,0,トリガーにマッチする処置コードなし,0,トリガーにマッチする処置コードなし,0,副傷病なし（AI/EF探索で該当なし）,,x,重症度の分岐なし (全 x),,010040x099000x,"入院期間I:8日/3093点
入院期間II:16日/2001点
入院期間III:60日/1701点","入院日数18日
入院期間I:3093×8日=24744
入院期間II:2001×8日=16008
入院期間III:1701×2日=3402
合計:44154",44154,selected,,false,false,,010040x099000x,,010040x099000x,1000,同点候補なし,,,
7002912,2026-05-31,2026-06-17,ok,95.6,I671,左A1部未破裂脳動脈瘤,未破裂脳動脈瘤,0.5,010030,未破裂脳動脈瘤,"1. 入院目的: 主目的は右視床出血の管理だが、3DCTA/CTAにより左A1部の未破裂脳動脈瘤が新規に指摘され、そのリスク評価と今後のフォロー方針決定も入院中に行われた。
2. 主病名: カルテで「●未破裂動脈瘤」として独立診断項目に挙げられ、部位（左A1）、サイズ、UCAS/PHASESスコアまで詳細に記載されており、未破裂脳動脈瘤（I671）が該当。
3. 中心治療: 今回入院中に外科的治療や血管内治療は実施されていないが、CTA（E200＋造影剤加算）、画像診断管理加算などの検査資源が本病変評価に投下され、将来治療を見据えた専門的リスク評価が行われた。
・DPC6では010030（未破裂脳動脈瘤）に対応し、将来的にクリッピングやコイル塞栓術の対象となりうる典型的背景病変である。
・今回は視床出血管理が主であるため資源投入量は相対的に少ないが、脳血管評価（3DCTA/CTA）の主対象であり、別入院として治療してもおかしくない病態であるため候補に含める。",x,,分岐なし（xのみ）,,x,,分岐なし（xのみ）,,99,手術なし,,0,トリガーにマッチする処置コードなし,x,処置等2の分岐なし,x,副傷病の分岐なし,,x,重症度の分岐なし (全 x),,010030xx990xxx,"入院期間I:3日/3762点
入院期間II:6日/2355点
入院期間III:30日/2002点","入院日数18日
入院期間I:3762×3日=11286
入院期間II:2355×3日=7065
入院期間III:2002×12日=24024
合計:42375",42375,rejected,点数が低い (差 1779),,,,,,,,,,,
7002912,2026-05-31,2026-06-17,ok,95.6,L899,左肩・上下肢褥瘡,褥瘡,0.55,080250,褥瘡潰瘍,"1. 入院目的: 入院契機は脳出血だが、救急外来時から左肩・左殿部・左膝などに「深めの褥瘡あり」と記載され、その後も全経過で褥瘡管理が必要となっている。
2. 主病名: 部位は複数（左肩、左上下肢、殿部相当）でステージ詳細は記載がないため、部位・ステージ詳細不明の褥瘡としてL899が包括的に適合。
3. 中心治療: 重度褥瘡処置（J001-42）、創傷処置、プロペト＋ガーゼ保護などの局所処置に加え、細菌培養・薬剤感受性検査、静脈抗菌薬（セファゾリン投与・終了の記載）といった感染対策が行われており、スキンケア・創傷管理に一定の医療資源が投入されている。
・DPC6は080250（褥瘡潰瘍）に対応し、J001-42:重度褥瘡処置と直接整合する。
・今回入院の主原因ではないが、入院中に持続的な処置・検査・抗菌薬治療の対象となっており、単独でも褥瘡管理入院として成立しうる程度の介入があるため、最資源投入病名候補として保持する。",x,,分岐なし（xのみ）,,x,,分岐なし（xのみ）,,99,手術なし,,x,処置等1の分岐なし,1,"処置等2=1: J001-42(重度褥瘡処置（１００ｃｍ２以上５００ｃｍ２未満）)[レセ電=140048710, 実施日=2026-06-04;2026-06-05;2026-06-06;2026-06-07;2026-06-08;2026-06-09;2026-06-10;2026-06-11;2026-06-13;2026-06-14;2026-06-15]",x,副傷病の分岐なし,,x,重症度の分岐なし (全 x),,080250xx99x1xx,"入院期間I:14日/2844点
入院期間II:28日/2018点
入院期間III:90日/1715点","入院日数18日
入院期間I:2844×14日=39816
入院期間II:2018×4日=8072
合計:47888",47888,rejected,上位候補に劣る,,,,,,,,,,,
7003229,2026-06-02,2026-06-16,ok,112.7,C25.0,膵頭部癌（胆管・十二指腸浸潤）,膵頭部癌,0.95,06007x,膵臓、脾臓の腫瘍,"1. 入院目的: 「閉塞性黄疸、膵腫瘍の精査加療」として紹介入院し、以後一貫して膵頭部癌精査・治療方針決定が中心。
2. 主病名: カルテで「膵頭部癌胆管浸潤、十二指腸浸潤疑い」と記載され、膵管擦過・EUS-TAでadenocarcinomaと確定 → 部位特異的悪性腫瘍としてC25.0が最適。
3. 中心治療: ERCPによる胆管・膵管ステント留置とSEMS交換、EUS-FNA/EUS-TA、各種CT・エコー・採血、入院中告知と化学療法導入準備など大量の医療資源が本疾患に集中。
4. 入院期間全体で腫瘍そのものの診断確定・進展度評価・治療方針決定（UR-LAとして化学療法予定）が主目的であり、閉塞性黄疸や疼痛はその結果としての病態。
5. ICD-10選択: 原発巣が膵頭部、画像で膵頭部腫瘤・主膵管拡張・周囲リンパ節腫大、病理で腺癌とされており、原発性膵頭部癌C25.0が妥当。
6. DPC6マッピング理由: C25.0は「膵臓、脾臓の腫瘍(06007x)」に対応し、本入院は切除ではなく内視鏡的減黄・組織採取中心だが、当該DPC群での膵癌化学療法予定例として典型的経過。
7. 競合するC25.9(膵癌)よりも部位が明示されており、閉塞性黄疸(K83.1)よりも原疾患として資源投入量が大きいため、最資源投入病名として最有力。",x,,分岐なし（xのみ）,,x,,分岐なし（xのみ）,,97,その他の手術（1件のKコードが他パターンに非該当）,K708(内視鏡的膵管ステント留置術),x,処置等1の分岐なし,0,トリガーにマッチする処置コードなし,x,副傷病の分岐なし,,x,重症度の分岐なし (全 x),,06007xxx97x0xx,"入院期間I:5日/3237点
入院期間II:10日/2297点
入院期間III:30日/1952点","入院日数15日
入院期間I:3237×5日=16185
入院期間II:2297×5日=11485
入院期間III:1952×5日=9760
合計:37430",37430,rejected,点数が低い (差 3295),,,,,,,,,,,
7003229,2026-06-02,2026-06-16,ok,112.7,K83.1,膵頭部癌による閉塞性黄疸,閉塞性黄疸,0.8,060340,胆管（肝内外）結石、胆管炎,"1. 入院目的: 前医で「膵頭部腫瘍による閉塞性黄疸」と診断され、「閉塞性黄疸、膵腫瘍の精査加療」目的に紹介入院。
2. 主病名: 入院診断名に「閉塞性黄疸」が#1として挙がり、眼球・皮膚の黄染、T-Bil 2.3, ALP・γ-GTP高値など胆道閉塞所見が明瞭であり、K83.1閉塞性黄疸が該当。
3. 中心治療: ERCPで胆管狭窄に対するEBS・EPS留置、その後SEMSへの交換＋胆嚢管ステント留置と、黄疸軽減・胆道ドレナージのための侵襲的処置にかなりの資源が投入されている。
4. 本入院でのERCP関連手技（K708相当）やCT・エコー・採血フォローは、直接的には胆道閉塞の改善・合併症（胆嚢炎）予防を目的としており、閉塞性黄疸も最資源投入病名として自立しうる。
5. ICD-10選択: 原因が結石ではなく膵頭部悪性腫瘍による遠位胆管狭窄であり、原因特定はあるが詳細な別コードがないため、胆道系の機械的閉塞としてK83.1閉塞性黄疸が最も適合。
6. DPC6マッピング理由: K83.1は「胆管（肝内外）結石、胆管炎(060340)」に紐づき、ERCP関連Kコード群と親和性が高く、今回の胆管ステント留置の資源投入をよく反映するDPC群候補となる。
7. 膵頭部癌(C25.0)が原疾患としてより上位だが、実際の処置の多くが黄疸・胆道管理に向けられているため、本コードも独立した最資源投入病名候補として保持する。",x,,分岐なし（xのみ）,,x,,分岐なし（xのみ）,,97,その他の手術（1件のKコードが他パターンに非該当）,K708(内視鏡的膵管ステント留置術),x,処置等1の分岐なし,0,トリガーにマッチする処置コードなし,x,副傷病の分岐なし,,x,重症度の分岐なし (全 x),,060340xx97x0xx,"入院期間I:6日/3359点
入院期間II:12日/2406点
入院期間III:30日/2045点","入院日数15日
入院期間I:3359×6日=20154
入院期間II:2406×6日=14436
入院期間III:2045×3日=6135
合計:40725",40725,selected,,false,false,,060340xx97x0xx,,060340xx97x0xx,1000,同点候補なし,,,
7003229,2026-06-02,2026-06-16,ok,112.7,C77.2,膵頭部癌に伴う腹腔リンパ節転移疑い,腹腔リンパ節転移,0.4,060030,小腸の悪性腫瘍、腹膜の悪性腫瘍,"1. 入院目的: 主目的は原発膵頭部癌の精査だが、画像上のリンパ節腫大評価も病期決定の重要要素として扱われている。
2. 主病名: 腹部エコーで「膵腫瘍周囲にリンパ節腫大を数個認めます…転移性の腫大を疑います。」と明記されており、膵頭部癌の腹腔リンパ節転移(C77.2)が示唆される。
3. 中心治療: リンパ節転移そのものに対する局所治療は本入院中には行われていないが、PET-CTや総合腫瘍科外来計画など、全身病期評価・治療方針決定の一環として資源投入が予定されている点で、病態としての重みは大きい。
4. ICD-10選択: 原発が膵頭部癌(C25.0)で、腹腔内リンパ節腫大が転移と疑われるため、部位特異的なリンパ節転移コードC77.2が最も適合する候補。
5. DPC6マッピング理由: C77.2は検索上060030(小腸・腹膜悪性腫瘍)群に紐づくが、実運用では原発側DPCで扱われる可能性が高い。とはいえ、転移病変が進行期・治療方針に与える影響が大きく、将来化学療法などの資源投下の主因になりうるため、補助的主病名候補として保持する。
6. 本入院時点では「転移疑い」であり、リンパ節自体に対する直接的処置がないため、主病名として採用される可能性は限定的とみなしてconfidenceは低めとした。",x,,分岐なし（xのみ）,,x,,分岐なし（xのみ）,,97,その他の手術（1件のKコードが他パターンに非該当）,K708(内視鏡的膵管ステント留置術),x,処置等1の分岐なし,0,トリガーにマッチする処置コードなし,0,トリガーに該当する副傷病なし,,x,重症度の分岐なし (全 x),,060030xx97x00x,"入院期間I:5日/3142点
入院期間II:10日/2229点
入院期間III:30日/1894点","入院日数15日
入院期間I:3142×5日=15710
入院期間II:2229×5日=11145
入院期間III:1894×5日=9470
合計:36325",36325,rejected,点数が低い (差 4400),,,,,,,,,,,
7005855,2026-06-11,2026-06-24,ok,105.3,K803,総胆管結石性胆管炎,総胆管結石性胆管炎,0.95,060340,胆管（肝内外）結石、胆管炎,"1. 入院目的: 発熱・嘔吐・血圧低下を伴う総胆管結石性胆管炎の精査加療目的で紹介・入院。
2. 主病名: カルテで一貫して「総胆管結石性胆管炎」と記載されており、結石に起因する胆管炎として K803 が適合。
3. 中心治療: 抗菌薬投与、緊急ERCPでのEST＋EBS留置（6/11）、待機的ERCPでの採石（6/17）、点滴、モニタリング、酸素投与等。
- 肝胆道系酵素・炎症反応の上昇とショック様の血圧低下を伴う胆道感染症として、抗菌薬・輸液・全身管理の中心となった病態。
- ERCP関連の内視鏡的胆道ステント留置術 K688 が実施されており、その直接対象が総胆管結石性胆管炎である。
- ICD-10 K803 は「胆管結石性胆管炎」であり、結石による胆管炎の急性期像に合致し、敗血症など他疾患コードへの変更は示されていない。
- DPC6 は 060340（胆管（肝内外）結石、胆管炎）で、付随KコードにK688が含まれており、今回の内視鏡的胆道ステント留置術と完全に整合する。",x,,分岐なし（xのみ）,,x,,分岐なし（xのみ）,,03,パターン 03（必須Kコード 1 マッチ）,K688(内視鏡的胆道ステント留置術),x,処置等1の分岐なし,0,トリガーにマッチする処置コードなし,0,トリガーに該当する副傷病なし,,x,重症度の分岐なし (全 x),,060340xx03x00x,"入院期間I:4日/3233点
入院期間II:7日/2294点
入院期間III:30日/1950点","入院日数14日
入院期間I:3233×4日=12932
入院期間II:2294×3日=6882
入院期間III:1950×7日=13650
合計:33464",33464,selected,,false,false,,060340xx03x00x,,060340xx03x00x,1000,同点候補なし,,,
7005855,2026-06-11,2026-06-24,ok,105.3,K802,胆嚢結石症,胆のう結石症,0.5,060330,胆嚢疾患（胆嚢結石など）,"1. 入院目的: 主目的は総胆管結石性胆管炎であるが、前医CTおよび当院サマリで胆嚢結石の存在が繰り返し記載されている。
2. 主病名: SOAPや退院時サマリで一貫して#2として「胆嚢結石」と列記されており、胆嚢結石症として K802（胆のう結石症）が対応する。
3. 中心治療: 今回入院中に胆嚢摘出術など胆嚢結石を直接対象とした手術は行われていないが、ウルソ継続や胆嚢結石を念頭に置いた経過観察方針決定に一部の医療資源（診断・家族説明・方針決定）が投じられている。
- 胆嚢結石は今回の胆管結石・胆管炎の背景病変として存在し、胆道系疾患の全体像の一部を構成する。
- 家族と相談し「胆摘希望なし」としていることから、本疾患に対し手術適応の検討や意思決定プロセスがなされており、一定の診療資源が割かれている。
- ICD-10 K802 は「胆のう結石症」であり、炎症所見の記載がなく慢性的な胆嚢結石の存在を示す本症例に整合する。
- DPC6 は 060330（胆嚢疾患（胆嚢結石など））で、今回K688など胆管側のKコードとは直結しないが、将来胆嚢手術となれば別入院の主病名候補となりうるため、現入院でも背景疾患としての候補に留めておく。",x,,分岐なし（xのみ）,,x,,分岐なし（xのみ）,,97,その他の手術（1件のKコードが他パターンに非該当）,K688(内視鏡的胆道ステント留置術),x,処置等1の分岐なし,x,処置等2の分岐なし,x,副傷病の分岐なし,,x,重症度の分岐なし (全 x),,060330xx97xxxx,"入院期間I:4日/3256点
入院期間II:7日/2294点
入院期間III:30日/1950点","入院日数14日
入院期間I:3256×4日=13024
入院期間II:2294×3日=6882
入院期間III:1950×7日=13650
合計:33556",33556,rejected,上位候補に劣る,,,,,,,,,,,
7005855,2026-06-11,2026-06-24,ok,105.3,G310,前頭側頭型認知症,前頭側頭型認知症,0.45,010220,その他の変性疾患,"1. 入院目的: 主目的は胆道感染症だが、長期入院歴や施設入所の要因として高度認知症が背景にあり、今回入院中のADL・体位変換・検査実施に大きく影響している。
2. 主病名: 既往歴として「前頭側頭型認知症疑い」と明記され、日常的な会話不良や体位変換困難の記載から高度の認知機能障害が持続している。確定診断として G310（前頭側頭型認知症）が候補となる。
3. 中心治療: 抗認知症薬投与や専門的認知症治療は本入院では行われていないが、鎮静下でのERCP施行、摂食機能療法（H004）、再転院調整など、多数の人的・時間的資源が認知症によるADL低下・協力困難性への対応として費やされている。
- 認知症のためPS 3、体位変換が他動的であり、ERCPに際して特別な鎮静・介助が必要であったと明記されており、処置遂行に追加の医療資源が必要となっている。
- 摂食機能に難がありST介入（H004）が行われるなど、認知症に起因する摂食・嚥下機能低下へのリハビリ資源も投入されている。
- ICD-10 G310「前頭側頭型認知症」はカルテ既往の表現と一致し、進行性変性認知症として本入院中も管理対象となっている。
- DPC6 010220（その他の変性疾患）は認知症関連のDPCであり、今回の入院主目的ではないが、ADL低下とケア負担の大きさから、背景としての最資源投入病名候補の一つとして保持する。",x,,分岐なし（xのみ）,,x,,分岐なし（xのみ）,,xx,パターン xx,,x,処置等1の分岐なし,x,処置等2の分岐なし,x,副傷病の分岐なし,,x,重症度の分岐なし (全 x),,010220xxxxxxxx,"入院期間I:5日/3378点
入院期間II:14日/2165点
入院期間III:60日/1840点","入院日数14日
入院期間I:3378×5日=16890
入院期間II:2165×9日=19485
合計:36375",36375,rejected,上位候補に劣る,,,,,,,,,,,
7006972,2026-06-16,2026-07-10,ok,85.1,I63.5,左延髄外側梗塞（Wallenberg症候群）,延髄梗塞,0.9,010060,脳梗塞,"1. 入院目的: 左上下肢異常感覚・測定障害・歩行時動揺性を主訴とする左延髄外側梗塞での入院、安静管理と評価目的。
2. 主病名: カルテに一貫して「左延髄外側梗塞」と記載されており、解剖学的部位が明記された脳梗塞として I63.5（延髄梗塞）が最も適合。
3. 中心治療: 持続点滴（G000, G004）、心電図・ホルター心電図、心エコー・脳血流エコー、CT・MRI、凝固系・自己抗体・血栓性素因など精査、脳血管疾患リハビリ（H001, H003）とモニタリング（D220）。
- 症状（異常感覚・測定障害・歩行障害）が延髄外側梗塞によるものであり、入院期間を通じて管理・リハビリの主対象となっている。
- 画像検査（CT/MRI）、多項目血液検査・凝固・血栓性素因精査、継続点滴、脳血管リハビリ等、最も多くの医療資源がこの脳梗塞の診断と急性期管理・機能回復に投入されている。
- I63.5 の DPC6 は 010060「脳梗塞」であり、脳血管疾患リハビリ料（H001）や各種脳画像検査と整合する分類である。",x,,分岐なし（xのみ）,,x,,分岐なし（xのみ）,,99,手術なし,,x,処置等1の分岐なし,2,"処置等2=2: H001(脳血管疾患等リハビリテーション料（１）（１単位）（理学療法士による場合）)[レセ電=180745310, 実施日=2026-06-17;2026-06-18;2026-06-19;2026-06-22;2026-06-23;2026-06-24;2026-06-25;2026-06-29;2026-06-30;2026-07-01;2026-07-02;2026-07-03;2026-07-06;2026-07-07;2026-07-08;2026-07-09], H001(脳血管疾患等リハビリテーション料（１）（１単位）（言語聴覚士による場合）)[レセ電=180745510, 実施日=2026-06-17;2026-06-20;2026-06-21;2026-06-23;2026-06-24;2026-06-25;2026-06-26;2026-06-29;2026-06-30;2026-07-01;2026-07-03;2026-07-04;2026-07-05;2026-07-07;2026-07-08], H001(脳血管疾患等リハビリテーション料（１）（１単位）（作業療法士による場合）)[レセ電=180745410, 実施日=2026-06-21;2026-06-27;2026-06-28;2026-06-29;2026-06-30;2026-07-02;2026-07-04;2026-07-05;2026-07-06;2026-07-09]",0,副傷病なし（AI/EF探索で該当なし）,,x,重症度の分岐なし (全 x),,010060xx99x20x,"入院期間I:7日/3191点
入院期間II:14日/2168点
入院期間III:60日/1842点","入院日数25日
入院期間I:3191×7日=22337
入院期間II:2168×7日=15176
入院期間III:1842×11日=20262
合計:57775",57775,selected,,false,false,,010060xx99x20x,,010060xx99x20x,1000,同点候補なし,,,
7006972,2026-06-16,2026-07-10,ok,85.1,I72.6,左椎骨動脈解離（未破裂）,未破裂椎骨動脈解離,0.55,010030,未破裂脳動脈瘤,"1. 入院目的: 椎骨動脈解離に起因する脳梗塞の急性期管理と、解離病変自体の経過観察・評価。
2. 主病名: カルテで繰り返し「左椎骨動脈解離」と記載されており、くも膜下出血を伴う記載はなく、未破裂解離として I72.6 が適合する。
3. 中心治療: 脳血管超音波・造影CT・3T-MRI による血管病変評価、抗血小板療法、凝固・自己抗体・血栓性素因精査、モニタリング。
- 本来の原疾患は椎骨動脈解離であり、その結果として延髄外側梗塞を来している経過で、原因血管病変として独立した治療・経過観察の対象となっている。
- 画像やドプラ検査など、解離病変の形態変化・再破裂/再梗塞リスク評価のための資源投入が行われている点から、原疾患として最資源投入病名候補となりうる。
- DPC6 は 010030「未破裂脳動脈瘤」であり、未破裂解離性脳動脈瘤としての扱いで、頭頸部血管評価や経過観察中心の本症例とも整合する（手術Kコードは今回なし）。",x,,分岐なし（xのみ）,,x,,分岐なし（xのみ）,,99,手術なし,,0,トリガーにマッチする処置コードなし,x,処置等2の分岐なし,x,副傷病の分岐なし,,x,重症度の分岐なし (全 x),,010030xx990xxx,"入院期間I:3日/3762点
入院期間II:6日/2355点
入院期間III:30日/2002点","入院日数25日
入院期間I:3762×3日=11286
入院期間II:2355×3日=7065
入院期間III:2002×19日=38038
合計:56389",56389,rejected,点数が低い (差 1386),,,,,,,,,,,
7006972,2026-06-16,2026-07-10,ok,85.1,G45.0,脳底動脈循環不全（一過性脳虚血発作）,脳底動脈循環不全,0.4,010061,一過性脳虚血発作,"1. 入院目的: 実際には梗塞確定だが、入院初期や発症前後に脳底動脈系の循環不全/TIA として評価されていた可能性が高い後方循環症状。
2. 主病名: 椎骨動脈解離・延髄外側梗塞という後方循環障害の背景から、症状が一過性であった時点や診断検討段階では G45.0（脳底動脈循環不全）として扱われうる病態が想定される。
3. 中心治療: 心電図・ホルター心電図、心エコー・頸部血管エコー、脳血流ドプラ等、TIA 含む脳底動脈循環不全の原因検索として行われうる検査の多くが実施されている。
- 実際には延髄外側梗塞として確定しているが、後方循環症状の評価・TIA鑑別のための検査群（ホルター、心エコー、血管ドプラ等）に相応の資源が投下されている。
- 一過性脳虚血発作としての DPC6(010061) は、画像で確定梗塞をとらえる前後の診断カテゴリとして、資源投入の一部が紐づきうるため補助的候補として保持。
- ただしカルテ上は明示記載がなく、最終的には脳梗塞診断に収束しているため、confidence は低めとする。",x,,分岐なし（xのみ）,,x,,分岐なし（xのみ）,,xx,パターン xx,,x,処置等1の分岐なし,0,トリガーにマッチする処置コードなし,x,副傷病の分岐なし,,x,重症度の分岐なし (全 x),,010061xxxxx0xx,"入院期間I:3日/3996点
入院期間II:5日/2835点
入院期間III:30日/2334点","入院日数25日
入院期間I:3996×3日=11988
入院期間II:2835×2日=5670
入院期間III:2334×20日=46680
合計:64338",64338,rejected,上位候補に劣る,,,,,,,,,,,
7006972,2026-06-16,2026-07-10,ok,85.1,G81.9,脳梗塞後片麻痺（後遺症期）,脳梗塞後の片麻痺,0.42,010310,脳の障害（その他）,"1. 入院目的: 主として急性期〜亜急性期だが、入院時点で症状は「軽度」で安定と繰り返し記載されており、機能障害に対するリハビリ入院の性格も併存。
2. 主病名: 入院期間を通じて「左上下肢測定障害軽度」「左上下肢異常感覚軽度」「歩行やや動揺性」などの後遺症的症状が中心であり、リハビリテーションの主対象としては脳梗塞後の片麻痺・失調等の後遺障害として G81.9 が近い。
3. 中心治療: 脳血管疾患等リハビリテーション料（理学療法・作業療法・言語）、早期リハ加算、総合計画立案（H003）など、機能障害の改善を主目的とした医療資源が継続投入されている。
- 本入院が急性期治療からリハビリ継続期までをカバーしている可能性があり、特に日々の記録では症状安定・軽度で、リハ室でのバランス訓練・歩行訓練が中心となっている。
- これらリハビリ資源は DPC6「010310 脳の障害（その他）」に紐づく G81.9 でも説明しうるため、後遺症管理目的入院という切り口からの主傷病候補として保持する価値がある。
- ただし記載上はまだ急性期/進展あり（「やや下部に進展」）とされ、急性期脳梗塞としての側面が強いため、主候補は I63 系とし、本候補の優先度は低めとする。",x,,分岐なし（xのみ）,,x,,分岐なし（xのみ）,,99,手術なし,,x,処置等1の分岐なし,0,トリガーにマッチする処置コードなし,0,副傷病なし（AI/EF探索で該当なし）,,x,重症度の分岐なし (全 x),,010310xx99x00x,"入院期間I:3日/3059点
入院期間II:6日/2218点
入院期間III:30日/1885点","入院日数25日
入院期間I:3059×3日=9177
入院期間II:2218×3日=6654
入院期間III:1885×19日=35815
合計:51646",51646,rejected,点数が低い (差 6129),,,,,,,,,,,
7007241,2026-06-16,2026-07-02,ok,116.6,I63.5,急性小脳梗塞（左PICA領域）,小脳梗塞,0.9,010060,脳梗塞,"1. 入院目的: 突然の回転性めまい・嘔吐で発症した小脳（左PICA領域）の脳梗塞に対する急性期内科的治療とリハビリ目的の入院。
2. 主病名: カルテ診断「脳梗塞（左PICA領域）」「脳梗塞（小脳）」より、血管起始部の高度狭窄を伴う後下小脳動脈領域の急性小脳梗塞と判断し、局在を反映するI63.5（小脳梗塞）を選択。
3. 中心治療: ヘパリン・エダラボン等の急性期脳梗塞治療、持続点滴管理（G000, G004）、脳血管精査（MRI, CT, 3DCTA, 超音波各種）、脳血管疾患等リハビリ（H001一連）を集中的に実施。
- 診断根拠として、DWIで左小脳半球（PICA領域）の高信号、FLAIR軽度変化、MRAで左PICA描出不良および3DCTAで起始部高度狭窄が明記されており、小脳の急性期梗塞として矛盾しない。
- 入院中の全ての主要医療資源（点滴、モニタリング、画像検査、心エコー・血管エコー、脳血管リハ）がこの病態の評価と治療に集中しているため、最資源投入病名として非常に妥当。
- 解離が問題となったが画像的に否定的であり、「脳梗塞　病型不明→アテローム／血栓性の可能性を検討」という経過からも、病型・原因ではなく病態としての急性小脳梗塞を主とするのが自然。
- I63.5（小脳梗塞）はsearch結果上DPC6「010060 脳梗塞」に対応しており、脳梗塞急性期管理やリハビリを中心とした本入院の資源投入実態と整合する。",x,,分岐なし（xのみ）,,x,,分岐なし（xのみ）,,99,手術なし,,x,処置等1の分岐なし,4,"処置等2=4: 0049(エダラボン), (エダラボン点滴静注液３０㎎バッグ「ＮＰ」　１００ｍｌ)[レセ電=622079601, 実施日=2026-06-16;2026-06-17;2026-06-18;2026-06-19]",0,副傷病なし（AI/EF探索で該当なし）,,x,重症度の分岐なし (全 x),,010060xx99x40x,"入院期間I:7日/3497点
入院期間II:14日/2400点
入院期間III:60日/1921点","入院日数17日
入院期間I:3497×7日=24479
入院期間II:2400×7日=16800
入院期間III:1921×3日=5763
合計:47042",47042,selected,,false,false,,010060xx99x40x,,010060xx99x40x,1000,同点候補なし,,,
7007241,2026-06-16,2026-07-02,ok,116.6,E78.5,脂質異常症（高LDLコレステロール血症）,脂質異常症,0.45,100300,代謝性疾患（糖尿病を除く。）,"1. 入院目的: 主たる入院目的は小脳梗塞の急性期治療だが、その危険因子としてLDL高値が指摘され、併存疾患として管理されている。
2. 主病名: カルテに「＃2：LDL 141mg/dl」「＃脂質異常症」と明記されており、脂質異常症としてE78.5を選択できる状況。
3. 中心治療: 主治療は脳梗塞だが、入院中に脂質プロファイルの測定（HDL, LDL, TG等）を行っており、退院後を見据えた抗血小板薬開始とともに二次予防として脂質管理が想定される。
- 本入院での資源投入の大部分は脳梗塞治療に費やされており、脂質異常症単独が最資源投入病名となる状況ではないが、脳梗塞の背景危険因子として継続管理対象であり、検査資源も一定量投入されている。
- ICD-10としては、特定の家族性要素や続発性要因の記載なく、一般的な脂質異常症としてE78.5（脂質異常症）が最も無難。
- DPC6では「100300 代謝性疾患（糖尿病を除く。）」に該当するが、本症例では脳梗塞グループ010060に比べ入院の中心とは言えず、補助的候補として位置付ける。",x,,分岐なし（xのみ）,,x,,分岐なし（xのみ）,,xx,パターン xx,,x,処置等1の分岐なし,0,トリガーにマッチする処置コードなし,x,副傷病の分岐なし,,x,重症度の分岐なし (全 x),,100300xxxxx0xx,,17日 包括対象外,,rejected,包括対象外,,,,,,,,,,,
7007645,2026-06-17,2026-06-27,ok,121.6,I44.2,完全房室ブロックによる徐脈,完全房室ブロック,0.9,050210,徐脈性不整脈,"1. 入院目的: 「完全房室ブロックに対する加療」と明記され，ER受診時HR24bpmで一時的PM挿入後に入院。
2. 主病名: カルテ記載の「完全房室ブロック」→ 徐脈性の第3度房室ブロックとして I44.2 を選択。
3. 中心治療: 一時的ペースメーカー留置後，経静脈リードによるペースメーカー植込み術（K597）を施行。
・徐脈に伴う心不全症状（倦怠感・息切れ・下肢浮腫・胸水）を惹起しており，本病態が今回の急性増悪のトリガー。
・主要な侵襲的治療（永久ペースメーカー植込み）の直接対象であり，医療資源投入の中心。
・ICD-10 I44.2「完全房室ブロック」はカルテ用語と一致し，後天性CAVBに最も整合。
・I44.2 に対応するDPC6は「050210 徐脈性不整脈」で，関連KコードにK5971/2/3, K597-2などペースメーカー移植術が含まれ，EFレコードのK597と整合。
・慢性心不全はベースにあるが，本入院では徐脈性不整脈そのものへのデバイス治療が主資源投入と判断できる。",x,,分岐なし（xのみ）,,x,,分岐なし（xのみ）,,97,その他の手術（1件のKコードが他パターンに非該当）,K597(ペースメーカー移植術（経静脈電極の場合）),0,トリガーにマッチする処置コードなし,0,トリガーにマッチする処置コードなし,x,副傷病の分岐なし,,x,重症度の分岐なし (全 x),,050210xx9700xx,"入院期間I:4日/3063点
入院期間II:9日/2173点
入院期間III:30日/1847点","入院日数11日
入院期間I:3063×4日=12252
入院期間II:2173×5日=10865
入院期間III:1847×2日=3694
合計:26811",26811,rejected,点数が低い (差 5977),,,,,,,,,,,
7007645,2026-06-17,2026-06-27,ok,121.6,I50.1,左室駆出率保たれた慢性心不全の増悪,左室駆出率の保たれた心不全,0.78,050130,心不全,"1. 入院目的: 地域医から「徐脈による心不全を疑われ当院紹介」とされ，下肢浮腫・息切れ・胸水貯留を認める。
2. 主病名: 診断名として「＃2：慢性心不全」，EF 55%と記載され，左室駆出率保たれた心不全として I50.1 が適合。
3. 中心治療: 胸水残存に対する薬物治療，心大血管疾患リハビリテーション，酸素投与，心不全精査（NT-proBNP等）。
・入院契機症状（呼吸困難，下肢浮腫，胸水）が心不全像であり，入院期間を通じて治療・モニタリングの中心病態の一つ。
・EF 55%と保たれており，HFrEFではなくHFpEFに相当するため，I50.1「左室駆出率の保たれた心不全」を選択。
・I50.1のDPC6は「050130 心不全」で，心大血管リハビリテーション料（H000）や各種心不全関連Kコードと整合する分類。
・完全房室ブロックがトリガーであるものの，心不全自体にも酸素療法やリハビリ，検査・薬物調整など多くの資源が投下されており，徐脈性不整脈と並ぶ有力候補となる。",x,,分岐なし（xのみ）,,x,,分岐なし（xのみ）,,97,その他の手術（1件のKコードが他パターンに非該当）,K597(ペースメーカー移植術（経静脈電極の場合）),0,トリガーにマッチする処置コードなし,0,"処置等2=0: H000(心大血管疾患リハビリテーション料（１）（１単位）（理学療法士による場合）)[レセ電=180744210, 実施日=2026-06-18;2026-06-20;2026-06-21;2026-06-22;2026-06-23;2026-06-24;2026-06-25;2026-06-26]",0,トリガーに該当する副傷病なし,,x,重症度の分岐なし (全 x),,050130xx97000x,"入院期間I:9日/3140点
入院期間II:18日/2264点
入院期間III:60日/1924点","入院日数11日
入院期間I:3140×9日=28260
入院期間II:2264×2日=4528
合計:32788",32788,selected,,false,false,,050130xx97000x,,050130xx97000x,1000,同点候補なし,,,
7007645,2026-06-17,2026-06-27,ok,121.6,N18.3,慢性腎臓病ステージG3a,慢性腎臓病ステージＧ３ａ,0.55,110280,慢性腎炎症候群・慢性間質性腎炎・慢性腎不全,"1. 入院目的: 徐脈と心不全が主目的だが，併存疾患として慢性腎臓病G3aが明記されている。
2. 主病名: 「# 慢性腎臓病G3a」と診断記載あり → CKDステージG3aとして N18.3 を選択。
3. 中心治療: 詳細な腎専門治療の記載はないが，腎機能を踏まえた薬剤・輸液調整，頻回の腎機能検査が行われている。
・心不全や造影・薬物治療において腎機能は重要な制限因子であり，入院管理方針に影響を与える慢性病態。
・複数回の腎関連検査（尿素窒素・クレアチニンなど）が施行されており，入院中もモニタリングが継続。
・ICD-10 N18.3「慢性腎臓病ステージＧ３ａ」はカルテ記載と一致し，DPC6「110280 慢性腎炎症候群・慢性間質性腎炎・慢性腎不全」に対応。
・手術・重症管理の直接原因ではないが，併存症として治療計画に影響し一定の資源投入があるため，条件次第で主傷病として採用されうる補助候補とした。",x,,分岐なし（xのみ）,,x,,分岐なし（xのみ）,,97,その他の手術（1件のKコードが他パターンに非該当）,K597(ペースメーカー移植術（経静脈電極の場合）),x,処置等1の分岐なし,0,トリガーにマッチする処置コードなし,0,トリガーに該当する副傷病なし,,x,重症度の分岐なし (全 x),,110280xx97x00x,"入院期間I:6日/3004点
入院期間II:11日/2131点
入院期間III:30日/1811点","入院日数11日
入院期間I:3004×6日=18024
入院期間II:2131×5日=10655
合計:28679",28679,rejected,点数が低い (差 4109),,,,,,,,,,,
7007645,2026-06-17,2026-06-27,ok,121.6,I10,本態性高血圧症,本態性高血圧症,0.45,050140,高血圧性疾患,"1. 入院目的: 高血圧自体は入院理由ではないが，救急外来で血圧240/80mmHgと高度高血圧を示している。
2. 主病名: SOAP_Sで「# 高血圧症」と記載され，二次性の記載なく本態性高血圧と考えI10を選択。
3. 中心治療: 心不全・徐脈治療と並行して降圧薬調整がなされた可能性が高いが，具体的処置コードは不明。
・長期的に心不全や房室伝導障害の背景リスクとなる病態であり，入院時も重度高血圧を呈している。
・ICD-10 I10「本態性高血圧症」は診断名と整合し，DPC6「050140 高血圧性疾患」に対応。
・直接の手術対象や急性重症管理の原因ではなく，あくまで背景疾患としての位置づけだが，心大血管リハビリや全身管理に影響するため，条件によっては主傷病として選択されうる補助候補として保持した。",x,,分岐なし（xのみ）,,x,,分岐なし（xのみ）,,97,その他の手術（1件のKコードが他パターンに非該当）,K597(ペースメーカー移植術（経静脈電極の場合）),x,処置等1の分岐なし,0,トリガーにマッチする処置コードなし,x,副傷病の分岐なし,,x,重症度の分岐なし (全 x),,050140xx97x0xx,"入院期間I:7日/3171点
入院期間II:15日/2216点
入院期間III:60日/1884点","入院日数11日
入院期間I:3171×7日=22197
入院期間II:2216×4日=8864
合計:31061",31061,rejected,点数が低い (差 1727),,,,,,,,,,,
7007760,2026-06-18,2026-07-14,ok,68.2,C250,膵頭部癌，多発肝転移，十二指腸浸潤,膵頭部癌,0.9,06007x,膵臓、脾臓の腫瘍,"1. 入院目的: 黄疸を主訴に紹介入院し，画像・内視鏡で膵頭部腫瘍と多発肝転移を疑われ減黄と腫瘍精査を目的として入院。
2. 主病名: カルテで「膵癌、多発肝転移、十二指腸浸潤」と一貫記載され，十二指腸生検でadenocarcinomaが確認され，免疫染色から膵癌の十二指腸浸潤が示唆される悪性腫瘍に合致 → 膵頭部癌 C250。
3. 中心治療: EUS-HGS（K682）、十二指腸ステント留置（K651）、各種内視鏡・造影CT・頻回採血など，黄疸・通過障害の原因となる膵頭部癌に対する減黄・通過路確保が入院全期間を通じた中心。
・膵頭部腫瘍が総胆管・十二指腸を圧排/浸潤し閉塞性黄疸と十二指腸狭窄を来し，これに対するEUS-HGSや十二指腸ステントが実施されており，最大の医療資源投入先が腫瘍本体である。
・IC・病名告知・化学療法/緩和方針決定など，今後の治療計画も膵頭部癌を前提として行われている。
・ICD-10 C250（膵頭部癌）は「膵頭部癌」「膵頭部の悪性腫瘍」に対応し，本症例の画像所見・病理（CK7陽性，CK20弱陽性で膵原発示唆）と整合。
・DPC6 06007x（膵臓、脾臓の腫瘍）は関連Kコードとして膵切除・胆道再建などを持つが，本症例でも膵悪性腫瘍に対する内視鏡的ステント留置（K651）やEUS下瘻孔形成（K682）が行われており，膵腫瘍DPCとの資源投入実態が整合する。
・閉塞性黄疸そのもの（K831等）よりも，原因腫瘍である膵頭部癌が入院全体の主軸であり，原疾患としてより上位概念で資源投入を説明できる。",x,,分岐なし（xのみ）,,x,,分岐なし（xのみ）,,97,その他の手術（2件のKコードが他パターンに非該当）,"K682(超音波内視鏡下瘻孔形成術（腹腔内膿瘍に対するもの）), K651(内視鏡的胃、十二指腸ステント留置術)",x,処置等1の分岐なし,0,トリガーにマッチする処置コードなし,x,副傷病の分岐なし,,x,重症度の分岐なし (全 x),,06007xxx97x0xx,"入院期間I:5日/3237点
入院期間II:10日/2297点
入院期間III:30日/1952点","入院日数27日
入院期間I:3237×5日=16185
入院期間II:2297×5日=11485
入院期間III:1952×17日=33184
合計:60854",60854,rejected,点数が低い (差 4411),,,,,,,,,,,
7007760,2026-06-18,2026-07-14,ok,68.2,K831,膵癌に伴う閉塞性黄疸,閉塞性黄疸,0.8,060340,胆管（肝内外）結石、胆管炎,"1. 入院目的: 主訴は黄疸であり，「閉塞性黄疸」で紹介・入院。治療計画も当初はまず減黄を最優先とされている。
2. 主病名: カルテ上「閉塞性黄疸」「膵癌に伴う閉塞性黄疸」と一貫記載され，膵頭部癌・多発肝転移・十二指腸浸潤により総胆管閉塞をきたした閉塞性黄疸に該当 → K831（閉塞性黄疸）。
3. 中心治療: ERCPトライ，EUS-HGSによる胆道ドレナージ，十二指腸ステント留置，点滴・酸素・頻回肝胆道系採血など減黄と胆道ドレナージが入院前半～中盤の中心医療資源。
・ERCPは十二指腸浸潤狭窄で不成功となり，EUS-HGS（肝内胆管－胃吻合）および十二指腸ステントで減黄と通過路確保が図られており，まさに閉塞性黄疸の治療そのものが主要介入。
・入院中にT-Bil 18→5 mg/dL台まで低下しており，治療効果のモニタリングも肝胆道系酵素・ビリルビンを指標として継続されている。
・ICD-10 K831「閉塞性黄疸」は原因が腫瘍であっても閉塞性機序による黄疸に用いられ，本症例の肝外胆道閉塞に整合する。
・DPC6 060340（胆管結石・胆管炎等）は必須KコードにK682-2/3/1/2，K685x等，胆管ドレナージ・胆道内手術を含み，実施されたEUS-HGSに対応するK682（超音波内視鏡下瘻孔形成術）が手術分岐に含まれているため，ドレナージ主体の今回入院像ともよく合う。
・原因腫瘍C250とどちらを主とするかは施設運用次第だが，「減黄・胆道ドレナージ」に最も直接医療資源が投下されている点で，最資源投入病名候補として独立して成立する。",x,,分岐なし（xのみ）,,x,,分岐なし（xのみ）,,97,その他の手術（2件のKコードが他パターンに非該当）,"K682(超音波内視鏡下瘻孔形成術（腹腔内膿瘍に対するもの）), K651(内視鏡的胃、十二指腸ステント留置術)",x,処置等1の分岐なし,0,トリガーにマッチする処置コードなし,x,副傷病の分岐なし,,x,重症度の分岐なし (全 x),,060340xx97x0xx,"入院期間I:6日/3359点
入院期間II:12日/2406点
入院期間III:30日/2045点","入院日数27日
入院期間I:3359×6日=20154
入院期間II:2406×6日=14436
入院期間III:2045×15日=30675
合計:65265",65265,selected,,false,false,,060340xx97x0xx,,060340xx97x0xx,1000,同点候補なし,,,
7007760,2026-06-18,2026-07-14,ok,68.2,C787,多発肝転移（膵癌による続発性肝悪性腫瘍）,肝オリゴ転移,0.55,060050,肝・肝内胆管の悪性腫瘍（続発性を含む。）,"1. 入院目的: 高野病院受診時点で「膵癌・多発肝転移疑い」とされており，全身転移を前提に予後や治療強度の検討が必要な進行癌として紹介されている。
2. 主病名: 画像上「多発肝転移」が強調されており，膵癌原発の続発性肝悪性腫瘍としてC787/続発性肝腫瘍カテゴリに相当 → 肝転移を主とした診断名「多発肝転移」。
3. 中心治療: 肝転移自体に局所治療は行っていないが，造影CTなどで転移範囲を評価し，化学療法適応やBSC選択を含めた意思決定が行われている。予後・治療方針のICでは多発肝転移の存在が重要な判断材料となり，ケア体制や紹介先選定にも影響している。
・DPC的には原発巣（膵）のDPC6(06007x)を用いることが多いが，肝転移が高度で肝機能障害や黄疸の主因となっているケースでは，続発性肝悪性腫瘍DPC6 060050の選択を検討する場面もありうるため，候補として保持。
・ICD-10 C787は「肝への転移」に対応し，多発性であっても使用可能であり，カルテ記載の「多発肝転移」と整合する。
・本症例では閉塞性黄疸は膵頭部腫瘍本体の胆道圧排が主体とされているが，肝転移も肝機能悪化や予後決定因子として重要であり，進行肝転移が資源投入（検査・IC・治療選択）に大きく寄与している可能性があるため，補助的候補とした。",x,,分岐なし（xのみ）,,x,,分岐なし（xのみ）,,97,その他の手術（2件のKコードが他パターンに非該当）,"K682(超音波内視鏡下瘻孔形成術（腹腔内膿瘍に対するもの）), K651(内視鏡的胃、十二指腸ステント留置術)",x,処置等1の分岐なし,0,トリガーにマッチする処置コードなし,x,副傷病の分岐なし,,x,重症度の分岐なし (全 x),,060050xx97x0xx,"入院期間I:5日/3216点
入院期間II:10日/2311点
入院期間III:30日/1964点","入院日数27日
入院期間I:3216×5日=16080
入院期間II:2311×5日=11555
入院期間III:1964×17日=33388
合計:61023",61023,rejected,点数が低い (差 4242),,,,,,,,,,,
7007760,2026-06-18,2026-07-14,ok,68.2,K315,十二指腸狭窄（膵癌による十二指腸浸潤）,十二指腸閉塞,0.45,060130,食道、胃、十二指腸、他腸の炎症（その他良性疾患）,"1. 入院目的: 初診時から「十二指腸浸潤疑い」と記載され，その後のERCPでスコープが通過できないほどの十二指腸狭窄が確認されている。これに対して十二指腸ステント留置を行い，通過障害の解除も重要な治療目標となった。
2. 主病名: 十二指腸浸潤に伴う機械的狭窄・閉塞として臨床的には「十二指腸狭窄」あるいは「十二指腸閉塞」に相当 → K315（十二指腸閉塞）を狭窄病態の包括コードとして採用しうる。
3. 中心治療: 十二指腸ステント留置術（K651）が施行され，その後の食事再開・食上げなど栄養管理の中心が通過障害改善に置かれている。ステント留置自体は侵襲的であり，栄養状態・ADL維持に直結する重要な資源投入である。
・原発膵頭部癌の十二指腸浸潤によるが，通過障害としての十二指腸狭窄に対して直接ステントが留置されており，術式的には消化管狭窄解除が主目的とも解釈できるため，最資源投入病名として成立しうる近接候補。
・ICD-10上は腫瘍浸潤による狭窄でもK315「十二指腸閉塞」を用いることがあり，本症例の内視鏡所見（スコープ通過不能）と合致する。
・DPC6側では060130（食道・胃・十二指腸等の炎症・良性疾患）に紐づくが，K651（内視鏡的胃・十二指腸ステント）は膵・胆道悪性や小腸狭窄など複数DPCで用いられうるため，実運用では膵腫瘍DPCを選択することが多いと考えられる。そのため，本候補はやや下位ながらもステント留置の直接対象疾患として保持する。",x,,分岐なし（xのみ）,,x,,分岐なし（xのみ）,,03,パターン 03（必須Kコード 1 マッチ）,K651(内視鏡的胃、十二指腸ステント留置術),x,処置等1の分岐なし,0,トリガーにマッチする処置コードなし,x,副傷病の分岐なし,,x,重症度の分岐なし (全 x),,060130xx03x0xx,"入院期間I:6日/3083点
入院期間II:12日/2187点
入院期間III:30日/1859点","入院日数27日
入院期間I:3083×6日=18498
入院期間II:2187×6日=13122
入院期間III:1859×15日=27885
合計:59505",59505,rejected,点数が低い (差 5760),,,,,,,,,,,
7008445,2026-06-30,2026-07-08,ok,39.4,I200,増悪型不安定狭心症に対する前下行枝ステント留置後,不安定狭心症,0.9,050050,狭心症、慢性虚血性心疾患,"1. 入院目的: 労作時胸痛増悪と冠動脈CTでのLAD/右冠動脈有意狭窄に対しad hoc PCI目的入院と記載。
2. 主病名: カルテで一貫して「不安定狭心症」と明記されており、ICD-10ではI200（不安定狭心症）が対応。
3. 中心治療: K549 経皮的冠動脈ステント留置術、連日の心電図・心エコー・血液検査、心大血管疾患リハビリを実施。
4. PCIという高侵襲・高点数の手技の直接対象が本疾患であり、入院全期間の治療の中心でもある。
5. hsトロポニンI上昇や症状増悪から「増悪型不安定狭心症」と判断されており、急性心筋梗塞I219ではなく不安定狭心症カテゴリが臨床像に合致。
6. DPC6はI200→050050（狭心症、慢性虚血性心疾患）となり、同DPC6にK5493等PCI関連Kコードが多数紐づいており、今回EFのK549とよく整合する。",x,,分岐なし（xのみ）,,x,,分岐なし（xのみ）,,97,その他の手術（1件のKコードが他パターンに非該当）,K549(経皮的冠動脈ステント留置術（不安定狭心症に対するもの）),x,処置等1の分岐なし,0,トリガーにマッチする処置コードなし,x,副傷病の分岐なし,,x,重症度の分岐なし (全 x),,050050xx97x0xx,"入院期間I:3日/4085点
入院期間II:7日/2612点
入院期間III:30日/2220点","入院日数9日
入院期間I:4085×3日=12255
入院期間II:2612×4日=10448
入院期間III:2220×2日=4440
合計:27143",27143,selected,,false,false,,050050xx97x0xx,,050050xx97x0xx,1000,同点候補なし,,,
7008445,2026-06-30,2026-07-08,ok,39.4,I219,非ST上昇型急性心筋梗塞疑い（トロポニン上昇を伴うACS）,非ＳＴ上昇型急性心筋梗塞,0.45,050030,急性心筋梗塞（続発性合併症を含む。）、再発性心筋梗塞,"1. 入院目的: 労作時胸部不快感とトロポニンI上昇を伴う急性冠症候群として入院、早期CAG/PCI目的と記載。
2. 主病名: 医師は「増悪型不安定狭心症」と記載しているが、トロポニンIが171→317と高値であり、臨床的には非ST上昇型心筋梗塞（NSTEMI）相当の病態も鑑別に上がる。
3. 中心治療: PCI（K549）、心電図・トロポニン・CK-MB等の頻回検査、心大血管リハなど、急性冠症候群に対する標準的急性期治療を施行。
4. ACSスペクトラムの中で不安定狭心症とNSTEMIは近接病態であり、トロポニン上昇の程度によってはI219（非ST上昇型急性心筋梗塞）としても臨床像が矛盾しない。
5. I219はDPC6=050030（急性心筋梗塞）に分類され、同DPC6にはPCI関連K5493等が含まれ、EFのK549とも技術的には整合するため、主傷病候補として保持しておく価値がある。
6. ただしカルテ上はあくまで不安定狭心症とされ、心エコーでも収縮低下なし・心不全所見無しと比較的軽症であることから、I200よりやや確信度を低めに評価。",x,,分岐なし（xのみ）,,x,,分岐なし（xのみ）,,97,その他の手術（1件のKコードが他パターンに非該当）,K549(経皮的冠動脈ステント留置術（不安定狭心症に対するもの）),x,処置等1の分岐なし,0,"処置等2=0: H000(心大血管疾患リハビリテーション料（１）（１単位）（理学療法士による場合）)[レセ電=180744210, 実施日=2026-07-02], H000(心大血管疾患リハビリテーション料（１）（１単位）（作業療法士による場合）)[レセ電=180744310, 実施日=2026-07-01;2026-07-03;2026-07-06;2026-07-07], H000(心大血管疾患リハビリテーション料（１）（１単位）（看護師による場合）)[レセ電=180744510, 実施日=2026-07-04;2026-07-05], H000(心大血管疾患リハビリテーション料（１）（１単位）（集団療法による場合）)[レセ電=180744610, 実施日=2026-07-06]",x,副傷病の分岐なし,,x,重症度の分岐なし (全 x),,050030xx97x0xx,"入院期間I:3日/4151点
入院期間II:12日/2457点
入院期間III:60日/2088点","入院日数9日
入院期間I:4151×3日=12453
入院期間II:2457×6日=14742
合計:27195",27195,rejected,上位候補に劣る,,,,,,,,,,,
7008445,2026-06-30,2026-07-08,ok,39.4,I10,本態性高血圧症,本態性高血圧症,0.4,050140,高血圧性疾患,"1. 入院目的: 主目的は冠動脈インターベンションだが、SOAPで高血圧症が併存診断としてたびたび明記されている。
2. 主病名: 「＃高血圧症」とのみ記載され、二次性の記載がなく、本態性高血圧（I10）が妥当。
3. 中心治療: オルメサルタン開始・増量、アムロジピン追加など降圧薬導入・調整が入院中に行われており、一定の医療資源が高血圧管理にも投入されている。
4. ただし手術やリハビリの主対象は狭心症であり、高血圧そのものに対する特別な検査や重症管理はなく、最資源投入病名としては補助的候補にとどまる。
5. ICD-10 I10→DPC6=050140（高血圧性疾患）でDPC対象コードであることを確認済だが、本症例のK549や心リハなど主要資源とDPC6は必ずしも直接対応しない。",x,,分岐なし（xのみ）,,x,,分岐なし（xのみ）,,97,その他の手術（1件のKコードが他パターンに非該当）,K549(経皮的冠動脈ステント留置術（不安定狭心症に対するもの）),x,処置等1の分岐なし,0,トリガーにマッチする処置コードなし,x,副傷病の分岐なし,,x,重症度の分岐なし (全 x),,050140xx97x0xx,"入院期間I:7日/3171点
入院期間II:15日/2216点
入院期間III:60日/1884点","入院日数9日
入院期間I:3171×7日=22197
入院期間II:2216×2日=4432
合計:26629",26629,rejected,点数が低い (差 514),,,,,,,,,,,
7008445,2026-06-30,2026-07-08,ok,39.4,E785,脂質異常症,脂質異常症,0.35,100300,代謝性疾患（糖尿病を除く。）,"1. 入院目的: ACS/PCI目的入院であり、脂質異常症は背景動脈硬化リスクとして位置づけられている。
2. 主病名: SOAPで「＃脂質異常症」と併存診断として毎回記載されており、ICD-10ではE785（脂質異常症）が最も直接的。
3. 中心治療: LDL高値に対するスタチン系薬（退院時ネクセトール追加）など脂質管理介入が行われているが、これは主に二次予防目的であり、入院期間全体の資源投入の中心ではない。
4. 動脈硬化性心疾患の重要な原因ではあるものの、今回の主要な医療資源（PCI・心リハ・心電図・トロポニン測定等）は狭心症/ACSに対して行われており、脂質異常症単独を最資源投入病名とみなす根拠は限定的。
5. E785→DPC6=100300（代謝性疾患）でDPC対象ではあるが、K549等心血管インターベンションとのDPC6レベルの整合は乏しく、相対的には補助的候補。",x,,分岐なし（xのみ）,,x,,分岐なし（xのみ）,,xx,パターン xx,,x,処置等1の分岐なし,0,トリガーにマッチする処置コードなし,x,副傷病の分岐なし,,x,重症度の分岐なし (全 x),,100300xxxxx0xx,,9日 包括対象外,,rejected,包括対象外,,,,,,,,,,,
7010022,2026-06-28,2026-07-09,ok,84.6,I211,下壁ST上昇型急性心筋梗塞,急性下壁心筋梗塞,0.95,050030,急性心筋梗塞（続発性合併症を含む。）、再発性心筋梗塞,"1. 入院目的: 胸痛を主訴に救急搬送され、ACS加療目的で入院。前医ECGで下壁領域のST上昇を認めSTEMIと診断され、当院で緊急カテーテル・PCI施行。
2. 主病名: カルテ上「STEACS」「inferior STEMI」「STEMI inf.」と連日記載されており、責任病変はLCX#14で下壁ST上昇型急性心筋梗塞に相当。
3. 中心治療: K546（急性心筋梗塞に対する経皮的冠動脈形成術）、深夜手術加算、精密持続点滴、酸素投与、心大血管疾患リハビリ、EHCU管理など心筋梗塞急性期治療に集中。
4. 本疾患が入院の直接契機かつ最大の医療資源投入先であり、PCIおよび集中管理の対象。
5. CK/CK-MB、トロポニンIの上昇とST上昇、胸痛持続の経過が急性下壁心筋梗塞の診断基準を満たす。
6. ICD-10 I211「急性下壁心筋梗塞」はカルテの“inferior STEMI”表現と整合し、責任冠動脈LCXに一致。
7. DPC6は050030で、付随手術Kコード群にK5461-3を含み、EF上のK546と完全に整合するため、DPC分類上も本疾患が主病候補として最も自然。",x,,分岐なし（xのみ）,,x,,分岐なし（xのみ）,,97,その他の手術（2件のKコードが他パターンに非該当）,"K546(経皮的冠動脈形成術（急性心筋梗塞に対するもの）), K000(深夜加算１（手術）)",x,処置等1の分岐なし,0,"処置等2=0: H000(心大血管疾患リハビリテーション料（１）（１単位）（理学療法士による場合）)[レセ電=180744210, 実施日=2026-07-01], H000(心大血管疾患リハビリテーション料（１）（１単位）（作業療法士による場合）)[レセ電=180744310, 実施日=2026-07-02;2026-07-03;2026-07-06;2026-07-07;2026-07-08], H000(心大血管疾患リハビリテーション料（１）（１単位）（集団療法による場合）)[レセ電=180744610, 実施日=2026-07-03;2026-07-06]",x,副傷病の分岐なし,,x,重症度の分岐なし (全 x),,050030xx97x0xx,"入院期間I:3日/4151点
入院期間II:12日/2457点
入院期間III:60日/2088点","入院日数12日
入院期間I:4151×3日=12453
入院期間II:2457×9日=22113
合計:34566",34566,selected,,true,false,0.97,050030xx97x0xx,050030xx97x0xx,050030xx97x0xx,1000,同点候補あり,"入院目的は「ACS加療」であり，主訴は胸痛。カルテで一貫して「inferior STEMI」「STEMI inf.」と記載され，急性下壁梗塞に対して深夜の緊急PCI（K546, K000）とEHCU管理など最大の医療資源が投入されている。既往の陳旧性前壁心筋梗塞は基礎疾患として扱われており，本入院の主たる治療ターゲットではないため，050030/I211 を主病名とする候補0が妥当。",,
7010022,2026-06-28,2026-07-09,ok,84.6,I252,陳旧性前壁心筋梗塞,陳旧性前壁心筋梗塞,0.7,050050,狭心症、慢性虚血性心疾患,"1. 入院目的: ACS加療目的だが、既往歴として2017年12月の陳旧性心筋梗塞とPCI施行歴（LAD#7 90%）が明記されており、今回も同部位への追加PCIが行われている。
2. 主病名: カルテで一貫して「OMI ant./PCI後」と記載され、前壁の壁運動異常（apical akinesis, anteroseptum hypokinesis）が残存している。
3. 中心治療: 今回のCAG/PCIではLCX#14に加えLAD#7にもOnyx stentが追加留置されており、陳旧梗塞に伴う慢性虚血病変に対する再血行再建にも医療資源が投入されている。
4. 既存の陳旧前壁梗塞に起因する慢性虚血性心疾患として、LAD病変へのPCIは050050群（狭心症・慢性虚血性心疾患）に相当する資源投入であり、急性下壁梗塞とは別軸の主病候補となりうる。
5. ICD-10 I252「陳旧性前壁心筋梗塞」は、既往OMI ant.とエコー所見（apical akinesis等）に合致し、慢性期病変として妥当。
6. DPC6 050050「狭心症、慢性虚血性心疾患」はK546xなどPCI関連Kコードを多数含み、今回のLAD#7へのステント追加とも整合するため、急性下壁梗塞とは別DPC群として主病名候補となりうる。",x,,分岐なし（xのみ）,,x,,分岐なし（xのみ）,,97,その他の手術（2件のKコードが他パターンに非該当）,"K546(経皮的冠動脈形成術（急性心筋梗塞に対するもの）), K000(深夜加算１（手術）)",x,処置等1の分岐なし,0,トリガーにマッチする処置コードなし,x,副傷病の分岐なし,,x,重症度の分岐なし (全 x),,050050xx97x0xx,"入院期間I:3日/4085点
入院期間II:7日/2612点
入院期間III:30日/2220点","入院日数12日
入院期間I:4085×3日=12255
入院期間II:2612×4日=10448
入院期間III:2220×5日=11100
合計:33803",33803,rejected,点数が低い (差 763),,,,,,,,,,,
7010022,2026-06-28,2026-07-09,ok,84.6,N183,慢性腎臓病ステージG3b,慢性腎臓病ステージＧ３ｂ,0.55,110280,慢性腎炎症候群・慢性間質性腎炎・慢性腎不全,"1. 入院目的: ACS加療だが、入院初診時からCKD G3bとして認識され、造影剤使用や薬剤選択・量調整の際の重要な併存疾患として管理されている。
2. 主病名: カルテ診断名に「CKD G3b」「慢性腎臓病G3b」が繰り返し記載され、eGFR約34 mL/minとG3b基準を満たす。
3. 中心治療: 造影CAG/PCI施行時の腎機能悪化リスク評価、輸液量調整、生化学検査・尿検査の頻回モニタリングなど腎機能保護目的の資源が一定程度投入されている。
4. 今回入院は主に心筋梗塞治療だが、CKDは造影剤選択・投与量や薬物療法全般に影響し、全入院期間を通じて管理対象となっていたため、条件次第では最資源投入病名候補となりうる。
5. ICD-10 N183「慢性腎臓病ステージG3」はカルテ上のCKD G3bと一致し、G3a/bの細分類としてN183が最も適合。
6. DPC6 110280「慢性腎炎症候群・慢性間質性腎炎・慢性腎不全」はCKD G3bを含む慢性腎障害の分類であり、今回の腎機能モニタリングや腎保護管理と矛盾しない。",x,,分岐なし（xのみ）,,x,,分岐なし（xのみ）,,97,その他の手術（2件のKコードが他パターンに非該当）,"K546(経皮的冠動脈形成術（急性心筋梗塞に対するもの）), K000(深夜加算１（手術）)",x,処置等1の分岐なし,0,トリガーにマッチする処置コードなし,0,トリガーに該当する副傷病なし,,x,重症度の分岐なし (全 x),,110280xx97x00x,"入院期間I:6日/3004点
入院期間II:11日/2131点
入院期間III:30日/1811点","入院日数12日
入院期間I:3004×6日=18024
入院期間II:2131×5日=10655
入院期間III:1811×1日=1811
合計:30490",30490,rejected,点数が低い (差 4076),,,,,,,,,,,
7010022,2026-06-28,2026-07-09,ok,84.6,I714,腎動脈下腹部大動脈瘤（非破裂）,腹部大動脈瘤,0.45,050163,非破裂性大動脈瘤、腸骨動脈瘤,"1. 入院目的: ACS加療が主目的だが、入院時評価で腎動脈下腹部大動脈瘤(31mm, 紡錘状)が新たに指摘され、以後のフォロー方針が議論されている。
2. 主病名: SOAPに「腎動脈下腹部大動脈瘤(31mm, 紡錘状)」として連日診断名に列記されており、解剖学的に腎動脈以下の腹部大動脈瘤に相当する。
3. 中心治療: 今回入院中に外科的・血管内治療は行われていないが、画像評価やリスク説明、長期フォロー計画立案に一定の資源が投下されている可能性がある。
4. 破裂や切迫破裂所見はなく、サイズも31mmと比較的小さいため、現時点ではフォロー主体であるが、今後の介入を見据えた重要病変として候補に挙げる価値がある。
5. ICD-10 I714「腹部大動脈瘤」は非破裂性腹部大動脈瘤（感染性含む）を包含し、“腎動脈下腹部大動脈瘤”の記載と整合する。
6. DPC6 050163「非破裂性大動脈瘤、腸骨動脈瘤」は腹部大動脈瘤の典型分類であり、将来的にステントグラフトや人工血管置換術を行う場合のDPC枠として妥当だが、今回入院では心筋梗塞に比べ資源投入は相対的に小さい。",x,,分岐なし（xのみ）,,x,,分岐なし（xのみ）,,97,その他の手術（2件のKコードが他パターンに非該当）,"K546(経皮的冠動脈形成術（急性心筋梗塞に対するもの）), K000(深夜加算１（手術）)",x,処置等1の分岐なし,0,トリガーにマッチする処置コードなし,x,副傷病の分岐なし,,x,重症度の分岐なし (全 x),,050163xx97x0xx,"入院期間I:3日/2954点
入院期間II:5日/2417点
入院期間III:30日/2175点","入院日数12日
入院期間I:2954×3日=8862
入院期間II:2417×2日=4834
入院期間III:2175×7日=15225
合計:28921",28921,rejected,点数が低い (差 5645),,,,,,,,,,,
7011062,2026-07-02,2026-07-14,ok,166.9,S525,右橈骨遠位端骨折,橈骨遠位端骨折／粉砕骨折（前腕の骨折カテゴリ）,0.9,160760,前腕の骨折,"1. 入院目的: 自宅での転倒による右橈骨遠位端骨折に対する骨接合術目的入院。
2. 主病名: カルテ記載「右橈骨遠位端骨折」に対応する急性外傷性骨折としてICD-10 S525系を選択。
3. 中心治療: K046（前腕骨骨折観血的手術）＋全身麻酔（L008, L009）、ギプス固定（J122）、術後運動器リハビリ（H002）。
- EF上のK046は、DPC6「160760 前腕の骨折」のsurgery_k_codesに含まれており、骨折観血的手術の直接対象が右橈骨遠位端骨折である。
- 入院期間の大半は術前評価〜骨接合術〜術後管理とリハビリであり、最も医療資源が集中している病態。
- 皮膚損傷や他合併症の記載はなく閉鎖骨折と判断でき、関節内・粉砕の詳細は不明のため、橈骨遠位端骨折カテゴリの代表コードを想定。
- DPC6「前腕の骨折」と手術内容・リハビリ内容が完全に整合し、今回入院のストーリーを最もよく代表する。",x,,分岐なし（xのみ）,,x,,分岐なし（xのみ）,,97,その他の手術（1件のKコードが他パターンに非該当）,K046(骨折観血的手術（前腕骨骨折観血的手術）),x,処置等1の分岐なし,x,処置等2の分岐なし,x,副傷病の分岐なし,,x,重症度の分岐なし (全 x),,160760xx97xxxx,"入院期間I:2日/3113点
入院期間II:4日/2179点
入院期間III:30日/1852点","入院日数13日
入院期間I:3113×2日=6226
入院期間II:2179×2日=4358
入院期間III:1852×9日=16668
合計:27252",27252,rejected,点数が低い (差 2961),,,,,,,,,,,
7011062,2026-07-02,2026-07-14,ok,166.9,S525,右橈骨遠位端骨折,橈骨遠位端骨折／粉砕骨折（前腕の骨折カテゴリ）,0.9,160770,前腕の開放骨折,"1. 入院目的: 自宅での転倒による右橈骨遠位端骨折に対する骨接合術目的入院。
2. 主病名: カルテ記載「右橈骨遠位端骨折」に対応する急性外傷性骨折としてICD-10 S525系を選択。
3. 中心治療: K046（前腕骨骨折観血的手術）＋全身麻酔（L008, L009）、ギプス固定（J122）、術後運動器リハビリ（H002）。
- EF上のK046は、DPC6「160760 前腕の骨折」のsurgery_k_codesに含まれており、骨折観血的手術の直接対象が右橈骨遠位端骨折である。
- 入院期間の大半は術前評価〜骨接合術〜術後管理とリハビリであり、最も医療資源が集中している病態。
- 皮膚損傷や他合併症の記載はなく閉鎖骨折と判断でき、関節内・粉砕の詳細は不明のため、橈骨遠位端骨折カテゴリの代表コードを想定。
- DPC6「前腕の骨折」と手術内容・リハビリ内容が完全に整合し、今回入院のストーリーを最もよく代表する。",x,,分岐なし（xのみ）,,x,,分岐なし（xのみ）,,97,その他の手術（1件のKコードが他パターンに非該当）,K046(骨折観血的手術（前腕骨骨折観血的手術）),x,処置等1の分岐なし,x,処置等2の分岐なし,x,副傷病の分岐なし,,x,重症度の分岐なし (全 x),,160770xx97xxxx,,13日 包括対象外,,rejected,包括対象外,,,,,,,,,,,
7011062,2026-07-02,2026-07-14,ok,166.9,S526,右橈骨遠位端骨折・右尺骨茎状突起骨折（橈骨尺骨遠位端骨折）,橈骨尺骨遠位端骨折,0.8,160780,手関節周辺の骨折・脱臼,"1. 入院目的: 転倒による利き手の右橈骨遠位端骨折と右尺骨茎状突起骨折に対する骨接合術目的入院。
2. 主病名: カルテに橈骨遠位端骨折と尺骨茎状突起骨折が並記されており、解剖学的には橈骨尺骨遠位端複合骨折としてICD-10 S526を候補とする。
3. 中心治療: 前腕骨骨折観血的手術（K046）＋全身麻酔管理（L008, L009）、ギプス固定（J122）、術後運動器リハ（H002）。
- 橈骨と尺骨遠位端が同一外傷エピソードで同時受傷しており、実際の骨接合術では両骨を一括して整復固定している可能性が高い。
- S526「橈骨尺骨遠位端骨折」はDPC6「160780 手関節周辺の骨折・脱臼」に紐づき、K046系手術コードを多数手術分岐として含んでおり、EFのK046と適合する。
- DPC6レベルでは前腕の骨折(160760)との競合となるが、手関節周囲の複合骨折という臨床像を1つのコードで整理できる点で、最資源投入病名としても成立する。
- 主病名を橈骨単独骨折とするか、橈骨尺骨遠位端骨折としてまとめるかの違いであり、投入資源はほぼ同じであるため独立候補とした。",x,,分岐なし（xのみ）,,x,,分岐なし（xのみ）,,97,その他の手術（1件のKコードが他パターンに非該当）,K046(骨折観血的手術（前腕骨骨折観血的手術）),x,処置等1の分岐なし,x,処置等2の分岐なし,0,副傷病なし（AI/EF探索で該当なし）,,x,重症度の分岐なし (全 x),,160780xx97xx0x,"入院期間I:2日/2988点
入院期間II:3日/2120点
入院期間III:30日/1802点","入院日数13日
入院期間I:2988×2日=5976
入院期間II:2120×1日=2120
入院期間III:1802×10日=18020
合計:26116",26116,rejected,点数が低い (差 4097),,,,,,,,,,,
7011062,2026-07-02,2026-07-14,ok,166.9,S526,右橈骨遠位端骨折・右尺骨茎状突起骨折（橈骨尺骨遠位端骨折）,橈骨尺骨遠位端骨折,0.8,160790,手関節周辺の開放骨折,"1. 入院目的: 転倒による利き手の右橈骨遠位端骨折と右尺骨茎状突起骨折に対する骨接合術目的入院。
2. 主病名: カルテに橈骨遠位端骨折と尺骨茎状突起骨折が並記されており、解剖学的には橈骨尺骨遠位端複合骨折としてICD-10 S526を候補とする。
3. 中心治療: 前腕骨骨折観血的手術（K046）＋全身麻酔管理（L008, L009）、ギプス固定（J122）、術後運動器リハ（H002）。
- 橈骨と尺骨遠位端が同一外傷エピソードで同時受傷しており、実際の骨接合術では両骨を一括して整復固定している可能性が高い。
- S526「橈骨尺骨遠位端骨折」はDPC6「160780 手関節周辺の骨折・脱臼」に紐づき、K046系手術コードを多数手術分岐として含んでおり、EFのK046と適合する。
- DPC6レベルでは前腕の骨折(160760)との競合となるが、手関節周囲の複合骨折という臨床像を1つのコードで整理できる点で、最資源投入病名としても成立する。
- 主病名を橈骨単独骨折とするか、橈骨尺骨遠位端骨折としてまとめるかの違いであり、投入資源はほぼ同じであるため独立候補とした。",x,,分岐なし（xのみ）,,x,,分岐なし（xのみ）,,xx,パターン xx,,x,処置等1の分岐なし,x,処置等2の分岐なし,x,副傷病の分岐なし,,x,重症度の分岐なし (全 x),,160790xxxxxxxx,"入院期間I:3日/3406点
入院期間II:8日/2162点
入院期間III:30日/1837点","入院日数13日
入院期間I:3406×3日=10218
入院期間II:2162×5日=10810
入院期間III:1837×5日=9185
合計:30213",30213,selected,,false,false,,160790xxxxxxxx,,160790xxxxxxxx,1000,同点候補なし,,,
7011062,2026-07-02,2026-07-14,ok,166.9,E119,２型糖尿病（合併症なし）,２型糖尿病・糖尿病性合併症なし,0.45,10007x,２型糖尿病（糖尿病性ケトアシドーシスを除く。）,"1. 入院目的: 主目的は外傷性前腕骨折の手術だが、既往歴に糖尿病があり、複数の糖尿病治療薬内服中で周術期血糖管理が行われていると考えられる。
2. 主病名: カルテ既往「糖尿病（HbA1c不明）」およびDPC検索結果より、インスリン使用や合併症の記載なく、２型糖尿病合併症なし（E119）を選択。
3. 中心治療: 血糖検査（D007・血糖、HbA1c）、周術期の薬剤調整など。直接の手術対象ではないが、全身麻酔下手術における基礎疾患管理に医療資源が投入されている。
- DPC上、糖尿病は周術期管理が必要な全身疾患として評価され、長期的な治療資源の投入対象でもある。
- 今回入院では骨折手術が主だが、糖尿病も入院全期間を通じて血糖コントロールや検査の対象となるため、条件次第で最資源投入病名候補となりうる。
- 検査や治療の中心は骨折であり、本候補は相対的には劣るが、慢性全身疾患としてDPC6「10007x ２型糖尿病」として別軸のDPC分類を取りうるため保持する。",x,,分岐なし（xのみ）,,x,,分岐なし（xのみ）,,xx,パターン xx,,x,処置等1の分岐なし,0,トリガーにマッチする処置コードなし,x,副傷病の分岐なし,,x,重症度の分岐なし (全 x),,10007xxxxxx0xx,"入院期間I:5日/2868点
入院期間II:9日/2035点
入院期間III:30日/1729点","入院日数13日
入院期間I:2868×5日=14340
入院期間II:2035×4日=8140
入院期間III:1729×4日=6916
合計:29396",29396,rejected,点数が低い (差 817),,,,,,,,,,,
7011062,2026-07-02,2026-07-14,ok,166.9,I10,本態性高血圧症,高血圧症／本態性高血圧症,0.35,050140,高血圧性疾患,"1. 入院目的: 外傷性骨折手術が主目的だが、既往歴として高血圧症が明記されており、周術期の血圧管理対象となっている。
2. 主病名: 「高血圧」とのみ記載され、二次性高血圧の記載がないため、本態性高血圧症（I10）を選択。
3. 中心治療: 持続内服（カンデサルタン等）と術前検査（心電図D208・心エコーD215）による周術期リスク評価。直接の手術対象ではないが、全身管理に資源が割かれている。
- 高血圧は長期的な医療資源投入を必要とする慢性疾患であり、今回入院でも周術期の観察と調整が必要。
- ただし入院の契機・手術の対象はあくまで前腕骨折であり、入院中の検査・処置の中心は骨折関連であるため、最資源投入病名としての優先度は低い。
- 糖尿病と同様、内科系DPC6（050140 高血圧性疾患）への切替候補として保持するが、骨折関連DPCに比べると実際の資源投入量は少ない。",x,,分岐なし（xのみ）,,x,,分岐なし（xのみ）,,97,その他の手術（1件のKコードが他パターンに非該当）,K046(骨折観血的手術（前腕骨骨折観血的手術）),x,処置等1の分岐なし,0,トリガーにマッチする処置コードなし,x,副傷病の分岐なし,,x,重症度の分岐なし (全 x),,050140xx97x0xx,"入院期間I:7日/3171点
入院期間II:15日/2216点
入院期間III:60日/1884点","入院日数13日
入院期間I:3171×7日=22197
入院期間II:2216×6日=13296
合計:35493",35493,rejected,上位候補に劣る,,,,,,,,,,,
7011214,2026-07-02,2026-07-23,ok,70.9,J69.0,誤嚥性肺炎（NHCAP）,誤嚥性肺炎,0.86,040081,誤嚥性肺炎,"1. 入院目的: 発熱・呼吸困難・咳嗽を主訴とし、画像と炎症反応上昇から肺炎精査加療目的で入院。
2. 主病名: 入院時「気管支肺炎」→以後一貫して「誤嚥性肺炎（ADROP3点 NHCAP）」と記載されており、本疾患に対して抗菌薬治療・酸素療法・呼吸リハビリが行われた。
3. 中心治療: 静注抗菌薬（SBT/ABPC）、酸素吸入、喀痰吸引、SpO2モニタ・呼吸心拍監視、肺炎原菌検索（喀痰・血液培養、尿中肺炎球菌/レジオネラ抗原）、胸部X線・CT、呼吸リハビリ、摂食機能療法。
- 誤嚥リスク（アルツハイマー型認知症、せん妄/転倒・誤嚥リスク高いとの記載）、画像で背側優位分布・喀痰貯留と臨床的に誤嚥性肺炎が妥当。
- 入院初期は酸素投与・頻回検査・抗菌薬静注など、入院資源の大半が本疾患の評価と治療に向けられている。
- コードは誤嚥性肺炎の標準コード J69.0 を採用。
- DPC6 は「誤嚥性肺炎(040081)」で、今回の治療（抗菌薬、酸素、リハビリ、摂食機能療法）とも整合し、EF の検査・処置群（肺炎精査・呼吸管理関連）が典型的である。
- 競合候補の心不全増悪も管理されたが、入院契機・主要資源の中心は肺炎であり、本候補を最資源投入病名候補として強く保持。",x,,分岐なし（xのみ）,,x,,分岐なし（xのみ）,,99,手術なし,,x,処置等1の分岐なし,0,トリガーにマッチする処置コードなし,x,副傷病の分岐なし,,x,重症度の分岐なし (全 x),,040081xx99x0xx,"入院期間I:9日/3320点
入院期間II:17日/2169点
入院期間III:60日/1844点","入院日数22日
入院期間I:3320×9日=29880
入院期間II:2169×8日=17352
入院期間III:1844×5日=9220
合計:56452",56452,selected,,false,false,,040081xx99x0xx,,040081xx99x0xx,1000,同点候補なし,,,
7011214,2026-07-02,2026-07-23,ok,70.9,I50.0,慢性心不全増悪（うっ血性心不全）,うっ血性心不全,0.7,050130,心不全,"1. 入院目的: 既往に慢性心不全があり、5月に利尿剤管理目的で入院歴。今回も下腿浮腫・NT-proBNP高値・呼吸不全などから心不全増悪が併存し、治療対象となっている。
2. 主病名: 「心不全増悪/p-af」「慢性心不全増悪/p-af」と明記され、NT-proBNP高値(1573 pg/mL)や下肢浮腫からうっ血性心不全の増悪と判断されている。
3. 中心治療: 体液評価・心エコー、頻脈性心房細動に対するレートコントロール薬（オノアクト・ビソノテープ検討）、静注利尿剤（週末のみ）によるうっ血改善、NT-proBNP測定(D008)、心エコー(D215)、心電図(D208)、血液ガス(D007)等。
- EF 上、心不全特異的Kコードはなく、非侵襲的管理だが、複数回の検査と薬物調整が継続実施されている。
- 左室機能低下はなく「心機能低下はない」とされており、典型的うっ血性心不全として I50.0 が妥当。
- DPC6 は「心不全(050130)」で、心エコー・NT-proBNP・静注利尿剤など今回の管理内容と整合。
- 肺炎治療と並行して入院期間全体で継続的に評価・利尿・脈拍コントロールが行われており、入院のかなりの資源が本病態にも投下されているため、最資源投入病名としても成立しうる。",x,,分岐なし（xのみ）,,x,,分岐なし（xのみ）,,99,手術なし,,0,トリガーにマッチする処置コードなし,0,トリガーにマッチする処置コードなし,x,副傷病の分岐なし,,0,"branch=0 label=他の病院・診療所の病棟からの転院以外 / 施設入所中で前医が往診した在宅系施設からの紹介入院であり、他院病棟からの転院を示す記載はない。 (verifier 不整合あり, best-effort 採用: ['conclusion_label_mismatch'])",[2026-07-02]2026年7月1日から39℃の高熱、咳嗽を認め、2日朝に前医が往診。…入院加療必要と考えられ当院紹介となった。; [2026-07-03]2日朝に前医が往診。発熱は継続しておりＳpO2の低下、湿性咳嗽、肺雑音認めた。入院加療必要と考えられ当院紹介となった。; [2026-07-04]要介護2で施設入所中…2日朝に前医が往診。…当院紹介。入院。,050130xx9900x0,"入院期間I:7日/3150点
入院期間II:14日/2242点
入院期間III:60日/1906点","入院日数22日
入院期間I:3150×7日=22050
入院期間II:2242×7日=15694
入院期間III:1906×8日=15248
合計:52992",52992,rejected,点数が低い (差 3460),,,,,,,,,,,
7011214,2026-07-02,2026-07-23,ok,70.9,I48.0,発作性心房細動,発作性心房細動,0.55,050070,頻脈性不整脈,"1. 入院目的: ER受診時に頻脈発作を認め、心電図で発作性心房細動(p-af)と診断され、心不全増悪評価と合わせて精査加療目的。
2. 主病名: 「心不全増悪/p-af」「慢性心不全増悪/p-af」と一貫して併記されており、p-af 自体が治療対象である。
3. 中心治療: 頻脈発作に対しレートコントロール薬（オノアクトやビソノテープなどβ遮断薬）を検討し、心電図(D208)・呼吸心拍監視(D220)で頻脈管理。抗凝固薬についても評価されている。
- 入院後自然消退したものの、入院契機時点では頻脈性不整脈として臨床的に重要であり、モニタリング・薬物検討など資源が投入されている。
- コードは発作性心房細動に対応する I48.0 を採用。
- DPC6 は「頻脈性不整脈(050070)」で、心電図・モニタリング・レートコントロール薬の検討など今回の管理と適合。
- 心不全増悪や肺炎と密接に関連しつつも、頻脈発作自体が呼吸困難・血行動態に影響しうるため、条件次第では不整脈管理が資源の中心となるケースも想定され、独立候補として保持。",x,,分岐なし（xのみ）,,x,,分岐なし（xのみ）,,99,手術なし,,0,トリガーにマッチする処置コードなし,0,トリガーにマッチする処置コードなし,1,副傷病あり（value=1）,[EF] J024(酸素吸入（１日につき）) レセ電=140005610 → J96$(呼吸不全)とみなす 判断: EF上の酸素吸入の算定により呼吸不全相当と判定,x,重症度の分岐なし (全 x),,050070xx99001x,"入院期間I:5日/3315点
入院期間II:12日/2240点
入院期間III:30日/1904点","入院日数22日
入院期間I:3315×5日=16575
入院期間II:2240×7日=15680
入院期間III:1904×10日=19040
合計:51295",51295,rejected,点数が低い (差 5157),,,,,,,,,,,
7011214,2026-07-02,2026-07-23,ok,70.9,G30.9,アルツハイマー型認知症,アルツハイマー型認知症,0.45,01021x,認知症,"1. 入院目的: 主目的は肺炎・心不全だが、要介護2の施設入所中でアルツハイマー型認知症があり、せん妄・転倒・誤嚥リスクが高く、その管理が入院中の看護・リハビリ資源を大きく左右している。
2. 主病名: 既往歴に「アルツハイマー型認知症」、SOAP_Aでも「アルツハイマー型認知症」「認知機能低下」として継続的に記載。
3. 中心治療: 認知症そのものへの薬物調整記載は乏しいが、せん妄アセスメント・転倒/誤嚥リスク管理、車いすベルト使用、摂食機能療法(H004)、呼吸リハビリ(H003)など、多職種でADL・嚥下・安全管理に継続的な人的資源が投入されている。
- 高度認知症は誤嚥性肺炎の基盤疾患であり、嚥下評価や食事調整の必要性を増大させている。
- ICD-10 は基礎疾患として一般的な G30.9（詳細不明のアルツハイマー病）とし、DPC6 は認知症(01021x)。
- 急性期治療の直接対象ではないが、入院全体のケア資源を大きく消費しており、条件によっては認知症管理目的の長期入院として評価されるケースもあり得るため、補助的候補として保持。",x,,分岐なし（xのみ）,,x,,分岐なし（xのみ）,,xx,パターン xx,,0,トリガーにマッチする処置コードなし,1,"処置等2=1: 0007(リハビリテーション), H003(呼吸器リハビリテーション料（１）（１単位）（理学療法士による場合）)[レセ電=180759710, 実施日=2026-07-07;2026-07-08;2026-07-13;2026-07-14;2026-07-16;2026-07-17;2026-07-21], H003(早期リハビリテーション加算（４日目以降）（呼吸器リハビリテーション料（１単位））)[レセ電=180772970, 実施日=2026-07-07;2026-07-08;2026-07-13;2026-07-14], H003(リハビリテーション総合計画評価料１（初回の場合）)[レセ電=180024710, 実施日=2026-07-13], A301(早期離床・リハビリテーション加算)[レセ電=190245810, 実施日=2026-07-03;2026-07-04;2026-07-05;2026-07-06]",x,副傷病の分岐なし,,x,重症度の分岐なし (全 x),,01021xxxxx01xx,"入院期間I:9日/2737点
入院期間II:20日/1898点
入院期間III:60日/1613点","入院日数22日
入院期間I:2737×9日=24633
入院期間II:1898×11日=20878
入院期間III:1613×2日=3226
合計:48737",48737,rejected,点数が低い (差 7715),,,,,,,,,,,
7011214,2026-07-02,2026-07-23,ok,70.9,I10,本態性高血圧症,本態性高血圧症,0.38,050140,高血圧性疾患,"1. 入院目的: 直接の入院契機ではないが、既往として「高血圧症」があり、循環器リスク因子として評価されている。
2. 主病名: 既往歴およびSOAPで繰り返し「#高血圧症」として記載。
3. 中心治療: 入院中の血圧管理・内服調整が継続されていると推察されるが、具体的な降圧薬変更等の詳細記載は乏しく、資源投入量は肺炎・心不全に比べ少ない。
- 単独での急性増悪エピソードは示されておらず、DPC上も通常は心不全や肺炎を主病名とするのが自然である。
- しかし高血圧性心疾患・心不全の基盤として循環器評価が行われており、長期的治療継続疾患として最資源投入候補の末席に位置付けうる。
- ICD-10 は特記ない高血圧症として I10（本態性高血圧症）、DPC6 は高血圧性疾患(050140)。
- 今回は他候補の方が明らかに急性期資源投入量が大きいため、相対的な主傷病可能性は低めだが、循環器系DPCへの振替を検討する場合の近接候補として保持。",x,,分岐なし（xのみ）,,x,,分岐なし（xのみ）,,99,手術なし,,x,処置等1の分岐なし,0,トリガーにマッチする処置コードなし,0,トリガーに該当する副傷病なし,,x,重症度の分岐なし (全 x),,050140xx99x00x,"入院期間I:3日/3636点
入院期間II:6日/2215点
入院期間III:30日/1882点","入院日数22日
入院期間I:3636×3日=10908
入院期間II:2215×3日=6645
入院期間III:1882×16日=30112
合計:47665",47665,rejected,点数が低い (差 8787),,,,,,,,,,,
7011341,2026-07-02,2026-07-27,ok,93.6,I611,左前頭葉皮質下出血（非外傷性脳内出血）,皮質脳内出血,0.9,010040,非外傷性頭蓋内血腫（非外傷性硬膜下血腫以外）,"1. 入院目的: 「脳出血に対する治療」と明記され、頭部CTで「左前頭葉皮質下出血、推定血腫量43ml」と記載。
2. 主病名: カルテ診断名「左前頭葉皮質下出血」→ 皮質の非外傷性脳内出血として I611（皮質脳内出血）を選択。
3. 中心治療: 急性期入院管理（点滴、酸素、心拍監視、繰り返しの頭部CT、脳血管疾患リハビリ、摂食機能療法、長期入院管理）。
- 本疾患が入院契機であり、ADL低下・失語・右上下肢麻痺に対するリハビリなど入院全体の資源投入の中心。
- CTに外傷の記載や受傷機転がなく「高齢者の皮質下出血」「出血源となる血管異常なし」とあり、非外傷性・高血圧性/CAA関連皮質出血として I611/I619群が該当しうるが、部位が皮質であるためI611がより具体的。
- DPC6は I611→010040（非外傷性頭蓋内血腫）となり、脳血管疾患等リハビリ料（H001）、急性期リハ加算、CT撮影等の実施と整合。
- くも膜下出血・硬膜下血腫は「少量」で主病態は皮質下出血として扱われており、合併所見にとどまるため本候補が主たる最資源投入候補。",x,,分岐なし（xのみ）,,0,ＪＣＳ,"ＪＣＳ=3 が条件 [0, 10) に該当","【身体所見】脳神経外科
　意識：JCS：Ⅰ-3
  GCS：E（4）V（3）M（5）　計12 | SOAP_O:JCSⅠ-3
意味の通じない発語はあるが氏名等言えない
指示には応じない
他動的に挙上させると両上下肢とも挙上保持可能",99,手術なし,,0,トリガーにマッチする処置コードなし,0,トリガーにマッチする処置コードなし,0,トリガーに該当する副傷病なし,,x,重症度の分岐なし (全 x),,010040x099000x,"入院期間I:8日/3093点
入院期間II:16日/2001点
入院期間III:60日/1701点","入院日数26日
入院期間I:3093×8日=24744
入院期間II:2001×8日=16008
入院期間III:1701×10日=17010
合計:57762",57762,rejected,点数が低い (差 1685),,,,,,,,,,,
7011341,2026-07-02,2026-07-27,ok,93.6,N390,急性尿路感染症（尿路感染）,急性尿路感染,0.7,110310,腎臓又は尿路の感染症,"1. 入院目的: 脳出血治療目的入院中に38℃台の発熱と尿検査異常から尿路感染症が診断されている。
2. 主病名: カルテAssessmentに「尿路感染」「尿路感染でCTRX投与中」と明記されており、部位特定（膀胱炎/腎盂腎炎）までは記載なく、急性尿路感染全体として N390 を選択。
3. 中心治療: セフトリアキソン点滴開始、その後感受性結果に基づきレボフロキサシン内服へ変更し、複数日にわたり抗菌薬治療と検査フォロー。
- 7/3の尿定性・尿沈渣で混濁、蛋白+, 潜血3+、白血球増多、細菌3+など典型的UTI所見を認め、発熱と白血球・CRP上昇を伴うため急性尿路感染として妥当。
- 感染症に対する静注抗菌薬、培養・感受性検査、フォロー検尿など相応の医療資源が投下されており、入院中期の重要な合併症として最資源投入病名候補となりうる。
- 部位が明示されないため、膀胱炎（N300）や腎盂腎炎（N10）よりも包括的なN390を採用。
- DPC6は110310（腎臓又は尿路の感染症）であり、抗菌薬治療と検査（D000, D002, D017, D018, D019等）と整合する。",x,,分岐なし（xのみ）,,x,,分岐なし（xのみ）,,99,手術なし,,x,処置等1の分岐なし,x,処置等2の分岐なし,x,副傷病の分岐なし,,x,重症度の分岐なし (全 x),,110310xx99xxxx,"入院期間I:6日/3232点
入院期間II:11日/2257点
入院期間III:30日/1918点","入院日数26日
入院期間I:3232×6日=19392
入院期間II:2257×5日=11285
入院期間III:1918×15日=28770
合計:59447",59447,selected,,false,false,,110310xx99xxxx,,110310xx99xxxx,1000,同点候補なし,,,
7011341,2026-07-02,2026-07-27,ok,93.6,E876,低カリウム血症,低カリウム血症,0.55,10039x,体液・電解質・酸塩基平衡障害,"1. 入院目的: 脳出血治療中に電解質異常として低カリウム血症が顕在化し、内服補正が必要となった。
2. 主病名: 7/13の採血でK 2.29と高度低下があり、「低K血症に対してグルコンサンK内服開始」と明記されているため、電解質異常としてE876（低カリウム血症）を選択。
3. 中心治療: カリウム内服補正を開始し、その後も7/20の採血で再度低K（3.09）を認め継続補正を行うなど、反復的な検査と内服調整が行われている。
- K 2.29まで低下しており、不整脈リスクや筋力低下等を考慮した継続的フォローが必要で、検査・薬剤調整など一定の資源が投入された。
- 電解質異常そのものは脳出血・尿路感染に比べ入院の主目的ではないが、入院経過中に新たに生じて複数回の採血・内服管理が必要であったため、最資源投入病名候補として補助的に保持する価値がある。
- DPC6は10039x（体液・電解質・酸塩基平衡障害）であり、頻回の生化学検査（D007）と整合する。",x,,分岐なし（xのみ）,,x,,分岐なし（xのみ）,,99,手術なし,,x,処置等1の分岐なし,x,処置等2の分岐なし,x,副傷病の分岐なし,,x,重症度の分岐なし (全 x),,10039xxx99xxxx,"入院期間I:4日/3332点
入院期間II:9日/2222点
入院期間III:30日/1889点","入院日数26日
入院期間I:3332×4日=13328
入院期間II:2222×5日=11110
入院期間III:1889×17日=32113
合計:56551",56551,rejected,点数が低い (差 2896),,,,,,,,,,,
7011745,2026-07-04,2026-07-15,ok,91.9,I219,ST上昇型急性心筋梗塞,ＳＴ上昇型急性心筋梗塞,0.96,050030,急性心筋梗塞（続発性合併症を含む。）、再発性心筋梗塞,"1. 入院目的: 胸痛で救急搬送され「STEMIの治療」を目的に緊急入院し，カテーテル治療を施行。
2. 主病名: カルテで一貫して「ST上昇型急性心筋梗塞（STEACS）」と記載。これに対応するコードとして I219（ＳＴ上昇型急性心筋梗塞）を選択。
3. 中心治療: K546 経皮的冠動脈形成術（急性心筋梗塞に対するもの）、心大血管リハビリテーション、HCU管理、心エコー・心電図・心筋酵素・トロポニン・血液ガス等の集中的検査。
・胸痛発症から来院まで短時間で、ECG上I,aVL ST上昇など典型的STEMI所見を認め、#9病変に対しPCI＋ステント留置を実施しており、主要な医療資源の直接対象。
・Killip Iで心不全増悪やショックはなく，資源投入の中心は急性冠動脈閉塞の解除とその周術期管理にある。
・I219はDPC6「050030 急性心筋梗塞」に対応し，その手術Kコード群にK546が含まれており、EF記載のK546と完全に整合する。
・慢性心不全や高血圧，脂質異常症は背景病態として治療されているが，本入院での侵襲的手技・急性期管理の主因は急性心筋梗塞であり，最資源投入病名候補として最も妥当。",x,,分岐なし（xのみ）,,x,,分岐なし（xのみ）,,97,その他の手術（2件のKコードが他パターンに非該当）,"K546(経皮的冠動脈形成術（急性心筋梗塞に対するもの）), K000(時間外加算１（手術）)",x,処置等1の分岐なし,0,"処置等2=0: H000(心大血管疾患リハビリテーション料（１）（１単位）（理学療法士による場合）)[レセ電=180744210, 実施日=2026-07-08;2026-07-09;2026-07-14], H000(心大血管疾患リハビリテーション料（１）（１単位）（集団療法による場合）)[レセ電=180744610, 実施日=2026-07-10;2026-07-11;2026-07-12;2026-07-13;2026-07-14]",x,副傷病の分岐なし,,x,重症度の分岐なし (全 x),,050030xx97x0xx,"入院期間I:3日/4151点
入院期間II:12日/2457点
入院期間III:60日/2088点","入院日数12日
入院期間I:4151×3日=12453
入院期間II:2457×9日=22113
合計:34566",34566,selected,,true,true,0.96,050130xx97000x,050030xx97x0xx,050030xx97x0xx,1000,同点候補あり,"入院目的は循環器初診で明記された「STEMIの治療」であり，胸痛を契機に救急搬送され，HCU管理下でK546 経皮的冠動脈形成術（急性心筋梗塞に対するもの）を施行している。主要な医療資源（緊急PCI・HCU・心リハ・連日の心筋酵素/ECG/TTE）はすべてST上昇型急性心筋梗塞に向けられており，慢性心不全（Stage B, HFpEF）は背景病態としての評価・薬物調整にとどまる。DPC注意事例でも，原疾患が明らかな場合の心不全DPC選択は不適とされており，本症例では050030 急性心筋梗塞（I219）が主病名として最も妥当。",,
7011745,2026-07-04,2026-07-15,ok,91.9,I501,慢性心不全（Stage B，LVEF保たれた心不全）,左室駆出率の保たれた心不全,0.7,050130,心不全,"1. 入院目的: 形式上はSTEMI治療が主目的だが、入院時および経過中に「慢性心不全（Stage：B，LVEF：55%）」として継続的に評価・治療調整されている。
2. 主病名: カルテに「慢性心不全（Stage：B，LVEF：55%）」と記載があり、LVEF保たれた心不全に相当するため I501（左室駆出率の保たれた心不全）を選択。
3. 中心治療: ACE/ARB（エンレスト→アジルサルタン）、アムロジピン、NT-proBNP測定、心大血管リハビリ、長期の薬物調整と生活指導。
・急性心筋梗塞に先行する基礎病態として心不全が位置づけられており、薬物療法導入・変更，BNPモニタリング，心リハなど一定の医療資源が継続的に投下されている。
・Killip IかつLVEF 55%で急性失代償はないが，循環器内科として心不全ステージング・薬物最適化が入院期間を通じて繰り返し言及されており，DPC6「050130 心不全」への切替候補として成立しうる。
・I501は心不全DPC6と整合し，心大血管リハや心機能評価（TTE，NT-proBNP）のリソースとも親和性がある。
・ただし侵襲的処置の主対象ではなく，急性心筋梗塞よりは資源集中度が低いため，相対的な主傷病可能性は次点。",x,,分岐なし（xのみ）,,x,,分岐なし（xのみ）,,97,その他の手術（2件のKコードが他パターンに非該当）,"K546(経皮的冠動脈形成術（急性心筋梗塞に対するもの）), K000(時間外加算１（手術）)",0,トリガーにマッチする処置コードなし,0,"処置等2=0: H000(心大血管疾患リハビリテーション料（１）（１単位）（理学療法士による場合）)[レセ電=180744210, 実施日=2026-07-08;2026-07-09;2026-07-14], H000(心大血管疾患リハビリテーション料（１）（１単位）（集団療法による場合）)[レセ電=180744610, 実施日=2026-07-10;2026-07-11;2026-07-12;2026-07-13;2026-07-14]",0,副傷病なし（AI/EF探索で該当なし）,,x,重症度の分岐なし (全 x),,050130xx97000x,"入院期間I:9日/3140点
入院期間II:18日/2264点
入院期間III:60日/1924点","入院日数12日
入院期間I:3140×9日=28260
入院期間II:2264×3日=6792
合計:35052",35052,rejected,LLMタイブレーカーで非選定,,,,,,,,,,,
7011745,2026-07-04,2026-07-15,ok,91.9,I10,本態性高血圧症,本態性高血圧症,0.6,050140,高血圧性疾患,"1. 入院目的: 胸痛と極めて高い血圧（来院時BP 213/128mmHg）で受診しており，高血圧は症状誘発・増悪因子として重要な背景病態。
2. 主病名: 既往歴として治療中断の「高血圧症」があり，入院後も「高血圧症」として継続管理されているため I10 本態性高血圧症を選択。
3. 中心治療: ニトログリセリン・ニカルジピンによる急性期降圧，エンレスト開始→アジルサルタン＋アムロジピン増量など降圧薬多剤調整。
・入院前からの長期基礎疾患であり，STEMI発症リスク因子として重要かつ，入院中も血圧コントロールが日々の治療計画の柱の一つとなっている。
・降圧薬の導入・変更・増量，モニタリングには人的・時間的資源が継続的に投下されているため，背景疾患としてのDPC「050140 高血圧性疾患」も理論上は主傷病候補となりうる。
・ただし，侵襲的K546やHCU管理の対象は心筋梗塞であり，高血圧自体に対する特別な手技はなく，資源集中度はSTEMIより低い。
・I10は循環器DPCであり，他候補（I219, I501）と同じ循環器領域内での代替主病名の一つとして保持しておく価値がある。",x,,分岐なし（xのみ）,,x,,分岐なし（xのみ）,,97,その他の手術（2件のKコードが他パターンに非該当）,"K546(経皮的冠動脈形成術（急性心筋梗塞に対するもの）), K000(時間外加算１（手術）)",x,処置等1の分岐なし,0,トリガーにマッチする処置コードなし,x,副傷病の分岐なし,,x,重症度の分岐なし (全 x),,050140xx97x0xx,"入院期間I:7日/3171点
入院期間II:15日/2216点
入院期間III:60日/1884点","入院日数12日
入院期間I:3171×7日=22197
入院期間II:2216×5日=11080
合計:33277",33277,rejected,点数が低い (差 1775),,,,,,,,,,,
7011745,2026-07-04,2026-07-15,ok,91.9,E785,脂質異常症,脂質異常症,0.55,100300,代謝性疾患（糖尿病を除く。）,"1. 入院目的: 直接の入院契機ではないが，冠動脈疾患リスクの一つとして入院中に重点的に評価・治療された背景病態。
2. 主病名: カルテで一貫して「脂質異常症（目標LDL-C < 55 mg/dL）」と明示され，LDLコントロールが治療目標とされているため，E785 脂質異常症を選択。
3. 中心治療: LDL測定の頻回検査，ネキシウム系脂質低下薬（ネクセトール）追加，PCSK9阻害薬導入検討，食事・生活指導。
・LDL-Cが目標外であることが繰り返し指摘され，目標LDL < 55 mg/dL と厳格な目標設定のもと薬物治療強化がなされており，代謝性疾患として入院中にかなり意識的に介入されている。
・心筋梗塞の再発予防という観点で，退院後を見据えた薬物・生活指導にも人的・時間的資源が配分されているため，DPC「100300 代謝性疾患」として主傷病に置き換える選択肢も理論上ありうる。
・しかし，侵襲的処置やHCU管理の直接対象ではなく，入院期間の中心イベントはSTEMIであるため，相対的には補助的候補にとどまる。",x,,分岐なし（xのみ）,,x,,分岐なし（xのみ）,,xx,パターン xx,,x,処置等1の分岐なし,0,トリガーにマッチする処置コードなし,x,副傷病の分岐なし,,x,重症度の分岐なし (全 x),,100300xxxxx0xx,,12日 包括対象外,,rejected,包括対象外,,,,,,,,,,,
7011745,2026-07-04,2026-07-15,ok,91.9,K769,肝機能障害（薬剤性など原因不明）,肝機能障害,0.45,060570,その他の消化器等の障害,"1. 入院目的: 入院目的ではないが，経過中に新規に出現した異常として「肝機能障害」が診断され，フォローアップ対象となった。
2. 主病名: カルテで「＃肝機能障害」とのみ記載され，原因が特定されていないため，詳細不明の肝機能障害に対応するK769を選択。
3. 中心治療: 肝酵素・ビリルビンの継時的検査，薬剤（ネクセトールなど）の調整・中止を含む内服見直し。
・AST/ALTの軽度上昇が経過中に問題として挙がり，「肝機能障害」として数日にわたりフォローされ，7/13には「改善あり」と記載されていることから，入院中に追加で管理された病態である。
・DPC6「060570 その他の消化器等の障害」に対応し，薬剤性やうっ血など原因未確定の肝障害として包括的に扱える。
・ただし，侵襲的手技や専門的処置は行われておらず，主に検査フォローと薬剤調整に限られるため，資源投入量は心筋梗塞や心不全に比べ少ない。
・それでも入院中に新たに評価・経過観察が必要となった病態であり，場合によっては主傷病候補として考慮されうるため，補助的候補として保持する。",x,,分岐なし（xのみ）,,x,,分岐なし（xのみ）,,97,その他の手術（2件のKコードが他パターンに非該当）,"K546(経皮的冠動脈形成術（急性心筋梗塞に対するもの）), K000(時間外加算１（手術）)",x,処置等1の分岐なし,0,トリガーにマッチする処置コードなし,x,副傷病の分岐なし,,x,重症度の分岐なし (全 x),,060570xx97x0xx,"入院期間I:4日/3280点
入院期間II:9日/2453点
入院期間III:30日/2085点","入院日数12日
入院期間I:3280×4日=13120
入院期間II:2453×5日=12265
入院期間III:2085×3日=6255
合計:31640",31640,rejected,点数が低い (差 3412),,,,,,,,,,,
7011769,2026-07-04,2026-07-14,ok,97.7,I219,右冠動脈閉塞によるST上昇型急性心筋梗塞,ＳＴ上昇型急性心筋梗塞,0.95,050030,急性心筋梗塞（続発性合併症を含む。）、再発性心筋梗塞,"1. 入院目的: 胸痛を主訴に救急受診し、急性冠症候群疑いで入院、ACSとして緊急CAG・PCI目的の入院と記載。
2. 主病名: 記録を通じて「ST上昇型急性心筋梗塞（2026/07/04，Killip：I）」と明記され、下後壁の収縮低下、PRCA total TIMI0 とあり右冠動脈閉塞のSTEMIと解釈。
3. 中心治療: 急性期にK546 経皮的冠動脈形成術（急性心筋梗塞に対するもの）、時間外加算付きで実施。心筋逸脱酵素ピーク（CK 2760, CK-MB 393）、HCU管理、心血管リハビリ、頻回の心エコー・心電図・血液検査など心筋梗塞管理が入院中の資源投入の中心。
4. 本候補は急性発症の胸痛の原因であり、最大の侵襲的処置（K546）の直接対象で、HCU入室とモニタリング、薬物療法など多くの医療資源が集中しているため、最資源投入病名として極めて有力。
5. ICD-10は部位詳細（下後壁など）のコード群(I21.1, I21.2等)候補もあるが、カルテ上は部位名を具体的な分類名としては書いておらず「ST上昇型急性心筋梗塞」として包括的に記載されているため、部位詳細不明のSTEMIを含むI219を選択するのが妥当。
6. DPC6はI219→050030が対応し、そのsurgery_k_codesにK5461〜3が含まれており、EF上のK546（急性心筋梗塞に対するPCI）と完全に整合する。よってDPC上も本病名を主軸とする設計になっている。
7. 慢性心不全や脂質異常症などの併存症は本梗塞の背景因子であるが、今回入院での侵襲的治療・HCU管理の主目的は急性心筋梗塞であり、資源投入量・イベントの重症度いずれも本候補が明らかに上回る。",x,,分岐なし（xのみ）,,x,,分岐なし（xのみ）,,97,その他の手術（2件のKコードが他パターンに非該当）,"K546(経皮的冠動脈形成術（急性心筋梗塞に対するもの）), K000(時間外加算１（手術）)",x,処置等1の分岐なし,0,"処置等2=0: H000(心大血管疾患リハビリテーション料（１）（１単位）（理学療法士による場合）)[レセ電=180744210, 実施日=2026-07-09;2026-07-10;2026-07-13], H000(心大血管疾患リハビリテーション料（１）（１単位）（作業療法士による場合）)[レセ電=180744310, 実施日=2026-07-08], H000(心大血管疾患リハビリテーション料（１）（１単位）（集団療法による場合）)[レセ電=180744610, 実施日=2026-07-10;2026-07-11;2026-07-12]",x,副傷病の分岐なし,,x,重症度の分岐なし (全 x),,050030xx97x0xx,"入院期間I:3日/4151点
入院期間II:12日/2457点
入院期間III:60日/2088点","入院日数11日
入院期間I:4151×3日=12453
入院期間II:2457×8日=19656
合計:32109",32109,selected,,true,true,0.97,050130xx97000x,050030xx97x0xx,050030xx97x0xx,1000,同点候補あり,入院目的は「急性冠症候群に対する加療」であり，救急受診の主訴は胸痛。入院当日にACSとして緊急CAG・PCI（K546：急性心筋梗塞に対する経皮的冠動脈形成術）を実施し，HCU管理・心筋逸脱酵素フォローなど医療資源の中心はST上昇型急性心筋梗塞に投入されている。慢性心不全Stage Bは背景病態として評価されているのみで，DPC注意事例でも原疾患である急性心筋梗塞を医療資源病名とすることが推奨されるため，主病名は候補1が妥当。,,
7011769,2026-07-04,2026-07-14,ok,97.7,I509,"慢性心不全（Stage B, LVEF保たれ）",慢性心不全,0.7,050130,心不全,"1. 入院目的: 直接の入院目的は急性冠症候群だが、入院時循環器診療録で「慢性心不全（Stage：B，LVEF：55%）」と繰り返し記載され、心不全の背景として評価されている。
2. 主病名: SOAP_Aに一貫して「＃慢性心不全（Stage：B，LVEF：55%）」と記載され、NT-proBNP軽度高値（310 pg/mL）など心機能評価が行われていることから、器質的心疾患に伴う無症候性心不全（Stage B）としてI509（慢性心不全）が適合。
3. 中心治療: 心エコーで右室収縮低下や下後壁の収縮低下をフォローし、心血管リハビリ、薬物調整（降圧・脂質・抗血小板薬など）を通じて将来の心不全増悪予防が図られており、心機能改善・維持に継続的な医療資源が投入されている。
4. 今回入院の最大イベントは急性心筋梗塞であるが、慢性心不全はそれに先立つ基礎病態であり、心リハや心機能評価は心不全の管理としても位置づけられるため、一定の資源が本病態にも投じられていると解釈できる。
5. ICD-10としては急性心不全ではなく安定した慢性心不全（Stage B, LVEF保たれ）であり、急性増悪徴候がカルテ上否定されているため、I509「慢性心不全」が最も妥当。
6. DPC6は050130（心不全）が対応し、心不全関連のKコード群にもK546等が含まれるため、心不全を主病名としたDPCも構造上は成立しうる。ただし本症例では急性心筋梗塞DPC（050030）のほうが臨床経過とEFのK546により直接的に対応するため、心不全は第2候補という位置づけとなる。",x,,分岐なし（xのみ）,,x,,分岐なし（xのみ）,,97,その他の手術（2件のKコードが他パターンに非該当）,"K546(経皮的冠動脈形成術（急性心筋梗塞に対するもの）), K000(時間外加算１（手術）)",0,トリガーにマッチする処置コードなし,0,"処置等2=0: H000(心大血管疾患リハビリテーション料（１）（１単位）（理学療法士による場合）)[レセ電=180744210, 実施日=2026-07-09;2026-07-10;2026-07-13], H000(心大血管疾患リハビリテーション料（１）（１単位）（作業療法士による場合）)[レセ電=180744310, 実施日=2026-07-08], H000(心大血管疾患リハビリテーション料（１）（１単位）（集団療法による場合）)[レセ電=180744610, 実施日=2026-07-10;2026-07-11;2026-07-12]",0,トリガーに該当する副傷病なし,,x,重症度の分岐なし (全 x),,050130xx97000x,"入院期間I:9日/3140点
入院期間II:18日/2264点
入院期間III:60日/1924点","入院日数11日
入院期間I:3140×9日=28260
入院期間II:2264×2日=4528
合計:32788",32788,rejected,LLMタイブレーカーで非選定,,,,,,,,,,,
7011769,2026-07-04,2026-07-14,ok,97.7,E780,家族性高コレステロール血症（ヘテロ接合体疑い）,家族性高コレステロール血症,0.65,100300,代謝性疾患（糖尿病を除く。）,"1. 入院目的: 直接の目的はACS加療だが、その背景として重度脂質異常症が早期から問題とされ、「家族性高コレステロール血症（ヘテロ）の診断基準1つ該当」と明記されている。
2. 主病名: LDL-C高値、アキレス腱肥厚（Xpでアキレス腱＞8.0mm）、若年発症STEMI、家族性高コレステロール血症と診断され、脂質異常症の一般コードではなく遺伝性高コレステロール血症としてE780が最適。
3. 中心治療: 入院中にPCSK9阻害薬導入について説明・同意取得、「LDL-Cの低下悪い。PCSK9阻害薬の導入とする」「今日からネクセトール追加」など、強化脂質管理のための高額な薬剤導入・指導が実施されており、これは単なる合併症管理を超えた資源投入。
4. 家族性高コレステロール血症に対する評価（ABI, Xpアキレス腱、詳細な脂質プロファイル）や長期管理方針の決定は、今回入院の重要なサブゴールであり、DPC上も100300（代謝性疾患）で独立した主病名候補となりうる。
5. ICD-10はE78.5より、カルテで「家族性高コレステロール血症（ヘテロ）」と明記されているためE780を選択するのが妥当。
6. DPC6はE780→100300に対応し、K546のような循環器Kコードは紐づかないが、高額薬剤・検査による資源投入が代謝疾患側にも存在するため、虚血イベントとは別軸の主病名候補として保持する価値がある。",x,,分岐なし（xのみ）,,x,,分岐なし（xのみ）,,xx,パターン xx,,x,処置等1の分岐なし,0,トリガーにマッチする処置コードなし,x,副傷病の分岐なし,,x,重症度の分岐なし (全 x),,100300xxxxx0xx,,11日 包括対象外,,rejected,包括対象外,,,,,,,,,,,
7011769,2026-07-04,2026-07-14,ok,97.7,I10,本態性高血圧症,本態性高血圧症,0.45,050140,高血圧性疾患,"1. 入院目的: 直接の入院契機は急性心筋梗塞だが、高血圧症が既往・併存疾患として記載されており、冠動脈疾患・心不全の背景病態として重要。
2. 主病名: SOAP_Aで「＃高血圧症」と繰り返し記載され、二次性高血圧の記載はなく、本態性高血圧症としてI10が妥当。
3. 中心治療: 入院中を通じて血圧管理が行われ、降圧薬調整が行われていると推測されるが、カルテでは具体的薬剤名の記載が少なく、検査・リハ・PCIは主として心筋梗塞と脂質異常に関連している。
4. それでも、心エコーで左室壁肥厚が指摘されており、慢性高血圧負荷の臓器障害として評価が行われていることから、高血圧性疾患としてのDPC（050140）を主病名に採用するシナリオも理論上は存在する。
5. DPC6はI10→050140で循環器系DPCであり、K546などの冠動脈インターベンションも関連Kコードとして含まれうるため、ハイリスク高血圧に対する介入として解釈される余地がある。ただし、本症例では急性心筋梗塞（050030）がより直接的で、資源投入もそちらに紐づくため、高血圧症は補助的な候補に留まる。",x,,分岐なし（xのみ）,,x,,分岐なし（xのみ）,,97,その他の手術（2件のKコードが他パターンに非該当）,"K546(経皮的冠動脈形成術（急性心筋梗塞に対するもの）), K000(時間外加算１（手術）)",x,処置等1の分岐なし,0,トリガーにマッチする処置コードなし,x,副傷病の分岐なし,,x,重症度の分岐なし (全 x),,050140xx97x0xx,"入院期間I:7日/3171点
入院期間II:15日/2216点
入院期間III:60日/1884点","入院日数11日
入院期間I:3171×7日=22197
入院期間II:2216×4日=8864
合計:31061",31061,rejected,点数が低い (差 1727),,,,,,,,,,,
7012242,2026-07-07,2026-07-22,ok,57.1,A481,レジオネラ肺炎,レジオネラ肺炎,0.95,040080,肺炎等,"1. 入院目的: 「レジオネラ肺炎」「熱中症」を主訴として救急搬送され入院。CTで右下葉肺炎像、尿中レジオネラ抗原陽性、肺炎パネルでLegionella pneumophila検出。
2. 主病名: レジオネラ肺炎 → A481（レジオネラ肺炎）。
3. 中心治療: フルオロキノロン系抗菌薬（シプロフロキサシン点滴→レボフロキサシン内服）、酸素投与（J024）、喀痰吸引（J018）、呼吸心拍モニタ（D220）、胸部CT・X線、血液ガス、複数回の血液検査、呼吸リハビリ（H003）。
- 入院全期間を通じて酸素需要・炎症反応・画像所見のフォローが行われ、抗菌薬加療とリハビリを含めた医療資源の中心は肺炎治療。
- 熱中症や横紋筋融解症、腎障害・肝障害は原因・合併症として扱われ、早期に改善し、後半はレジオネラ肺炎とその後遺的な呼吸状態の改善・リハが主体。
- ICD-10 A481はレジオネラ肺炎に対応し、本症例は尿中抗原陽性・肺炎像を伴う典型例で適合。
- DPC6は040080「肺炎等」で、酸素療法・点滴治療・呼吸リハビリなど本症例の処置内容と整合し、今回入院で最も長期間・集中的に資源が投入された病態と判断できる。
- 競合となる熱中症・横紋筋融解症は初期数日の主因だが、入院全体の資源配分・退院時方針（転院でリハ・酸素）が肺炎起因の呼吸障害に紐づいている。",0,病態等分類（年齢・肺炎種別）,年齢不明、デフォルト分岐 '0' を使用,,x,,分岐なし（xのみ）,,99,手術なし,,x,処置等1の分岐なし,0,トリガーにマッチする処置コードなし,x,副傷病の分岐なし,,x,重症度の分岐なし (全 x),,0400800x99x0xx,"入院期間I:7日/3424点
入院期間II:15日/2308点
入院期間III:60日/1961点","入院日数16日
入院期間I:3424×7日=23968
入院期間II:2308×8日=18464
入院期間III:1961×1日=1961
合計:44393",44393,selected,,false,false,,0400800x99x0xx,,0400800x99x0xx,1000,同点候補なし,,,
7012242,2026-07-07,2026-07-22,ok,57.1,T678,熱中症による横紋筋融解症,熱中症,0.75,161020,体温異常,"1. 入院目的: 「レジオネラ肺炎」「熱中症」にて搬送。独居で自宅内で数日寝込んでおり、冷房不使用、CK著明高値(7044)、脱水とAKI・肝障害を伴う。
2. 主病名: 熱中症＋横紋筋融解症 → 熱中症はT678（熱中症）、横紋筋融解はM6289だが、本入院では熱中症を主とした体温異常病態として包括されているため、主コードとしてT678を採用する候補。
3. 中心治療: 冷却、ソルアセト急速投与、継続的輸液（G004）、電解質・腎機能・肝機能・CKの頻回採血フォロー。
- 記録で「#熱中症 #横紋筋融解症 #腎障害 #肝障害」「横紋筋融解症の原因としては熱中症と思われる」と明記され、初期の主要病態として積極的輸液・検査リソースが集中的に投入されている。
- CK・肝逸脱酵素・BUN/Crは数日にわたり高度異常で、補液・電解質補正の指標として多数の検査・点滴が行われており、入院前半の主たる資源投入の原因病態と評価できる。
- ICD-10 T678は「熱中症」に合致し、DPC6は161020「体温異常」で、輸液療法と検査中心の本ケースとも整合。
- レジオネラ肺炎が呼吸面の主病態である一方、全身代謝・腎肝障害・横紋筋融解という重症度を規定した要因として熱中症が大きく、入院初期だけを切り出せば最資源投入病名となりうる。",x,,分岐なし（xのみ）,,x,,分岐なし（xのみ）,,xx,パターン xx,,x,処置等1の分岐なし,0,トリガーにマッチする処置コードなし,x,副傷病の分岐なし,,x,重症度の分岐なし (全 x),,161020xxxxx0xx,"入院期間I:2日/3921点
入院期間II:5日/2266点
入院期間III:30日/1926点","入院日数16日
入院期間I:3921×2日=7842
入院期間II:2266×3日=6798
入院期間III:1926×11日=21186
合計:35826",35826,rejected,点数が低い (差 8567),,,,,,,,,,,
7012242,2026-07-07,2026-07-22,ok,57.1,N288,熱中症・レジオネラ肺炎に伴う急性腎障害,急性腎障害,0.6,11012x,上部尿路疾患,"1. 入院目的: 熱中症とレジオネラ肺炎で搬送され、BUN 51.6、Cre 1.34、尿沈渣で多数の顆粒円柱・尿細管上皮細胞ありとAKI所見。
2. 主病名: 急性腎障害 → N288（急性腎障害）。Creは軽度上昇だが、尿沈渣所見とBUN上昇から急性腎障害として記載されている。
3. 中心治療: 持続点滴（G004）、電解質補正、頻回の腎機能・電解質検査（D007, D005, D026など）。
- SOAPで一貫して「#腎障害」として言及され、脱水・熱中症・横紋筋融解症・レジオネラ肺炎を鑑別としながら、補液で改善するまで複数日にわたりフォローされている。
- 急性期には検査・輸液資源の重要なターゲットであり、腎不全への進行予防として一定の医療資源が投入されている。
- ただし透析等の高度侵襲は行われておらず、肺炎や熱中症本体に比べると二次的病態で、資源量もやや劣るためconfidenceは中等度に設定。
- ICD-10 N288は原因不特定の急性腎障害を包括し、脱水・横紋筋融解・感染に伴うAKI像をとる本症例に適合。DPC6は11012x「上部尿路疾患」で、腎機能障害管理を主とする場合の候補となりうる。",x,,分岐なし（xのみ）,,x,,分岐なし（xのみ）,,99,手術なし,,x,処置等1の分岐なし,x,処置等2の分岐なし,0,トリガーに該当する副傷病なし,,x,重症度の分岐なし (全 x),,11012xxx99xx0x,"入院期間I:2日/4034点
入院期間II:6日/2370点
入院期間III:30日/2014点","入院日数16日
入院期間I:4034×2日=8068
入院期間II:2370×4日=9480
入院期間III:2014×10日=20140
合計:37688",37688,rejected,点数が低い (差 6705),,,,,,,,,,,
7012242,2026-07-07,2026-07-22,ok,57.1,K769,熱中症・横紋筋融解症・レジオネラ肺炎に伴う肝障害,肝障害,0.55,060570,その他の消化器等の障害,"1. 入院目的: 熱中症とレジオネラ肺炎で搬送され、AST 953、ALT 469、LDH 830と著明な肝逸脱酵素上昇を伴う肝障害を認めた。
2. 主病名: 肝障害 → K769（肝障害）。原因は熱中症/脱水、横紋筋融解症、レジオネラ肺炎のいずれも鑑別とされており、特定の原因コードより包括的な「肝障害」が適切。
3. 中心治療: 輸液管理（G004）、肝機能の頻回採血フォロー（AST/ALT/LDH/ALP/γ-GTP/T-Bilなど多数採血）、原因薬剤への配慮。特異的肝療法は行っていないが、全身管理上の主要指標として連日モニタリング。
- SOAPで連日「#肝障害」として挙げられ、回復期の一過性胆汁うっ滞なども含めて7/15以降も継続的に評価されている。
- CK高値や感染、脱水とともに重症度判定の重要要素であり、検査資源が多く割かれている点から、入院中の主要病態の一つとして候補となる。
- ICD-10 K769は原因を特定しない肝障害に対応し、本例のように熱中症・横紋筋融解症・感染など複合要因が鑑別となるケースに合致。DPC6は060570「その他の消化器等の障害」で、肝障害を主病名にした場合の候補。",x,,分岐なし（xのみ）,,x,,分岐なし（xのみ）,,99,手術なし,,x,処置等1の分岐なし,0,トリガーにマッチする処置コードなし,x,副傷病の分岐なし,,x,重症度の分岐なし (全 x),,060570xx99x0xx,"入院期間I:3日/3235点
入院期間II:6日/2182点
入院期間III:30日/1854点","入院日数16日
入院期間I:3235×3日=9705
入院期間II:2182×3日=6546
入院期間III:1854×10日=18540
合計:34791",34791,rejected,点数が低い (差 9602),,,,,,,,,,,
7012278,2026-07-07,2026-07-21,ok,91.2,J123,ヒトメタニューモウイルスによるウイルス性肺炎,ヒトメタニューモウイルス肺炎,0.88,040070,インフルエンザ、ウイルス性肺炎,"1. 入院目的: 発熱・咳嗽・呼吸困難の増悪に対する内科的治療目的入院（肺炎・呼吸不全）。
2. 主病名: カルテ上の最終診断は「ウイルス性肺炎（hMPV陽性）」であり、フィルムアレイでヒトメタニューモウイルス陽性→J123が適合。
3. 中心治療: 抗菌薬（CTRX, AZM）、全身ステロイド大量投与（mPSL→PSL）、持続酸素療法およびハイフローセラピー、呼吸リハビリ、頻回の画像・血液検査、呼吸心拍監視。
- 呼吸不全・高流量酸素、喀痰吸引、呼吸リハなど多くの医療資源が肺炎・低酸素血症の管理に集中している。
- 画像で両側すりガラス影を認め、経過とともに改善しており、急性ウイルス性肺炎の臨床経過に合致。
- hMPV陽性と明記されており、部位が肺炎であることから、単なるウイルス感染症（B348）ではなくJ123（ヒトメタニューモウイルス肺炎）が最も妥当。
- DPC6「040070 インフルエンザ、ウイルス性肺炎」は本症と整合し、J024酸素吸入、J026-42ハイフローセラピー、各種感染検査等の資源投入とも矛盾しない。",x,,分岐なし（xのみ）,,x,,分岐なし（xのみ）,,xx,パターン xx,,x,処置等1の分岐なし,0,トリガーにマッチする処置コードなし,0,トリガーに該当する副傷病なし,,x,重症度の分岐なし (全 x),,040070xxxxx00x,"入院期間I:3日/3025点
入院期間II:5日/2170点
入院期間III:30日/1845点","入院日数15日
入院期間I:3025×3日=9075
入院期間II:2170×2日=4340
入院期間III:1845×10日=18450
合計:31865",31865,rejected,点数が低い (差 3223),,,,,,,,,,,
7012278,2026-07-07,2026-07-21,ok,91.2,J9609,急性呼吸不全（ウイルス性肺炎に伴う）,急性呼吸不全,0.7,040130,呼吸不全（その他）,"1. 入院目的: 他院での肺炎入院中に呼吸状態が増悪し、酸素8Lを要する呼吸不全の状態で転院入院。
2. 主病名: 「酸素8Lを要する呼吸不全」「呼吸困難」などから、低酸素血症を伴う急性呼吸不全としてJ9609が該当。
3. 中心治療: 高流量酸素療法（HFNC / ハイフローセラピー）、持続酸素吸入、呼吸心拍監視、繰り返しの血液ガス分析、呼吸リハビリなど、呼吸不全管理に大きな資源が投入。
- SpO2 91%（O2 5L）、HFNC FiO2 0.6・flow 30Lなど高い酸素需要が連日記録されており、単純な軽症肺炎を超える呼吸不全状態。
- EFにJ024酸素吸入、J026-42ハイフローセラピー、D007血液ガス分析、D220呼吸心拍監視が並び、呼吸不全治療としての資源投入が明確。
- 原因はhMPV肺炎であるが、臨床的には急性呼吸不全の管理自体が入院前半の中心であり、原因疾患と同等レベルで最資源投入病名候補となりうる。
- DPC6「040130 呼吸不全（その他）」は原因に依らない急性呼吸不全管理を包括し、本症例のHFNC等の使用とも整合する。",x,,分岐なし（xのみ）,,x,,分岐なし（xのみ）,,99,手術なし,,x,処置等1の分岐なし,0,トリガーにマッチする処置コードなし,x,副傷病の分岐なし,,x,重症度の分岐なし (全 x),,040130xx99x0xx,"入院期間I:4日/3127点
入院期間II:9日/2236点
入院期間III:30日/1900点","入院日数15日
入院期間I:3127×4日=12508
入院期間II:2236×5日=11180
入院期間III:1900×6日=11400
合計:35088",35088,selected,,false,false,,040130xx99x0xx,,040130xx99x0xx,1000,同点候補なし,,,
7012278,2026-07-07,2026-07-21,ok,91.2,C349,右上葉粘液産生肺腺癌の疑い,肺癌,0.55,040040,肺の悪性腫瘍,"1. 入院目的: 当初は肺炎・呼吸不全目的だが、経過中に右上葉陰影の性状から肺癌疑いが浮上し、最終的に「肺癌の疑い」として外来精査方針となった。
2. 主病名: 喀痰細胞診で腺癌検出、右上葉の陰影がmucinous adenocarcinomaの可能性ありと記載→肺腺癌に相当し、部位詳細不明のため包括的にC349肺癌を選択。
3. 中心治療: 本入院中に肺癌自体への手術・化学療法は未実施だが、CEA測定、繰り返しのCT/Xp、喀痰細胞診など画像・病理検査資源が一定投入され、退院時サマリで新たな主要病態として扱われている。
- 肺炎後器質化疑いから始まり、カンファレンスでmucinous adenocarcinomaが議論され、CEA高値・細胞診腺癌検出により悪性腫瘍可能性が高いと整理されている。
- 良性腫瘍コード（D381など）よりも、腺癌細胞検出・「肺癌の疑い」記載から悪性コードC349が臨床的に妥当。
- 現時点では確定治療がないため肺炎ほどの資源投入ではないが、DPC上は肺悪性腫瘍040040に対応し、今後の手術や化学療法の主対象疾患となる可能性が高いことから、最資源投入病名候補として保持する価値がある。",x,,分岐なし（xのみ）,,x,,分岐なし（xのみ）,,99,手術なし,,0,トリガーにマッチする処置コードなし,0,トリガーにマッチする処置コードなし,x,副傷病の分岐なし,,x,重症度の分岐なし (全 x),,040040xx9900xx,"入院期間I:5日/3170点
入院期間II:11日/2320点
入院期間III:30日/1972点","入院日数15日
入院期間I:3170×5日=15850
入院期間II:2320×6日=13920
入院期間III:1972×4日=7888
合計:37658",37658,rejected,上位候補に劣る,,,,,,,,,,,
7012278,2026-07-07,2026-07-21,ok,91.2,N189,慢性腎臓病,慢性腎臓病,0.4,110280,慢性腎炎症候群・慢性間質性腎炎・慢性腎不全,"1. 入院目的: 主目的ではないが、既往として慢性腎臓病が明記され、入院中も腎機能悪化に留意しながら治療が行われている。
2. 主病名: カルテに具体的ステージ記載なく「慢性腎臓病」とのみあるため、包括コードN189を選択。
3. 中心治療: 連日の血液化学検査（BUN, Crなど）による腎機能モニタリング、造影や腎毒性薬剤への配慮など、一定の資源が腎機能管理にも割かれているが、専ら支持的であり侵襲的処置や透析は行われていない。
- 検査所見でBUN, Cr軽度高値が継続しており、基礎疾患としてのCKDが入院全体を通じて治療・評価の背景となっている。
- DPC6「110280 慢性腎炎症候群・慢性間質性腎炎・慢性腎不全」と整合しうるが、EF上CKD選択を決定づけるKコードや腎特異的処置はないため、主傷病としてはやや弱い候補。
- それでも長期モニタリングと薬剤調整の対象となっており、条件次第では最資源投入病名候補になりうるため補助的に保持。",x,,分岐なし（xのみ）,,x,,分岐なし（xのみ）,,99,手術なし,,0,トリガーにマッチする処置コードなし,0,トリガーにマッチする処置コードなし,0,トリガーに該当する副傷病なし,,x,重症度の分岐なし (全 x),,110280xx99000x,"入院期間I:4日/3055点
入院期間II:9日/2285点
入院期間III:30日/1942点","入院日数15日
入院期間I:3055×4日=12220
入院期間II:2285×5日=11425
入院期間III:1942×6日=11652
合計:35297",35297,rejected,上位候補に劣る,,,,,,,,,,,
7012278,2026-07-07,2026-07-21,ok,91.2,I480,発作性心房細動,発作性心房細動,0.38,050070,頻脈性不整脈,"1. 入院目的: 主要目的ではないが、既往・診断名として「発作性心房細動」が一貫して記載され、抗凝固療法（DOAC）の一時中止・再開が入院中の重要な治療判断となっている。
2. 主病名: 明確に「発作性心房細動」と書かれており、I480が最も適合。
3. 中心治療: DOAC中止→ヘパリン置換→hMPV肺炎確定後にDOAC再開と、血栓塞栓症予防目的の抗凝固管理に医療資源（薬剤選択・凝固検査）が投入されている。ただしアブレーション等の侵襲的手技は実施されていない。
- 心エコーで心房拡大等を評価しており、不整脈背景の精査も行われている。
- DPC6「050070 頻脈性不整脈」に対応しうるが、今回入院の主訴や資源の大半は肺炎・呼吸不全に向いているため、主傷病としての優先度は低い。
- それでも抗凝固管理のために継続的な評価・処方調整がなされており、条件によっては最資源投入病名となりうるため、補助候補として列挙する。",x,,分岐なし（xのみ）,,x,,分岐なし（xのみ）,,99,手術なし,,0,トリガーにマッチする処置コードなし,0,トリガーにマッチする処置コードなし,1,副傷病あり（value=1）,[EF] J024(酸素吸入（１日につき）) レセ電=140005610 → J96$(呼吸不全)とみなす 判断: EF上の酸素吸入の算定により呼吸不全相当と判定,x,重症度の分岐なし (全 x),,050070xx99001x,"入院期間I:5日/3315点
入院期間II:12日/2240点
入院期間III:30日/1904点","入院日数15日
入院期間I:3315×5日=16575
入院期間II:2240×7日=15680
入院期間III:1904×3日=5712
合計:37967",37967,rejected,上位候補に劣る,,,,,,,,,,,
7013787,2026-07-13,2026-07-29,ok,90.8,J9619,気腫合併肺線維症による慢性呼吸不全,慢性呼吸不全,0.9,040130,呼吸不全（その他）,"1. 入院目的: 定期受診でSpO2 70〜80%台と低下し、気腫合併肺線維症に伴う慢性呼吸不全増悪への治療目的で紹介入院。
2. 主病名: 気腫合併肺線維症に伴う慢性呼吸不全 → 呼吸不全としてJ9619が適合。
3. 中心治療: 高流量の酸素療法（安静時3〜5L、労作時9〜12L）、連日のSpO2モニタ、心拍・呼吸監視、血液ガス・動脈血酸素飽和度測定、呼吸リハビリ。
- 経過を通じて酸素需要が高く、在宅酸素でも賄いきれない終末像と評価され、管理の中心は慢性呼吸不全。
- 抗菌薬は短期で終了し肺炎は否定されているため、資源投入の大部分は呼吸不全管理に紐づく。
- ICD-10は慢性進行で基礎に気腫合併肺線維症があり増悪はあるが急性呼吸不全ではなく、慢性呼吸不全（J9619）が臨床像に最も整合。
- DPC6は040130（呼吸不全（その他））で、酸素吸入、呼吸心拍監視、血液ガス、SpO2連日測定、呼吸リハビリなどEF上の処置と整合し、今回入院の資源投入構造をよく反映する。",x,,分岐なし（xのみ）,,x,,分岐なし（xのみ）,,99,手術なし,,x,処置等1の分岐なし,0,トリガーにマッチする処置コードなし,x,副傷病の分岐なし,,x,重症度の分岐なし (全 x),,040130xx99x0xx,"入院期間I:4日/3127点
入院期間II:9日/2236点
入院期間III:30日/1900点","入院日数17日
入院期間I:3127×4日=12508
入院期間II:2236×5日=11180
入院期間III:1900×8日=15200
合計:38888",38888,rejected,点数が低い (差 6275),,,,,,,,,,,
7013787,2026-07-13,2026-07-29,ok,90.8,J841,気腫合併肺線維症（間質性肺炎終末像）,気腫合併肺線維症,0.8,040110,間質性肺炎,"1. 入院目的: 検診で指摘され経過観察されていた気腫合併肺線維症が進行し、在宅酸素でも賄えないレベルの呼吸不全に至ったため管理目的で入院。
2. 主病名: 気腫合併肺線維症 → J841（気腫合併肺線維症／びまん性間質性肺炎等）として肺の構造的疾患を表現可能。
3. 中心治療: 間質性肺炎進行の評価（高分解能CT、SP-D・KL-6・抗ARS抗体など自己免疫関連検査）、心エコーで肺高血圧評価、呼吸リハビリ、酸素療法計画とHOT導入方針の決定。
- 画像（両肺胸膜下・底部優位の網状影・蜂巣・すりガラス影）とバイオマーカー（SP-D, KL-6上昇, 抗ARS抗体陽性）から間質性肺炎としての病態評価に多くの検査資源が投じられている。
- 経過記録で「間質性肺炎の終末像」と明記され、今後の治療限界や緩和的管理の方針決定が本入院の重要テーマ。
- ICD-10は特発性や薬剤性など特定の原因が確定しておらず、包括的にJ841（気腫合併肺線維症/びまん性間質性肺炎）を選択するのが妥当。
- DPC6は040110（間質性肺炎）となり、自己抗体・間質性肺炎マーカー検査、胸部CT等のEF処置内容と整合し、病態評価に相応の医療資源が投下されている。",x,,分岐なし（xのみ）,,x,,分岐なし（xのみ）,,xx,パターン xx,,0,トリガーにマッチする処置コードなし,0,トリガーにマッチする処置コードなし,x,副傷病の分岐なし,,x,重症度の分岐なし (全 x),,040110xxxx00xx,"入院期間I:8日/3193点
入院期間II:15日/2255点
入院期間III:60日/1917点","入院日数17日
入院期間I:3193×8日=25544
入院期間II:2255×7日=15785
入院期間III:1917×2日=3834
合計:45163",45163,selected,,false,false,,040110xxxx00xx,,040110xxxx00xx,1000,同点候補なし,,,
7013787,2026-07-13,2026-07-29,ok,90.8,I272,気腫合併肺線維症に伴う二次性肺高血圧症,二次性肺高血圧症,0.65,04026x,肺高血圧性疾患,"1. 入院目的: 低酸素血症精査とともに、心エコー・造影CTで肺高血圧や肺塞栓の有無評価も実施されており、呼吸不全の背景にある循環動態評価が目的の一部を占める。
2. 主病名: 間質性肺炎/慢性呼吸不全に伴う二次性肺高血圧症 → I272（二次性肺高血圧症）が最も適合。
3. 中心治療: 心エコーによるRVSP測定（64mmHgと高値）、肺動脈造影CTで血栓否定、酸素療法継続による対症的管理。
- 心エコーで右室拡大・肺高血圧所見が明確に記載され、造影CTで慢性血栓塞栓症を除外しているなど、肺高血圧の病態把握に検査資源が投下されている。
- 臨床的にはトレプロスト吸入など特異的治療は見送られたが、評価と予後判定は今回入院の重要なテーマ。
- ICD-10は「間質性肺炎/慢性呼吸不全に伴う3群肺高血圧」と記載されており、原発性ではなく二次性肺高血圧（I272）とするのが妥当。
- DPC6は04026x（肺高血圧性疾患）に対応し、心エコー（D215）、造影CT（E200＋造影加算）、NT-proBNP（D008）など循環評価関連のEF項目と結びつき、呼吸不全と並ぶ重症病態として一定の資源投入がある。",x,,分岐なし（xのみ）,,x,,分岐なし（xのみ）,,99,手術なし,,0,トリガーにマッチする処置コードなし,0,トリガーにマッチする処置コードなし,x,副傷病の分岐なし,,x,重症度の分岐なし (全 x),,04026xxx9900xx,"入院期間I:5日/3329点
入院期間II:12日/2289点
入院期間III:30日/1945点","入院日数17日
入院期間I:3329×5日=16645
入院期間II:2289×7日=16023
入院期間III:1945×5日=9725
合計:42393",42393,rejected,点数が低い (差 2770),,,,,,,,,,,
7013787,2026-07-13,2026-07-29,ok,90.8,C20,直腸癌（腹部リンパ節転移を伴う）,直腸癌,0.7,060040,直腸肛門（直腸Ｓ状部から肛門）の悪性腫瘍,"1. 入院目的: 当初は呼吸不全管理目的だが、入院中の造影CTで直腸RSの壁肥厚とリンパ節腫大が指摘され、消化器内科コンサルトと内視鏡・生検により直腸癌＋リンパ節転移が確定した精査目的を兼ねた入院となった。
2. 主病名: 直腸癌＋腹部リンパ節転移 → 原発巣としてC20（直腸癌）が標準。リンパ節転移はC77xで補足可能だが、主病名としては原発腫瘍を選択。
3. 中心治療: 造影CTによる腫瘍検索、下部消化管内視鏡（SCF）と直腸生検（D414, D313）で腺癌確定診断、便通調整薬で通過障害・便秘対策。
- 呼吸不全が強く根治治療は行われていないが、精査のために内視鏡検査と病理診断が施行されており、これ自体に相応の医療資源が投入されている。
- 病理にて中分化型管状腺癌（Group5）と確定し、「直腸癌・腹部リンパ節転移(病名告知希望なし)」と明記されている。
- ICD-10は原発巣を表すC20を主とし、転移先リンパ節（腹部リンパ節）はC772等で別コーディング可能。ここでは主候補として直腸癌本体を採用。
- DPC6は060040（直腸肛門の悪性腫瘍）であり、今回入院中に手術Kコードはないものの、将来の治療計画・予後説明のための診断確定という意味で、消化器内視鏡・生検（D414 直腸, D313 大腸内視鏡）のEF処置と整合する。",x,,分岐なし（xのみ）,,x,,分岐なし（xのみ）,,99,手術なし,,x,処置等1の分岐なし,0,トリガーにマッチする処置コードなし,0,トリガーに該当する副傷病なし,,x,重症度の分岐なし (全 x),,060040xx99x00x,"入院期間I:3日/3222点
入院期間II:8日/2333点
入院期間III:30日/1983点","入院日数17日
入院期間I:3222×3日=9666
入院期間II:2333×5日=11665
入院期間III:1983×9日=17847
合計:39178",39178,rejected,点数が低い (差 5985),,,,,,,,,,,
7013787,2026-07-13,2026-07-29,ok,90.8,M351,抗ARS抗体症候群に伴う間質性肺炎,抗ＡＲＳ抗体症候群,0.5,070560,重篤な臓器病変を伴う全身性自己免疫疾患,"1. 入院目的: 当初は特発性の気腫合併肺線維症とされていたが、入院時検査で抗ARS抗体陽転が判明し、基礎病態としての自己免疫性間質性肺炎の可能性評価も本入院で行われた。
2. 主病名: 抗ARS抗体症候群に伴う間質性肺炎 → 全身性自己免疫疾患としてM351（抗ARS抗体症候群）が該当し、臓器病変として肺線維症・間質性肺炎を伴う像と合致。
3. 中心治療: 抗ARS抗体を含む自己抗体パネル検査、膠原病関連評価、しかしステロイドや免疫抑制薬は「酸素化の改善は期待できない」と判断され導入せず。
- 主な医療資源はすでにJ841/J9619側で評価・治療されているが、抗ARS抗体陽性という自己免疫基盤の同定に免疫学的検査が集中的に行われている点で、病因診断レベルの資源投入がある。
- 臨床医コメントとして「d/d)抗ARS抗体症候群」と記されつつ、のちに抗ARS抗体陽転が確認され、病因候補から実際の背景疾患としての重みを増している。
- ICD-10は病態を全身性自己免疫疾患として捉える場合M351が適切で、DPC6は070560（重篤な臓器病変を伴う全身性自己免疫疾患）に対応し、自己抗体検査や長期管理の観点からは独立DPC候補となりうる。今回入院では治療介入は限定的だが、基礎疾患としての位置づけと検査資源を考慮し補助的候補とした。",x,,分岐なし（xのみ）,,x,,分岐なし（xのみ）,,xx,パターン xx,,x,処置等1の分岐なし,0,トリガーにマッチする処置コードなし,x,副傷病の分岐なし,,x,重症度の分岐なし (全 x),,070560xxxxx0xx,"入院期間I:4日/3550点
入院期間II:13日/2327点
入院期間III:60日/1978点","入院日数17日
入院期間I:3550×4日=14200
入院期間II:2327×9日=20943
入院期間III:1978×4日=7912
合計:43055",43055,rejected,点数が低い (差 2108),,,,,,,,,,,
7014412,2026-07-23,2026-07-28,ok,37.3,S5250,左橈骨遠位端粉砕骨折（C1）,橈骨遠位端粉砕骨折,0.95,160760,前腕の骨折,"1. 入院目的: 自宅での転倒による左橈骨遠位端骨折に対する観血的骨接合術目的の入院。
2. 主病名: 「ひだり橈骨遠位端骨折 C1」「左橈骨遠位端粉砕骨折」→ 橈骨遠位端粉砕骨折 S5250。
3. 中心治療: K046 骨折観血的手術（前腕骨骨折観血的手術）、全身麻酔＋腋窩ブロック、術後呼吸心拍監視、運動器リハビリ。
・骨折は転倒外傷後のX線で診断され、今回入院〜退院までの全医療資源（手術、麻酔、モニタリング、リハビリ、転院調整）の直接の対象。
・カルテに「左橈骨遠位端粉砕骨折」「C1」「C2」と記載があり、関節周辺の橈骨遠位端骨折として S5250（粉砕骨折）/S5250系が最も整合。
・DPC6 は「前腕の骨折(160760)」で、関連手術Kコード群に前腕骨骨折観血的手術 K046 系が含まれ、EFのK046と合致しDPC的にも首尾一貫。
・他候補（前腕病的骨折を伴う閉経後骨粗鬆症等）は基礎疾患レベルであり、今回の入院資源集中は明らかに急性外傷骨折に対してである。",x,,分岐なし（xのみ）,,x,,分岐なし（xのみ）,,97,その他の手術（1件のKコードが他パターンに非該当）,K046(骨折観血的手術（前腕骨骨折観血的手術）),x,処置等1の分岐なし,x,処置等2の分岐なし,x,副傷病の分岐なし,,x,重症度の分岐なし (全 x),,160760xx97xxxx,"入院期間I:2日/3113点
入院期間II:4日/2179点
入院期間III:30日/1852点","入院日数6日
入院期間I:3113×2日=6226
入院期間II:2179×2日=4358
入院期間III:1852×2日=3704
合計:14288",14288,selected,,false,false,,160760xx97xxxx,,160760xx97xxxx,1000,同点候補なし,,,
7014412,2026-07-23,2026-07-28,ok,37.3,M8003,閉経後骨粗鬆症に伴う前腕病的骨折,閉経後骨粗鬆症・前腕病的骨折あり,0.55,070370,骨粗鬆症,"1. 入院目的: 左橈骨遠位端骨折手術目的入院だが、既往歴として骨粗鬆症が明記されている高齢女性。
2. 主病名候補: 骨粗鬆症を背景とした前腕病的骨折 → M8003（閉経後骨粗鬆症・前腕病的骨折あり）。
3. 中心治療: 実際の手術・麻酔・モニタリング・リハビリは前腕骨折に対して行われている。
・骨粗鬆症既往があり、高齢女性の橈骨遠位端骨折であることから、骨粗鬆症関連病的骨折の可能性が臨床的には高い。
・M8003 は「前腕病的骨折あり」の亜型であり、今回の骨折部位と一致し、骨粗鬆症を主たる基礎病態として位置づけた場合の代替候補となる。
・ただしカルテ上は「骨粗鬆症」は背景疾患としてしか扱われておらず、入院中の評価・治療の中心は急性外傷骨折であるため、最資源投入病名としての優先度はS5250より劣る。
・DPC6「骨粗鬆症(070370)」はK142系椎体形成術等と結びつくことが多く、本症例EFにはそのようなKコードはなく、DPC上は主に理論的代替候補の位置づけ。",x,,分岐なし（xのみ）,,x,,分岐なし（xのみ）,,97,その他の手術（1件のKコードが他パターンに非該当）,K046(骨折観血的手術（前腕骨骨折観血的手術）),x,処置等1の分岐なし,x,処置等2の分岐なし,x,副傷病の分岐なし,,x,重症度の分岐なし (全 x),,070370xx97xxxx,"入院期間I:10日/2792点
入院期間II:20日/1981点
入院期間III:60日/1684点","入院日数6日
入院期間I:2792×6日=16752
合計:16752",16752,rejected,上位候補に劣る,,,,,,,,,,,
7014412,2026-07-23,2026-07-28,ok,37.3,I10,本態性高血圧症,本態性高血圧症,0.35,050140,高血圧性疾患,"1. 入院目的: 骨折手術目的入院であり、高血圧は既往歴として記載のみ。
2. 主病名候補: 既往歴「高血圧」→ 特記合併症記載もなく本態性高血圧症 I10 と判断。
3. 中心治療: 周術期のバイタル管理程度であり、高血圧そのものに対する特別な検査・手術・処置は記載なし。
・高血圧は全身麻酔手術におけるリスク因子であり、モニタリングや薬物調整など一定の医療資源を要する可能性があるが、本症例の資源投入の主因とは言い難い。
・ICD-10 I10 は「高血圧性疾患」に対応し、DPC6 050140が割り当てられるが、関連Kコードはなく、本入院のEFにも高血圧特異的手技は見られない。
・したがって、今回入院の最資源投入病名としては補助的候補にとどまるが、周術期管理対象疾患として存在しているため、低い優先度で候補に含めておく。",x,,分岐なし（xのみ）,,x,,分岐なし（xのみ）,,97,その他の手術（1件のKコードが他パターンに非該当）,K046(骨折観血的手術（前腕骨骨折観血的手術）),x,処置等1の分岐なし,0,トリガーにマッチする処置コードなし,x,副傷病の分岐なし,,x,重症度の分岐なし (全 x),,050140xx97x0xx,"入院期間I:7日/3171点
入院期間II:15日/2216点
入院期間III:60日/1884点","入院日数6日
入院期間I:3171×6日=19026
合計:19026",19026,rejected,上位候補に劣る,,,,,,,,,,,
7014412,2026-07-23,2026-07-28,ok,37.3,E785,脂質異常症,脂質異常症,0.25,100300,代謝性疾患（糖尿病を除く。）,"1. 入院目的: 橈骨遠位端骨折の手術目的であり、脂質異常症は既往歴のみ。
2. 主病名候補: 既往歴「脂質異常症」→ 特記合併症なしの脂質異常症 E785。
3. 中心治療: 周術期内服継続や一般的な管理程度が想定されるが、特別な検査・処置の記載はない。
・脂質異常症は長期的に心血管リスクを規定しうるが、本入院中の資源投入の中心とはなっておらず、診療資源の多くは骨折および手術に関連している。
・DPC6 100300（代謝性疾患）の関連KコードはEF上にみられず、今回入院におけるこのコードを主病名とする根拠は弱い。
・それでも慢性基礎疾患として周術期の評価・薬剤調整など一定の医療資源消費に関与しうるため、補助的候補として低い優先度で保持する。",x,,分岐なし（xのみ）,,x,,分岐なし（xのみ）,,xx,パターン xx,,x,処置等1の分岐なし,0,トリガーにマッチする処置コードなし,x,副傷病の分岐なし,,x,重症度の分岐なし (全 x),,100300xxxxx0xx,,6日 包括対象外,,rejected,包括対象外,,,,,,,,,,,
